batch,fid,src,win,phi_pore,phi_bright,bright_in_solid,bright_n_per_1000um2,bright_ecd_d10,bright_ecd_d50,bright_ecd_d90,bright_ecd_areaw,bright_aspect,bright_solidity,pore_n_per_1000um2,pore_ecd_areaw,pore_largest_frac,pore_aspect,pore_horiz_frac,pore_chord_x,pore_chord_y,pore_chord_ratio,solid_chord_x,solid_chord_y,solid_chord_ratio,phi_pore_macro,pore_macro_chord_x,pore_macro_chord_y,solid_macro_chord_x,solid_macro_chord_y,interface_density_macro,interface_density,pore_corr_x,pore_corr_y,pore_cv_4um,pore_cv_16um,pore_cv_slope,bright_cv_4um,bright_cv_16um,bright_cv_slope,orient_order,orient_angle_deg,crack_len_density,pore_profile_cv,pore_profile_slope,acq_contrast_mb,acq_matrix_level,acq_bright_level,acq_floor,acq_clip0,acq_comb,acq_noise_rel,acq_sharp_rel,acq_peak_ok
Batch_1,4ih2ggld,S2316,all,0.08555656180253475,0.16066809438266746,0.17570041805906944,104.12181856872088,0.3816107610236958,0.5520699200145771,1.4367461891029616,4.881677285947914,2.4114333269108816,0.667277071568585,66.70922596513105,3.630455602270008,0.06077161118662695,3.1308500871614275,0.5221918157895725,0.5682363255605233,0.5117527143475858,1.1103728610114874,5.638425774877652,4.681248351793249,1.204470549552821,0.07804657768804034,0.7903293094265933,0.6932359595421879,8.01788928352071,6.138169371328002,0.23626931254700467,0.34495043673068,1.075,0.7000000000000001,1.4005573,0.42678654,-0.6121331841865897,1.2676585,0.5001913,-0.44464640489261237,0.23753703,-87.87962,0.021319239277283727,0.2956200292736661,-0.023671270659261348,34.0,55.0,89.0,0.0,0.03794619217997634,0.1452991452991453,0.3205617070198059,0.580173909664154,True
Batch_1,4ih2ggld,S2316,w0,0.0716379391402032,0.18024778419466425,0.1941567754586275,122.33323930697625,0.37530271067010346,0.5592311357351041,1.4171590182004237,4.610357403046518,2.5380510609346474,0.6702576794293201,72.44978250218982,2.5113352071448967,0.10704996908665752,2.844766529037138,0.4971603654866773,0.46156682027649776,0.4229192255951336,1.0913829221808942,3.933255074219934,4.638743345020128,0.8479139244559493,0.06323990082693706,0.6616143209347197,0.5896525470653378,4.219555511128882,6.26389836101639,0.22629398513060375,0.3508952110472142,0.75,0.55,1.2209171,0.19414197,-0.864829997526499,1.1857629,0.18838432,-0.7074241919915925,0.13817294,-80.57545,0.02617891731124209,0.4842241514604448,-0.04150928196216563,,,,,,,,,
Batch_1,4ih2ggld,S2316,w1,0.07478930672882304,0.1675423489763499,0.18108561670854323,93.82840684709828,0.38658013360161014,0.554945776524894,1.4218795872414423,5.435549967359168,2.3223088754863914,0.6632443531827515,70.47028024803161,3.055601031887561,0.1812310797174571,3.2001611691339966,0.3568071380117121,0.5096233414181766,0.4727258390108504,1.0780526456614512,4.542635674874414,4.930065656212894,0.9214148434615189,0.06670229770724151,0.7405041476808039,0.6679924053162787,4.8620305164319255,6.504934132447188,0.21094912144856565,0.3266186106019229,0.9500000000000001,0.625,1.4379259,0.39215773,-0.6516800637560579,1.3060795,0.57357186,-0.3820409489902071,0.16876632,79.49343,0.022140732712759376,0.5461619679245523,-0.008695381515305828,,,,,,,,,
Batch_1,4ih2ggld,S2316,w2,0.09969639384176848,0.1323455617085084,0.14700103476565238,95.80790910125647,0.38586183248584266,0.5602477283043364,1.4583414542611177,4.743983053764471,2.223983079257441,0.6813068797576611,66.51127573971524,3.9380202870178755,0.14403534244195423,3.020167282570028,0.6759171531322268,0.6382873331479422,0.5921488721804513,1.0779169954298766,3.9895654400756437,4.7225186591593555,0.8447961200402788,0.09304897783452351,0.8515250599041534,0.7584800396727003,4.3300747798818,6.156052680739773,0.2549470588550174,0.3472727660239976,1.4500000000000002,0.775,1.4933287,0.34552348,-0.6561682605990943,1.4357529,0.5226805,-0.45085985483435764,0.19762078,-83.9145,0.014232621207397402,0.542650529606896,-0.02695010969395454,,,,,,,,,
Batch_1,4ih2ggld,S2316,w3,0.0961026074993443,0.16253668265114737,0.17981762531860546,108.08082307703727,0.3867888913947525,0.5506270667067328,1.4647213499088314,4.394984793485558,2.332642712890023,0.6633986928104575,64.1358730347254,3.9517620418543777,0.12297401330102913,3.1624614572155862,0.3256417552434721,0.5790829583623804,0.5578185217141214,1.0381207073994523,4.001813627966462,4.455595063460679,0.8981546956060762,0.08879601724146463,0.7855304940693004,0.7495066064559291,3.9935300951537944,5.817781036168133,0.2587560675704169,0.3658280799090153,1.05,0.8250000000000001,1.2096066,0.4036664,-0.6419458220696084,1.1463479,0.59862703,-0.384719542499805,0.10057061,-79.935616,0.02158647208159508,0.3892138342336736,-0.017530309465619412,,,,,,,,,
Batch_1,5n1q8atc,S2316,all,0.05345990687819383,0.18830309397052628,0.19893831792109237,96.14871000480741,0.37741710886928054,0.5326289013464616,1.556125846979083,6.132511790195526,2.329228411475941,0.670180067583206,59.548892410384845,2.5242222138833292,0.040011055716881135,2.9025286296015063,0.3065964290249288,0.43487811589181263,0.4117839909720601,1.0560831052835162,7.0037162449500325,5.842770059853788,1.19869790753417,0.046194101197506464,0.6488084746360208,0.6055736182071527,10.868192193563115,7.7687513039849785,0.16354401363628915,0.2703585336644083,0.7250000000000001,0.55,1.4870507,0.5142788,-0.619272188323471,1.2474358,0.49482876,-0.41698413811106627,0.16336204,-89.342964,0.019528970239402373,0.298945335930969,0.004887817340351051,35.0,54.0,89.0,4.987517240806483e-05,0.022430804088100706,0.14166666666666666,0.31081777811050415,0.5575814843177795,True
Batch_1,5n1q8atc,S2316,w0,0.06509327018381023,0.15847473722320152,0.16950860676161666,89.42225704150813,0.3789948028596769,0.537092354396763,1.3956962415737728,5.069011184421407,2.2713398763626507,0.6708203933747412,65.2861611143754,2.854763591152766,0.13144137983435908,3.185926800473268,0.22894608177103795,0.44679281590763315,0.44973153894428564,0.9934656060734568,4.618361348016891,5.549945201189917,0.8321453961431379,0.05762542361815905,0.6295907899236294,0.638186197624916,5.2100647482014395,8.22061105062602,0.20033233664479183,0.3100932631986435,0.675,0.5750000000000001,1.3582476,0.3779859,-0.6795724250513018,1.3747122,0.6244438,-0.3693448094606225,0.010471912,60.011745,0.017261265324937138,0.4109217692612142,0.029813123665125757,,,,,,,,,
Batch_1,5n1q8atc,S2316,w1,0.06004051698726128,0.15791213867571968,0.16799887817460277,96.94005741225439,0.37720478808641467,0.5155470443746771,2.101029443512696,3.759649672597342,2.375895084825636,0.6809338521400778,60.53807666969356,2.5831400297389324,0.11893091915580671,2.7308282576723246,0.2960533207626231,0.46619049543360547,0.44266857857195385,1.0531366308797727,4.9889717236054825,5.521290025917565,0.9035880564481635,0.052522716616515024,0.7117054483541431,0.6545485636114912,5.413897947439095,7.697032388036573,0.16920181337884593,0.27963864597815236,0.8500000000000001,0.65,1.5464263,0.6100418,-0.5433864962760425,1.2825303,0.5509651,-0.42919533950362765,0.11842708,77.84374,0.015826948148939493,0.6429520887722096,-0.0519077798357441,,,,,,,,,
Batch_1,5n1q8atc,S2316,w2,0.04580788656826262,0.25915638409629116,0.27159770076514167,93.77466778246648,0.3763613946086751,0.5359801043703686,1.9925089254338164,7.862233296893612,2.178503151080993,0.6810344827586207,62.12077148458751,2.0759241739526466,0.09639107080195428,2.4557866929071324,0.3925925064944877,0.3979699084169211,0.38587469941600827,1.0313449133079158,4.903351040995922,6.175129521016618,0.7940482906970149,0.038213671713484755,0.6228576110109783,0.5882553759221473,3.2303313609467454,8.64161840744571,0.1404175386844787,0.2501629271683199,0.7250000000000001,0.5750000000000001,1.4964553,0.2859127,-0.8242063066327978,1.1125212,0.25080186,-0.5580082016660848,0.025736872,-50.657234,0.020664059176959126,0.49420058485378404,0.004509916385380964,,,,,,,,,
Batch_1,5n1q8atc,S2316,w3,0.042897953773441196,0.17766911588689271,0.1856323644770853,109.60161593140597,0.387393814883516,0.5462742152960396,1.257583605224748,6.021965312125339,2.423282776459533,0.6666666666666666,52.62460259522381,2.142211031424876,0.11596951599142205,2.9831163644916723,0.28924077495381234,0.38304155533032347,0.3556954791737217,1.0768805839762894,5.198089261593877,6.248678723816912,0.8318701426881332,0.03624371126107145,0.5701037242731134,0.5248810232004759,5.9993190661478595,6.429583174360931,0.14592578450318486,0.24582780563540307,0.5750000000000001,0.45,1.4617499,0.5365225,-0.6125937053554795,1.2971696,0.6752912,-0.32521267430319956,0.084062345,-69.37015,0.02378988143637468,0.595158298123283,0.037136009146641585,,,,,,,,,
Batch_1,f1vzngrs,S2148,all,0.04911545623836126,0.0789553429920158,0.08303357490665848,23.67742389628008,0.4090851509644236,0.9033642245542494,3.8630500444058438,3.953417926194219,2.1974644691241556,0.8301201432954135,99.40251833933799,1.6946956413702439,0.03665928350786904,3.6740638781506973,0.505229959814259,0.36939356036152354,0.32180331218792757,1.1478861353229457,6.714681932508907,5.414482731289754,1.240133594610143,0.03855300543300889,0.5610350418001407,0.4641183582772368,12.031482538474547,8.32526749477309,0.16779515146677515,0.30555366196646194,0.5,0.325,1.1748135,0.32278565,-0.7426837913001115,1.9941598,0.6279106,-0.5215433565394518,0.28097725,82.42406,0.0,0.1601703371127603,0.01137047648864893,65.0,49.0,114.0,0.010849637910723686,0.020521700572311067,0.07575757575757576,0.1649172604084015,0.23436877131462097,True
Batch_1,f1vzngrs,S2148,w0,0.043884292055691006,0.08983209293495534,0.09395525268390194,27.730316274922615,0.43188225090971394,0.9018213565887566,3.9286103002940798,3.8033471735800495,2.411568679132552,0.778318276580959,110.49464484930704,1.3725145360997388,0.06458100422884364,3.19691996088235,0.459870372109875,0.3168980563268544,0.2919120777746239,1.085594192411324,4.862006928406467,5.332557668959937,0.9117589026195668,0.031024624520852133,0.5235167910447761,0.44966378110990884,7.1767767170511805,9.223576116874867,0.14329130039266927,0.3068708931711122,0.4,0.30000000000000004,1.078326,0.21829998,-0.8666745458535329,1.783587,0.39735517,-0.630039110585942,0.12830578,86.30424,0.0,0.30275283026748134,0.005020852060670846,,,,,,,,,
Batch_1,f1vzngrs,S2148,w1,0.044662607374984266,0.0857024089112438,0.08970904894212936,23.89073402147179,0.40038341662778354,0.8005753470224508,3.876098675253041,4.453679740719324,1.9918657736549408,0.8487912949119846,98.1226575881877,1.535448585563819,0.07846426631164816,4.414631434095275,0.3581197291612054,0.3370366360644379,0.30606060606060603,1.1012088109036091,5.139508264038599,5.931399516545804,0.8664916685685726,0.03452717677650005,0.4977115643964936,0.44129714048901786,6.64987597448618,9.893109369496303,0.15942476494056362,0.2915332121808762,0.42500000000000004,0.30000000000000004,1.1001756,0.36981317,-0.6961341071043295,2.0632772,0.7858102,-0.4424805370794054,0.19224797,79.186134,0.0,0.32595773098448794,0.0031878941058478506,,,,,,,,,
Batch_1,f1vzngrs,S2148,w2,0.05301236558795736,0.07264063003278577,0.07670705233430661,25.59721502300549,0.4211511215564696,0.9146770293315061,3.157099425911528,3.477456074961015,2.13545289293803,0.8464411986335059,102.38886009202196,1.5469559469600316,0.06159905038779184,3.5293932084274044,0.5060701366451628,0.35769920245847664,0.3167859509609013,1.1291510920022618,4.6614986748739,5.141907661085743,0.906569892367456,0.04260843086938808,0.5221548507462688,0.43836633663366337,5.594131311360449,7.717709182287423,0.19614808195923905,0.334798707710406,0.45,0.325,1.1139526,0.23709503,-0.808685719406985,1.8977064,0.7163364,-0.5036216399829669,0.19094305,69.64799,0.0,0.3189761253450288,0.028126917249900362,,,,,,,,,
Batch_1,f1vzngrs,S2148,w3,0.054902559934812425,0.06764624008907831,0.07157594256568132,19.624531517637543,0.3932751340081748,1.0712870121404305,3.552471808194344,3.852921776666645,2.2321841064352554,0.8597917415647254,91.29673358205291,2.121143733552585,0.1311805815246689,3.461078479012306,0.5773539284001754,0.44576155137379625,0.37413932915591597,1.191431952314302,5.456203644840008,5.298510310115279,1.0297618246441231,0.04576622063519489,0.658355520751762,0.5272064276885043,6.887948008849558,7.11542152948403,0.1737739989854977,0.2945655663690058,0.7000000000000001,0.4,1.3575431,0.39812616,-0.6854840943483488,2.1938176,0.73976904,-0.5319567254674114,0.21552154,83.35293,0.0,0.3121630766505741,0.009146242538176613,,,,,,,,,
Batch_1,ffwubibz,S2080,all,0.06497020662613447,0.04789746067935501,0.05122559839139107,14.979293329808788,0.4198314968657427,1.127066578726319,3.584472416375146,3.491476668058396,1.8295945777080382,0.8715405942704629,75.2268922372015,2.346091345159431,0.030908959911168002,3.40289552221962,0.4508100058581025,0.4991596593819361,0.40944339689141085,1.219117619606695,6.825199196555397,5.240160243086486,1.3024790998634257,0.057563579390254645,0.6601345749091141,0.5381589963632558,9.98753638148098,6.904296236964443,0.21503466765501109,0.3132916180355503,0.7250000000000001,0.45,1.2341785,0.37308067,-0.6807612443764753,2.4194503,0.9091301,-0.5078462261183274,0.31291696,-86.37363,0.0,0.19645670107985724,0.005182424963352833,58.0,58.0,116.0,0.038230784237384796,0.018324026345933563,0.10852713178294573,0.17737585306167603,0.25713494420051575,True
Batch_1,ffwubibz,S2080,w0,0.07583955634857696,0.04976897744294651,0.05385317861723856,11.454753722794957,0.44146465476711555,1.2985120438193405,3.9769656826650968,3.710238295761769,2.016288981607822,0.8834359276106849,79.30214115781125,2.589002817361338,0.08412453480983932,3.09350419334105,0.4305505792428042,0.5203873832491197,0.4456551516771349,1.1676907162202543,4.498954508820632,4.690746049246601,0.9591127853837295,0.06853329588510002,0.6665798045602607,0.5645023474178404,5.030243130387931,6.189564840874648,0.2485554391234787,0.34339110818381685,0.8,0.525,1.1174647,0.34717882,-0.6863117221595297,2.3802052,0.93376917,-0.4929157737113356,0.16322812,-85.90233,0.0,0.5243861196027466,0.05324072405257973,,,,,,,,,
Batch_1,ffwubibz,S2080,w1,0.06160977839457221,0.04645095382853115,0.04950067973754179,13.217023526301872,0.4930539765688385,1.3907331278402288,3.1329228755119116,3.6152534434638253,2.2151207256154706,0.8563046416912555,67.40681998413956,2.493869746618306,0.13037940173499535,3.384232208565646,0.4152521913534393,0.5090739051094891,0.40492066973751556,1.2572188657089043,5.124229528259902,5.4651158940397355,0.9376250435692307,0.05479888095867477,0.6816627763284361,0.5352057993049523,4.969731232622799,6.615528155083739,0.20294123836135486,0.2973789834249061,0.7250000000000001,0.45,1.2642349,0.3946592,-0.6782254590795272,2.5170147,1.1524321,-0.4085418892169346,0.23639941,-84.211716,0.0,0.407262911584877,-0.040837448633840326,,,,,,,,,
Batch_1,ffwubibz,S2080,w2,0.058461097894087585,0.052202011190413254,0.05544328659565159,17.182130584192436,0.42200618396205586,1.2221575761404246,3.6776699639491666,3.2330661080519816,1.728412977593545,0.8714234345302306,81.06441096131816,2.1402928837353214,0.09545386035645655,3.5675266314078593,0.5896126535154673,0.45010954549359916,0.3731760563380282,1.2061586960067008,4.7205179180006205,5.299648337595908,0.8907228588193458,0.0492862807295797,0.6441399970773053,0.5343585762064023,4.5638320079522865,7.614831654892529,0.186470645103042,0.30901393507009034,0.7000000000000001,0.42500000000000004,1.2256831,0.13852632,-0.9936688785142482,2.5515792,1.0490774,-0.45975424772994505,0.21111245,-84.789474,0.0,0.5364538900317454,-0.01774355369716192,,,,,,,,,
Batch_1,ffwubibz,S2080,w3,0.06397039386730108,0.04316790025552912,0.04611809281747153,18.503832936822622,0.41100980115692753,0.8758058028816429,2.4137489825223017,3.399843588002578,1.7477050851735858,0.873818294221554,74.45589919816723,2.065574941016187,0.06566804407713499,3.576267120335556,0.3841291825086672,0.5042542587894165,0.41195425447745093,1.2240540140289238,5.605190839694656,5.565890827922077,1.0070608664430545,0.05746624151907657,0.6341702778485854,0.518909641595154,6.6827212648485865,7.40148016399373,0.2214966073419647,0.3052250065789448,0.675,0.42500000000000004,1.15666,0.19168961,-0.877568718079377,2.2975702,0.9166574,-0.5692087889316219,0.2368871,-85.43391,0.0,0.3735746841676411,0.026069978131833847,,,,,,,,,
Batch_1,fzrt2k6r,S2156,all,0.0720015747629886,0.06625135214973212,0.07139166441237385,21.039343572480533,0.39159362946708837,0.8500352557422017,3.1950324499174085,3.90563743458017,1.933964491461655,0.8333333333333334,78.31311218645531,2.5258168075074785,0.031003611999660563,3.40731192434392,0.4177762742273292,0.5065524478156939,0.4233730290522055,1.1964683932505102,6.217898381119563,4.715612591431559,1.3185770163600192,0.06460579389519007,0.6573301922762679,0.5382517975942478,8.658151627452671,6.04327217720993,0.2434386796299064,0.3407774309000891,0.7250000000000001,0.47500000000000003,1.1660545,0.3720746,-0.6699925764900981,2.0894399,0.66670865,-0.5459297956024958,0.2978756,-89.158195,0.0003294038640135841,0.29228696045845776,-0.010332169863207518,55.0,61.0,116.0,0.16775363683700562,0.017280354034772297,0.12121212121212122,0.19259653985500336,0.2990802526473999,True
Batch_1,fzrt2k6r,S2156,w0,0.06396518307416688,0.08043218849551692,0.08592862897950299,25.927271877198233,0.3867888913947525,0.7792150588223901,3.343269605243318,3.728792958619348,1.833788843008358,0.7966101694915254,89.68285846047259,2.1069845852842035,0.10624654780741645,3.685352036348076,0.48578091570389376,0.4731474007103649,0.3938169377231258,1.2014399468085157,5.382008575197889,5.07337426686217,1.0608341297332684,0.055749478798079684,0.6318913231835624,0.523424919484702,6.637873310279787,6.958136820684701,0.2177113220204276,0.3241759724215697,0.675,0.42500000000000004,1.2228973,0.20260906,-0.8723055115171909,1.9236883,0.4461372,-0.6323912356100335,0.22943676,87.11315,0.0005525484170550443,0.5645343594684162,-0.008965845890644036,,,,,,,,,
Batch_1,fzrt2k6r,S2156,w1,0.07637653624398838,0.033623368122631746,0.0364037613183827,18.701638731093805,0.40223768380074526,0.7507581421007503,2.6262569686374793,2.7473244767137674,2.1699697553119996,0.8273130544993663,65.88077280271683,2.9302537352528,0.11691071614900352,3.359704023609471,0.47884483365761166,0.5503209984847277,0.4729935927075765,1.1634851020592114,4.33301777613184,4.4534028033935815,0.9729678556877887,0.07018958786263646,0.6824671831289004,0.575275277462204,4.580858747993579,5.108006419400857,0.24969995610270224,0.3278313394260144,0.8500000000000001,0.55,1.2468019,0.3493732,-0.6871402184830977,2.6045663,0.67069554,-0.6653786044349193,0.20609179,87.93943,0.00027627420852752215,0.41254992441538285,0.0014166801879580955,,,,,,,,,
Batch_1,fzrt2k6r,S2156,w2,0.06682754326347846,0.07019011915919132,0.07521666402870407,19.976750462759295,0.39571817204979404,1.1159692781139101,3.5057372040969805,3.4530562517220527,1.9694449759394559,0.8543689320388349,82.88226255825664,1.9740192875948908,0.06598320904421937,3.428381471529854,0.4966488981610008,0.45091406613879836,0.3924255914525566,1.1490434771844202,4.7013858842617635,4.991710160055671,0.9418387152929829,0.059213797984048355,0.5869498847926268,0.4893183651519226,4.859924514737599,6.852266201804758,0.24444223643877502,0.34197710899800904,0.65,0.4,1.030615,0.25478518,-0.7802855621368036,1.5730386,0.45902434,-0.7170390368724637,0.23778607,-86.6066,0.0,0.3209792431485204,-0.00545920727292097,,,,,,,,,
Batch_1,fzrt2k6r,S2156,w3,0.08083703647032071,0.08075973282158849,0.08786225732101183,20.826824950536285,0.4008867873704847,0.7963871220839793,3.337187399740185,4.782267775674768,2.039761365777518,0.8676971443542049,82.03218807047966,2.506744217956211,0.08874108202076236,3.400477863723747,0.261032026653145,0.48366476307022915,0.43395632757220737,1.1145470922756637,4.712774735867972,4.38176600441501,1.0755423112780194,0.07282216229197083,0.6355293354619836,0.5644501171744225,5.848622855762263,5.513378559785214,0.2664328575728198,0.37809680853051225,0.675,0.5,1.1400111,0.33167145,-0.7049222055851055,2.1978643,0.47969896,-0.6143717189693524,0.17216475,-83.9307,0.00048879283047177,0.38112339338823176,-0.028320306477223237,,,,,,,,,
Batch_1,iv6g2oq0,S1780,all,0.08661992569771657,0.05961811668306322,0.0652719698627152,19.158080049707447,0.3905762342877878,0.7935201931718672,3.4026359934830497,3.9616942016120107,2.0920365499094085,0.8428172186978652,81.68073318490136,2.9228744474055084,0.04488581702703965,3.9521562949200413,0.49071038982895265,0.5854959930930665,0.4675134198977186,1.2523618963091152,5.850625813671973,4.506437526201267,1.2982817979069599,0.07887902578574017,0.7547420821574161,0.5901457971670818,8.076753204074926,5.793207456421618,0.2645528699431302,0.3632868090493581,0.875,0.5,1.1115193,0.3004045,-0.7091374616616565,2.289211,0.6838764,-0.5700515490662955,0.34144795,85.65495,0.00017798891938072798,0.32491180858430246,-0.02882034828165668,61.0,58.0,119.0,0.0,0.03519180733184901,0.0661764705882353,0.1743181347846985,0.2647916376590729,True
Batch_1,iv6g2oq0,S1780,w0,0.086127220007249,0.03694791073370269,0.04043003746538524,15.533578418681714,0.39882863688857545,0.8302876130917767,3.1305044059799174,2.990938876229587,2.283919728006458,0.844279792746114,89.57696888106454,2.741001990501493,0.18057037649357482,4.083312408655887,0.3877931037152602,0.5628985318391104,0.4447518184267242,1.2656463864056167,4.478231768231769,4.231703387290168,1.0582574812974943,0.07736660539532957,0.7514576599870718,0.5776061869666409,5.358801122694467,5.723117033603708,0.26359211648119973,0.3793197001548023,0.8250000000000001,0.45,1.1412002,0.24679022,-0.7607200418527212,2.711183,0.43035913,-0.7693266900377047,0.3230049,83.878586,0.0004530627038782166,0.37955564479695625,-0.06601841435114351,,,,,,,,,
Batch_1,iv6g2oq0,S1780,w1,0.08509423704240666,0.042094379433542176,0.046009524847088853,22.78258168073318,0.4003781006667699,0.6564018701428682,2.191903491961917,2.92204898304145,1.990493012769446,0.8577005468571077,83.36353751359187,2.6094080847204015,0.10237385338546025,3.5894816294009004,0.31059400973097856,0.5497212956460675,0.48062588165416886,1.1437613258655426,4.429227199354318,4.496005646902509,0.9851471611041687,0.07737696111427536,0.6916970913958868,0.6026333299211792,4.859999999999999,5.525919095416617,0.26486295439380625,0.36048079893832286,0.75,0.525,1.0295115,0.13312419,-0.9790561963014731,2.3824303,0.77612114,-0.596779776996114,0.22343014,78.9847,0.0,0.4696618008091206,-0.013453138018197773,,,,,,,,,
Batch_1,iv6g2oq0,S1780,w2,0.08712298710712992,0.05950752084088438,0.06518678858207577,19.158080049707447,0.38697845239082146,0.8938444016277748,3.2134962608278137,3.3554462420971363,1.873942959643308,0.8435291742378357,78.70346398798735,2.780658377703066,0.10770865138531373,3.97119125873792,0.6316113605346493,0.560895225464191,0.4533516365970192,1.2372189271763157,4.448260296206127,4.443534449502354,1.0010635332655746,0.07961509087143374,0.720004995004995,0.5544585529468137,4.997683851402579,5.596996248660236,0.2800520091252797,0.3734840124601131,0.8500000000000001,0.45,1.065008,0.35243273,-0.6703283597172088,2.0617793,0.40950373,-0.7685321108426703,0.2832022,87.09732,0.00025889297364469524,0.4587508846631193,-0.04998546668988853,,,,,,,,,
Batch_1,iv6g2oq0,S1780,w3,0.08813525863408067,0.09992265572412365,0.10958056737060086,20.711437891575617,0.4034821759594616,0.6693955381531138,5.372832196568553,5.047181337913537,2.1539560601929892,0.8151948974549048,82.32796561901309,3.1043437199818293,0.13284253428555692,3.811866787463564,0.5370050862110909,0.6169866920152092,0.49562958912669897,1.2448544347449915,4.57698991338669,4.898652732845224,0.9343364722912892,0.080792406669083,0.7911539485950194,0.6362205156335711,5.381262483355526,6.406111041326467,0.25325257922423283,0.34719291772410876,0.9500000000000001,0.55,1.2736802,0.42622954,-0.593955189832705,1.9272636,0.43203405,-0.6054069255130801,0.21502826,88.13468,0.0,0.4059498431279394,0.014175625932603117,,,,,,,,,
Batch_1,uhdslk0o,S1880,all,0.07153775499012942,0.06506284882162268,0.07007592303436204,18.644439570081158,0.38984171172544313,0.7018436783710573,3.892073458036304,4.659788297287925,2.2730740878936286,0.8417508417508418,84.69206209938827,2.3555414127938366,0.03847501024715608,3.5708676958652097,0.4347042745583841,0.4787312515367593,0.4105491762796769,1.1660752942556993,5.759238761302374,4.563633701306437,1.2619853253458246,0.06404311678974434,0.6094639109141792,0.5148163698782385,7.533732545649839,5.8174912440768765,0.2540781530215314,0.3516523563779812,0.675,0.45,1.1439369,0.30488503,-0.7128953341778043,2.4199533,0.9817023,-0.4291298683956731,0.2758741,-89.808,6.702249518656625e-05,0.13521910281977306,-0.013575170990448403,58.0,59.0,117.0,0.002306964248418808,0.023181253198800905,0.11940298507462686,0.1839294135570526,0.29400530457496643,True
Batch_1,uhdslk0o,S1880,w0,0.07217165070312691,0.047953681362871974,0.05168378547520372,30.22105237503351,0.3786795585104814,0.545180450000079,1.7919994205391634,3.208989686842618,2.4402994086521117,0.8088953754202843,85.78879383880479,2.4539078813622313,0.14476028062236704,3.55768991633988,0.3173014051572954,0.49042502387774595,0.4462470606083592,1.0989988891112468,4.0742529081428005,4.7793779301962145,0.8524651047998488,0.06459719480392874,0.6397221515768058,0.5631781701444623,4.456977652758244,6.311466753585398,0.23697275871561524,0.3325658085561469,0.7000000000000001,0.5,1.1346338,0.12271538,-0.9990700237615588,2.053096,0.8492282,-0.5066907714274211,0.16596206,-88.14141,0.0,0.49429777644757655,-0.04208658198568258,,,,,,,,,
Batch_1,uhdslk0o,S1880,w1,0.07076204577027126,0.08503570471107212,0.0915112262946261,16.0853988447759,0.3805655711778546,0.7574652268231743,4.982584439903751,5.5191479586142576,2.2730740878936286,0.8683544303797468,80.91443055250907,2.3627298863587254,0.1059821332472285,3.2325377110692224,0.3967922759986561,0.45470883534136547,0.4111154584904319,1.1060368223831898,3.715669469598965,4.3378017865765335,0.8565788969650996,0.0635705320367527,0.5640066592674805,0.5105130093274424,4.196965180869801,5.154884922498826,0.2640963773828226,0.35771784449736815,0.65,0.42500000000000004,1.1028471,0.70792073,-0.4574288434353397,2.255207,0.9566907,-0.38668211177121026,0.14575559,89.793495,0.000268089980746265,0.2939912587042425,0.033956974881519754,,,,,,,,,
Batch_1,uhdslk0o,S1880,w2,0.08194749092149838,0.04073353074504643,0.04436949993844345,15.597962516146326,0.3984405027017201,0.8206322160096903,3.3779389023974415,3.502927807112338,2.691537772807304,0.8330162511248742,86.76366649606395,2.5703426238026106,0.13435021989583293,3.665294979010994,0.5159557916815527,0.48685432171542264,0.4196297227635632,1.1601998030767153,4.3782516572963,4.104834437086093,1.0666085866314008,0.07415429796982768,0.6130126102111955,0.5234531844929041,4.854899466302594,5.308423528221727,0.2898035191400981,0.3949290757528735,0.7000000000000001,0.45,1.1580479,0.47969803,-0.5487932809419639,3.2208986,0.55937576,-0.7239122590207018,0.19942625,86.15323,0.0,0.42463135043650596,-0.01766485872101135,,,,,,,,,
Batch_1,uhdslk0o,S1880,w3,0.061269832565621116,0.08652847846750018,0.09217609220335286,13.648217201628036,0.45564211192034637,1.2025495017191687,4.527343672289118,4.645908858331795,1.8010166868851014,0.8740586302898008,91.1505934537301,1.752836184674299,0.06823888582268033,3.7969112479075684,0.4685529882535175,0.44808134719793874,0.3645604192810217,1.2291003726669925,4.980820393093713,5.135192928707461,0.9699383182371292,0.05338494065462699,0.5845537441282123,0.46656165127648014,4.8836830553116775,6.827968080965357,0.22608119977303165,0.32778998438009316,0.6000000000000001,0.375,1.0757394,0.237968,-0.8294967122512178,2.1528866,0.72925633,-0.48429604624575456,0.25096208,-86.8034,0.0,0.34307152017664977,-0.028506218136619493,,,,,,,,,
Batch_2,3806gxp0,S2048,all,0.08636013175204038,0.05935043212610968,0.06496042279757665,17.78618986254295,0.3892360061911269,0.7361539113717346,4.035980498548406,4.144533721857752,1.9829691832990772,0.8631813125695217,87.02928121420388,2.6141219486959697,0.030816957827253088,3.3297740938741267,0.3696193300880641,0.48525169884842634,0.4462351296132613,1.0874350015181,4.882095066987513,4.056006157694712,1.2036705264181156,0.078255180367626,0.6063132085362923,0.548681986991806,6.559712123966192,5.265680399500624,0.29974344808414305,0.4034518828802432,0.65,0.47500000000000003,1.0532495,0.37295842,-0.6396538952728851,2.4194746,0.87148553,-0.4942373872905896,0.21575968,-86.40418,5.593141466208475e-05,0.2226624409720697,-0.02849349576314546,61.0,51.0,112.0,0.0021447679027915,0.027658713778815864,0.203125,0.17059072852134705,0.222782164812088,True
Batch_2,3806gxp0,S2048,w0,0.07680306101446163,0.06924924380727376,0.07501026149780003,19.240406643757154,0.4266978328110244,0.844872724004717,4.281725220340027,4.004871912872898,1.947756097173155,0.8834688346883469,89.93771477663228,1.9677717621026012,0.06245061591287281,3.5350656526524,0.37504972342517473,0.44592229435780734,0.3963337182448037,1.1251182370569195,3.9364350453172205,4.025516422889402,0.977870819985814,0.06895979873639747,0.54316695431011,0.4812973373936129,4.75505849220104,5.172632173520109,0.29638511958374625,0.39616415628487583,0.525,0.4,0.8930665,0.20652004,-0.8460649704908577,2.153404,0.76947284,-0.5190634269079377,0.18327646,88.53823,0.0,0.26590005963982793,-0.008221289796006132,,,,,,,,,
Batch_2,3806gxp0,S2048,w1,0.079614173915378,0.06984519303049828,0.07588686293401979,20.13530927835051,0.39993839251484076,0.6699380116989518,3.735691961084126,4.121112274572587,1.9829691832990772,0.8607359105728924,89.93771477663228,2.7297513340446518,0.122521383283278,3.2253819604565086,0.4702807678701638,0.4714381388790977,0.4322948374528187,1.090547695773839,4.2039462098775315,4.602449816899498,0.9134148936162819,0.0701379939862543,0.6220880229348058,0.5585505176722599,4.741122766122767,6.427605648645801,0.26092609060375516,0.3783907133645285,0.9,0.5,1.0650162,0.31805208,-0.7082379623006801,2.0262585,0.47751364,-0.6692956898901032,0.22287335,-89.88117,0.000223725658648339,0.5415361297203041,-0.05241818636004314,,,,,,,,,
Batch_2,3806gxp0,S2048,w2,0.10703790583834479,0.054168456471935855,0.06066154075979131,16.108247422680407,0.36942532898452063,0.9719854810702259,3.3658407869335,4.222572573355934,1.9566720498911288,0.8216833439784259,82.77849369988543,2.850023283588646,0.07877004914473529,3.1598564401697344,0.3710590244979738,0.5267038994997726,0.5022312935954345,1.0487277599313667,3.619171122994653,3.633914093496636,0.9959429501846596,0.0997058566902921,0.6322112211221123,0.5943163538873996,4.336829155450875,4.474350037678976,0.357770708157383,0.45190933440133857,0.675,0.525,0.98860955,0.2350477,-0.7274706101640172,2.7192972,1.0548924,-0.44416375063144803,0.121057615,-79.43957,0.0,0.3381738946827036,-0.046067075225027496,,,,,,,,,
Batch_2,3806gxp0,S2048,w3,0.08198538623997709,0.044138835194730816,0.048080754416257136,17.450601374570443,0.3767818934656155,0.6524871437590324,2.522733623600972,4.197039875897665,1.944238084964168,0.8798411122144985,90.38516609392894,2.5557444623740393,0.07424854347737102,3.467548154147496,0.27961910256229855,0.45117735470941883,0.4482913173835893,1.0064378613056206,4.046574761399788,4.039472875102487,1.0017581220413865,0.07384568746420389,0.5750597503762062,0.5583791557397851,4.623360655737705,5.35217003567182,0.2861410096257012,0.39369537849910335,0.5750000000000001,0.47500000000000003,1.0785164,0.35775235,-0.6517698494487238,2.843482,0.9862101,-0.5106829359088393,0.08205423,-64.97695,0.0,0.38093625274913856,-0.00726743167150503,,,,,,,,,
Batch_2,avn74qx1,S2048,all,0.0888033557730169,0.04372773929696449,0.04798935506842332,12.640499713631154,0.407370091691163,1.1095330030313701,3.148616990478278,3.954265763987574,1.9072147724112658,0.8897038848139093,74.61250715922107,3.4644338763553706,0.053384769815182954,3.6087037544968887,0.6115518475988955,0.5545829356241383,0.4947591037743308,1.1209150703714879,5.29627070817404,4.333563890100305,1.2221512922130824,0.08177207780730956,0.6977487550161969,0.6117070865807301,6.789417046570789,5.440745039585574,0.2778846611410762,0.3694995990613195,0.875,0.55,1.1341747,0.37851736,-0.6349673766360061,2.6499345,1.0062118,-0.48607920697789997,0.26270092,85.49184,0.0,0.24882304373216393,-0.011055159001752569,61.0,51.0,112.0,0.0,0.03425477542418385,0.1935483870967742,0.17042842507362366,0.21730472147464752,True
Batch_2,avn74qx1,S2048,w0,0.09433168671248568,0.031501971023052695,0.0347831215477802,12.976088201603662,0.38860955310113476,0.7521940060195162,2.5355194314209526,4.263546858490248,2.3320761013911424,0.8902186421173763,62.643184421534926,3.9857606397982406,0.19305272270183096,4.40949220064398,0.7093159573597972,0.61522095863227,0.5467965481171547,1.1251368735789,4.136728688879273,4.168983530436044,0.9922631400864763,0.08850475193298969,0.763204350025291,0.6652291790222824,4.3665129596142265,4.88722423767036,0.27771553668422166,0.3574632091449202,1.0250000000000001,0.55,1.1780214,0.4428971,-0.5775542148179929,3.1734679,0.7716899,-0.6187516398349723,0.22144245,82.07221,0.0,0.49613176554067445,0.0674070617876916,,,,,,,,,
Batch_2,avn74qx1,S2048,w1,0.08860738607889461,0.03337986827033219,0.03662512484791951,11.633734249713628,0.45135080594911536,1.1341565820020003,3.2323106895882425,2.978592573938908,1.8434669385064648,0.8879225245810917,91.72752004581899,2.7966970529287574,0.14225341888569418,3.1133493998977215,0.5434445131534874,0.4931957334364528,0.4578901664870045,1.0771048813306419,4.2928899741453606,4.257593873198474,1.0082901521371201,0.08058598224513173,0.6025776774865474,0.5595566303909715,5.065273003033368,5.2860059491617095,0.3070070140428169,0.40551212626374367,0.675,0.5,1.12369,0.54182273,-0.5051098768037263,3.2636428,0.82697386,-0.6161290376958686,0.11649866,78.47848,0.0,0.4695669904782071,-0.04594045141620157,,,,,,,,,
Batch_2,avn74qx1,S2048,w2,0.08705277240836197,0.032621997601660936,0.035732621356130326,8.054123711340203,0.5017750531710155,0.9241536602736378,2.763742890551763,4.815782551412866,1.8135776229771312,0.893258676620895,68.9075028636884,3.548980863323299,0.16011744901761737,3.3395108789341297,0.6962591135761427,0.5773919927618186,0.5166767169179229,1.117511151278645,4.072865747206704,4.747883132439919,0.8578277168152775,0.08036868869916954,0.7444754288119542,0.6409111371207347,4.251267100977199,6.122735411839057,0.2578423147930572,0.34634053057983877,0.9750000000000001,0.55,1.1395029,0.5070919,-0.5821698981005474,3.0771937,0.7952364,-0.5768018380156968,0.19578093,87.625565,0.0,0.3681251508431808,0.017361283858717644,,,,,,,,,
Batch_2,avn74qx1,S2048,w3,0.08522157789232532,0.07740712029281215,0.08461843701392081,18.792955326460476,0.4218203102485328,1.3015496811166363,3.939472355962707,3.8711801912479396,1.8413506943817435,0.888708734855029,81.88359106529207,2.843600733336781,0.12424852987503937,3.060033866034895,0.48424647796740977,0.5180852575488456,0.46367311933349675,1.117350210625889,3.9011881824020556,4.191491639477977,0.9307398219904175,0.07732098591423253,0.6695505332656171,0.5906357536132141,4.021898757089418,5.539178431961551,0.2728482666012398,0.37716071731467743,0.875,0.525,1.1184347,0.3069256,-0.7089171862824316,1.856349,0.6605639,-0.536334288020931,0.21501379,86.01466,0.0,0.5542686545276935,-0.08304853023721805,,,,,,,,,
Batch_2,b3esycq1,S2156,all,0.06956445105377358,0.08612987916191156,0.09256942005220971,26.246049810114606,0.3853456966036666,0.7069275219628611,3.5656141193147763,4.107938161499657,2.0754338928870504,0.8346732632446918,80.65081702784205,2.4396508056538226,0.04612460344812772,3.497873768670947,0.5158041129532134,0.49130557145582904,0.40525136415029417,1.21234773012046,6.05277426493835,4.9834199261075,1.2145824262628642,0.06226636234000004,0.6265587987039508,0.504884043357701,8.4505152792111,6.521447580226399,0.24426697911664413,0.3368174499786074,0.75,0.45,1.1829367,0.3056002,-0.7421386492925393,1.9423734,0.6650652,-0.5066578625471789,0.28690183,-88.20947,5.844262103466815e-05,0.16614625993848814,0.0021938618180527207,55.0,61.0,116.0,0.2963346540927887,0.01537771465974706,0.14074074074074075,0.1925392597913742,0.2935880422592163,True
Batch_2,b3esycq1,S2156,w0,0.07329050020508047,0.0654939889107783,0.07067369971417375,23.37704841386726,0.3869736832361805,0.6651697090182844,2.94690926639834,4.399368888249707,2.0701993292512073,0.8266007144820006,73.10640594882125,2.7705473952605555,0.1751186148253127,3.2041522093171624,0.4016086842309728,0.5358346282816717,0.44907935417382344,1.1931847307197032,4.606642304385211,5.038791818791446,0.91423548938962,0.06750149294331916,0.6712906106955455,0.5447840094382431,4.949536139573525,6.290630736283908,0.2478221990798711,0.32353336224042306,0.8250000000000001,0.47500000000000003,1.1801734,0.22791061,-0.8401810914404072,2.415657,0.85383743,-0.4525568157121079,0.216538,88.56845,0.0002337704841386726,0.3362448944871349,-0.016141231301264845,,,,,,,,,
Batch_2,b3esycq1,S2156,w1,0.07527515848576231,0.11643496823909195,0.12591309653629462,30.177644316083192,0.3878162209369808,0.5950796151604147,3.695441772237804,4.236826256330188,1.9857918526576745,0.8402745995423341,86.70759775325311,2.150404779671439,0.07552829576092941,2.920943727478996,0.49220924165120583,0.48222195223549014,0.40726484018264847,1.1840500447306603,4.296854568649338,5.022833486058385,0.855464267445037,0.06772755962741235,0.5998174831892411,0.5057879171947613,4.680174240640452,6.699046052631579,0.272775503516605,0.36925883214305366,0.65,0.45,1.2077205,0.52777696,-0.5430215001833452,1.6241026,0.28854257,-0.7135417035613371,0.15520121,-86.01898,0.0,0.36091270427806094,-0.002038826421867995,,,,,,,,,
Batch_2,b3esycq1,S2156,w2,0.06486015212082959,0.08161644851630125,0.08727726521482476,25.502234633309737,0.4102276707489862,0.8797117441816125,3.5190168208643824,3.850750737183271,2.2886224905302184,0.8555489298366621,86.70759775325311,2.3898778134443055,0.14097019143341605,3.4964342636698054,0.537928347920345,0.4633780991735537,0.3918686410472426,1.1824832370745637,5.020976050610032,4.746255616575137,1.0578815083358555,0.056335233249813516,0.6009279351301965,0.4981420997822588,6.096873151981076,6.394631321006906,0.23094742263469517,0.33569288216160076,0.65,0.4,1.0253067,0.24990515,-0.8021087674718221,1.9110956,0.84727526,-0.44472063260472483,0.18015829,-87.10359,0.0,0.4741798707723791,0.005438486734738657,,,,,,,,,
Batch_2,b3esycq1,S2156,w3,0.06483199340342198,0.08097411098147475,0.08658776862584239,28.902532584417703,0.38369039909802694,0.7138943677544398,2.9415015257814496,3.7271602518711613,2.029038300702211,0.8106592600356357,79.05692736326019,2.2963181107477384,0.09388572927081114,4.178807369738981,0.6551965936164101,0.4743990287333064,0.37347256431308157,1.2702379614038217,4.244268128486248,5.129242156429519,0.8274649546748435,0.057354791338591046,0.6228857968919407,0.46979402779146556,4.587849360492658,6.69040359241601,0.22740889384500446,0.3231494652490887,0.875,0.45,1.3143957,0.32385924,-0.7327855534071488,1.8554468,0.6747584,-0.5305738688661849,0.2218867,-84.79778,0.0,0.4605794709721409,0.021517018260604967,,,,,,,,,
Batch_2,epqdaau9,S2148,all,0.06343356509478436,0.06713782873756668,0.07168506817603527,17.278120140528706,0.3899646838186914,0.8692449498255859,3.9284708052654436,4.317209141431187,1.9257876515081864,0.8637537326061916,85.85732538966425,2.4284317034296055,0.044982855317373664,3.7685997004156544,0.47738323574009367,0.4387442204549658,0.3716547309560014,1.1805156342995857,6.058306014071817,5.184380292738585,1.1685689845240097,0.05435901907205829,0.6188843226788433,0.5041593991617421,9.394731471883908,7.051553958138271,0.21665626190699733,0.33844674707209244,0.7000000000000001,0.42500000000000004,1.2798388,0.46890327,-0.6079202391269094,2.3348155,1.139657,-0.3884264243097547,0.25910583,86.5688,0.0,0.35785867176362096,0.028943084408867295,64.0,50.0,114.0,8.955318264725065e-08,0.0272528348915638,0.07462686567164178,0.16860271990299225,0.25110718607902527,True
Batch_2,epqdaau9,S2148,w0,0.05363549779117365,0.1278986179636989,0.135147311279303,25.59721502300549,0.4025966485872867,1.0353061310521592,4.844707376044225,4.698096066403402,1.975890595773609,0.8479163860074543,81.48446782323416,1.7390884584641406,0.07822326066963288,4.29441831474947,0.4592408507076151,0.4140916378364695,0.35562347626559593,1.1644102976126551,5.32722433270019,6.141773010049451,0.8673756460851845,0.04555371042297265,0.5761682566016867,0.4630563798219585,6.62323741672835,8.47012187088274,0.19907991611903295,0.3059745895851181,0.5750000000000001,0.35000000000000003,1.164597,0.28326598,-0.791730779674711,1.6397774,0.94372994,-0.3382035056347725,0.18918025,-86.799164,0.0,0.4955444966824194,0.0357676227428657,,,,,,,,,
Batch_2,epqdaau9,S2148,w1,0.06763130838031489,0.053388591321264244,0.05726124418497908,15.784949264186722,0.41783906491800615,0.6530966601401967,3.8070696448047894,3.576556992593424,1.9880454818054882,0.8121808560022282,86.17729057745183,2.6810757095709867,0.15399869896903157,3.5424562387861775,0.32734790118265866,0.42848548443511725,0.39124822212602806,1.0951755438190705,4.66399301653556,4.821086836283186,0.9674152685727733,0.058357650687605185,0.6066616766467066,0.5324268292682927,6.129009572901325,6.697691092122206,0.2275187074690337,0.3550199867439558,0.7250000000000001,0.47500000000000003,1.4021655,0.37126145,-0.6816944179404905,2.434017,0.82569134,-0.5718466093855434,0.15780668,81.17859,0.0,0.6132163341406907,0.005572529123662116,,,,,,,,,
Batch_2,epqdaau9,S2148,w2,0.055710205396319545,0.03654962340097397,0.038705939225271296,15.358329013803294,0.3913163397497298,0.721270369986912,2.470658729154013,3.250109937998213,1.9175867323387465,0.8868345132787268,103.2421005927888,1.8813955716231017,0.12140559788643414,3.0854159929644647,0.4516560447304394,0.36165152707245546,0.3197050517728271,1.1312036674648303,4.372459023144717,5.107126579656103,0.8561485514304884,0.04426131770196736,0.5216955332725616,0.45621896162528214,5.4824099252209395,7.553020776380536,0.19954900958459995,0.34902229171992033,0.5,0.35000000000000003,1.2817286,0.45718023,-0.6176563554242533,2.9583015,0.8968929,-0.5916069430173904,0.161381,81.71188,0.0,0.5128380058557419,-0.017472751023727147,,,,,,,,,
Batch_2,epqdaau9,S2148,w3,0.07675724881132932,0.05071448226432964,0.05493082095584827,15.358329013803294,0.37829299402327515,0.9235121629010198,2.7933692439943805,4.005019405586025,1.7796552300850865,0.871285062248074,77.2182653193999,2.9182921146486813,0.1064365635996679,3.8839569455784675,0.6344096090471989,0.5254546466745843,0.4202710305116156,1.2502756757583882,4.470038415055249,4.798947494523548,0.9314622467022938,0.06861760107167007,0.7207675264174526,0.5590104947526237,4.581147778260241,5.897019342564211,0.24031825774379098,0.3498180752775787,0.875,0.5,1.1881156,0.48985952,-0.5950810742565782,2.6992915,0.708004,-0.5489753890713963,0.16033041,82.60837,0.0,0.603052782025426,0.09190493679266848,,,,,,,,,
Batch_2,i9jiqjwl,S2272,all,0.06253106950696159,0.0675327559572786,0.0720373270629475,21.780165529258017,0.40340270253821886,0.8732842939947788,3.432196127851022,3.952546971109668,2.1438175964278425,0.8227744107744108,79.96144104028521,2.004334032786632,0.0287264631568975,3.026404161212738,0.2932476595531552,0.4323531481448903,0.37989429683743586,1.1380880201260368,5.921918996402682,4.739672473687831,1.2494363332652334,0.054950172829646836,0.5539528050094955,0.48401875576970704,8.115424780683886,6.304667965151475,0.23405661653326199,0.33388972851344434,0.5750000000000001,0.42500000000000004,1.1718403,0.33584732,-0.7081477574003026,2.092747,0.9472518,-0.4221494059280438,0.22556499,-88.34157,5.293790232805768e-05,0.31820000664063175,-0.006081619248940597,61.0,53.0,114.0,0.023417772725224495,0.020648680888308086,0.390625,0.174856036901474,0.25973549485206604,True
Batch_2,i9jiqjwl,S2272,w0,0.05800733668909217,0.051155155445848054,0.05430525888179251,24.200183921397795,0.3953049694548427,0.6272861909832137,3.297650604655142,3.2183245169555295,2.1353359793218507,0.8026696007824309,75.8272429537131,1.9812672123919965,0.07004910694885055,3.1012425607683283,0.1801139231379335,0.43295597980435474,0.3905603213507625,1.1085508592039401,5.070767072029935,5.315583063396576,0.953943718224919,0.050297057257635155,0.5714393119210874,0.5192767624020889,5.708396855645546,7.682525477707007,0.20041857566892554,0.30063182324922283,0.55,0.45,1.309471,0.38860613,-0.6788420039841717,2.172313,0.5410532,-0.63664720427961,0.12109357,89.59206,0.00021175160931223073,0.5158053739355215,-0.04468204734691084,,,,,,,,,
Batch_2,i9jiqjwl,S2272,w1,0.061375699788651726,0.06631732692835132,0.07065375029542574,20.570156333188127,0.4048821944524756,0.8542396701607461,3.75228490930853,3.447540742435001,2.2095911411404376,0.824,73.40722456157333,1.9662478232423808,0.06274643490832621,3.0275823616489337,0.3459703142942203,0.4340196078431373,0.39291086078916526,1.104626140828494,4.902670866413531,4.929967153284672,0.9944631909255309,0.05491046940290079,0.5517674639131809,0.48694740166005057,5.43618438234526,5.9880103125664474,0.23185895759509756,0.319361421046552,0.55,0.42500000000000004,1.2657743,0.23627615,-0.7992104298481563,2.281036,0.8002582,-0.5111706314114572,0.13036351,-83.20891,0.0,0.5036946441237672,0.019719849989879946,,,,,,,,,
Batch_2,i9jiqjwl,S2272,w2,0.06518092662504235,0.06746557523837181,0.07216966058983185,25.006856718777723,0.4075218210660755,0.7998464657949999,3.187093426848017,3.487718658479214,2.1106435321654526,0.823115588754856,81.87728893406255,2.122383452003474,0.11023448467901935,3.219164755813611,0.2955964224701034,0.42585233037948994,0.37391336313374895,1.1389064215583073,4.285062601437515,4.3918965961836,0.9756747472518091,0.05747241179032961,0.5493974409839317,0.4771897654584222,5.023626640738941,5.7298903465831215,0.24956694096711785,0.35514960389903844,0.6000000000000001,0.42500000000000004,1.0885175,0.34639597,-0.6906066534986594,2.0258539,0.9026605,-0.46209611506380416,0.15377536,84.76973,0.0,0.4936736610791374,0.010682590012941112,,,,,,,,,
Batch_2,i9jiqjwl,S2272,w3,0.06556031492506009,0.08519296621654325,0.09117010715326261,20.570156333188127,0.4333622420659609,1.3982912700449555,3.228845698889095,4.62141513772527,2.207941092880761,0.8401759530791789,95.18739009083134,1.8554210265423945,0.05470408194653789,2.73742923914675,0.29642755095561624,0.41517245875986175,0.36526685796269726,1.1366277824260231,4.188000223563604,4.4466484032561056,0.9418330040434265,0.05661078440862817,0.5237037743042318,0.46553715498938436,4.279980697239121,6.21422485149479,0.2543423944435616,0.366791256652558,0.55,0.4,0.9699427,0.32108173,-0.7259371612541291,1.9148456,0.69614834,-0.4748607168558539,0.15111707,-80.76957,0.0,0.3761196133533267,-0.010046869651672658,,,,,,,,,
Batch_2,r17byphk,S2080,all,0.09184936448145212,0.04908244944488501,0.054046594832650494,22.028372543836458,0.38976056649167656,0.6482041908033265,2.5105693830636744,3.7818842315150674,2.2316013873212377,0.8130469616664613,83.70781566657854,3.406461466724227,0.0735323435286711,3.55493599905907,0.5786758502733125,0.5530190367854932,0.46242863214564,1.1959013744878197,4.9557154825447824,4.156229637939514,1.1923584388377588,0.08342984514054101,0.7190272485441082,0.5900893764572249,6.845491865019584,5.379851148985925,0.2852725783487459,0.3957592037392325,0.875,0.525,1.1321548,0.3496518,-0.6484190641667348,2.4257898,0.93975544,-0.4877804964439941,0.3158677,-87.52736,6.333157106352982e-05,0.21290059821419155,0.01567937002859684,57.0,58.0,115.0,0.007994216866791248,0.02436537635474491,0.09448818897637795,0.18201106786727905,0.27920374274253845,True
Batch_2,r17byphk,S2080,w0,0.10194813419684554,0.03261328090580668,0.03631558727027381,28.63688430698739,0.3888408362521876,0.5876786762418839,1.3626939196223422,2.5293951384900297,2.2408679351624268,0.7780487804878049,79.74270860868798,3.178971440469716,0.13283708267273114,3.4228046170265785,0.5203997384577875,0.5873470797158643,0.4882249070631971,1.2030256367888184,3.2000753122703895,3.791823253931545,0.8439410536744816,0.0943018107322231,0.7503484876093295,0.6091771019677996,3.4949878332628015,4.719366709802653,0.31156583896252854,0.4158997808157383,1.0250000000000001,0.55,1.0503169,0.30100375,-0.6916414473115031,2.6083386,0.6945631,-0.6020801103130552,0.3096809,-87.173676,0.0,0.6223365589132469,-0.05920400475812837,,,,,,,,,
Batch_2,r17byphk,S2080,w1,0.08610918362851352,0.05229453035509737,0.05722185781746626,27.75574940523393,0.3874036648639037,0.6389306918834872,2.3934574019334813,3.2462756143048472,2.3554177373651766,0.810304449648712,87.6729227244691,2.8475735054169933,0.09145532279571886,3.9034310110877395,0.4014602621236289,0.5144981795699664,0.44152585765488994,1.16527304267673,4.28206627301686,4.015003143665514,1.0665162939592445,0.07766102740329545,0.6663755566551213,0.5594856526256894,4.7638230413654155,5.06800657224845,0.27954160774284664,0.39025963458798657,0.775,0.5,1.1906831,0.24447112,-0.7775331087967323,2.1130533,0.83830017,-0.5109908020521488,0.24369474,87.48479,0.0,0.5591759862853867,0.01727870497200397,,,,,,,,,
Batch_2,r17byphk,S2080,w2,0.10126415322935942,0.05234932593180016,0.05824773332442789,18.063265485945895,0.4370193722368317,0.6711247938722454,3.130108352235922,4.2502211091449515,2.103793788199315,0.7894736842105263,92.51916468411311,3.9949496875405397,0.2667834097873879,3.8325272095386134,0.5563785687005345,0.5592505634861008,0.49904468369965416,1.1206422626128627,3.924443400820984,4.065721680330322,0.9652513647963578,0.09238754515816372,0.7289480752014325,0.6435781990521328,4.927424099170081,5.386464003511852,0.30156583591283853,0.4180105081030431,0.8,0.55,1.0812582,0.3517652,-0.6062474176265454,2.5375736,0.85272723,-0.5200065367696067,0.15209252,-84.87713,0.0002533262842541193,0.5018294056372089,0.013897850431355645,,,,,,,,,
Batch_2,r17byphk,S2080,w3,0.07807598687108996,0.05907266058683584,0.0640754115801254,15.860428231562247,0.40947129881910604,1.0014504735114829,3.1907700669704937,4.3758765280791465,2.1767253355610987,0.8693851830851149,83.70781566657854,3.0752683322356473,0.16585257470542805,3.002497983269185,0.6770561506596835,0.4989191412970304,0.41475972188038396,1.2029112639845918,4.104272111177833,4.819914248021108,0.8515238861070831,0.0691283372984404,0.6662318099135972,0.5429804083127346,4.499453551912568,6.6031620351450755,0.2549135725504009,0.36894474919487574,0.8250000000000001,0.47500000000000003,1.1757655,0.23151746,-0.7652421364762432,2.3543868,0.604593,-0.6129518860981907,0.2570883,-81.84998,0.0,0.629788131880282,0.09074492946915627,,,,,,,,,
Batch_2,rxax5ozo,S2068,all,0.06367213204650142,0.05736724006903871,0.061268324945218625,19.940577080300702,0.3946292985794276,0.7843032186279983,3.3893938240476964,3.835326436533465,2.1795950941953937,0.8389245309401039,73.1154492944359,2.3265564391069775,0.04702423089762954,3.6596747342572717,0.4605923993453209,0.467581952155454,0.40047175667287405,1.1675778487854738,6.481884910540151,5.172744842799793,1.2530842149623167,0.05713279981211545,0.5957679161114652,0.5000814834934196,8.92505987288526,6.481708868161749,0.23245926119087867,0.3208694331874657,0.65,0.42500000000000004,1.1765555,0.37309808,-0.6916152371555115,2.3638806,0.9179775,-0.4852265497791153,0.26951507,-89.45711,8.585526242907246e-05,0.1464622197477846,-0.006596685260036601,66.0,52.0,118.0,0.5814986228942871,0.011371944937419822,0.17557251908396945,0.1467811018228531,0.24113339185714722,True
Batch_2,rxax5ozo,S2068,w0,0.07278061377096254,0.05662902328837841,0.061074028573417004,19.940577080300702,0.38883277861421583,0.7776816725043753,3.244191062226414,4.003052128235724,2.0877986816389424,0.8283049286043298,73.1154492944359,2.245177525355155,0.06946965459243278,3.283169506691515,0.5750365145941218,0.4804411437884288,0.42575144698763484,1.1284545177420908,4.7684195941336975,4.617603311840563,1.0326611603700144,0.06616754294424836,0.5950468608283785,0.515670758439281,5.591087255024341,5.647529069767442,0.26523269116929116,0.35283152120119066,0.65,0.45,1.0818028,0.3310563,-0.7028595015650186,2.49082,0.68389213,-0.5505229921534505,0.1558753,84.44194,0.0,0.2529823756371372,-0.015506708929267428,,,,,,,,,
Batch_2,rxax5ozo,S2068,w1,0.04660251339895999,0.07977061689498627,0.08366984181946684,21.713072820771874,0.414679027041197,0.785825158159596,3.9501324344725917,4.371254733021222,2.336901071116615,0.8574610244988864,78.43293651584943,1.5433600024229928,0.06977518140596306,3.5204388208508197,0.4021020648601723,0.41484172158977434,0.3429255362866771,1.2097137066018238,5.906402103460928,6.147959813794414,0.9607092893171659,0.0393496823909195,0.5583717602162507,0.4451925505050505,5.901881054291508,8.044876424329964,0.1759894254127166,0.27035741414195597,0.5,0.325,1.1736641,0.3337382,-0.7374106312420071,2.1026547,0.83319813,-0.46655563165002595,0.21361837,-84.25077,0.0,0.32232047417382115,-0.019027948605655466,,,,,,,,,
Batch_2,rxax5ozo,S2068,w2,0.06303437977050612,0.0589000334558571,0.06286253431735364,22.156196755889667,0.40478380252223395,0.662774260891624,3.0636007046991525,3.4210156617645207,2.1592976394574226,0.8521506836073269,70.89982961884692,2.216117867369363,0.08913884007029878,3.6152523370474765,0.46818528541072624,0.467476580796253,0.3985692230360477,1.1728868005294355,4.163245509576263,5.396739739179135,0.7714371473858601,0.05670933950161851,0.5940469156227842,0.5043536486759653,4.5851633738601825,7.142319636884855,0.2306908402329939,0.31855069180849266,0.675,0.45,1.2318985,0.3366764,-0.7205520748868429,2.0757394,0.6523664,-0.5867752065296891,0.18678005,80.76858,0.00034342104971628985,0.38409028743965523,0.01851323268968716,,,,,,,,,
Batch_2,rxax5ozo,S2068,w3,0.07227102124557706,0.03416928663693305,0.03683110845886159,16.83870953447615,0.4014591857569077,0.9148833342269016,2.420420468980623,2.7445771401979577,2.2676869127600834,0.8312246308547517,74.88794503490708,2.7175730020390616,0.12695870105881948,3.9841135104916607,0.38464548566369156,0.48398113638092344,0.4231591330858961,1.1437331692488397,4.649365862251189,4.770527665811653,0.9746020121780701,0.06586621866836827,0.6136599027689706,0.5221763332734782,4.853021358450517,5.828929237463738,0.25693220608283585,0.3467932228259286,0.75,0.47500000000000003,1.1460521,0.44865215,-0.6301556804266966,2.850963,0.62617725,-0.6767923706455504,0.17891417,-78.51361,0.0,0.50592735316059,-0.010365316194910615,,,,,,,,,
Batch_3,0grcilhi,S1904,all,0.10410688115452367,0.054586729451230664,0.06092995727166176,19.372009972373828,0.403898275150059,0.783289413703043,2.9074928722743283,3.8991907508266266,2.0560305702108055,0.8186274509803921,76.04416336981528,4.7765035912347935,0.10626316036594395,3.8837324583979265,0.4666369514546111,0.6469668979037853,0.552976896222376,1.169970937888175,5.346639500320556,4.4250947605143365,1.2082542385372799,0.09722229742412429,0.8082118721000606,0.6821187510886605,6.988490278106665,5.725961921850081,0.292616798552507,0.3816112210290274,1.2000000000000002,0.7000000000000001,1.2730565,0.42690316,-0.5789392448499694,2.3455977,0.8668406,-0.5057177150866708,0.29627097,85.160416,0.0,0.3421303860395412,0.06851413373249217,63.0,55.0,118.0,0.3240451216697693,0.016077715450441343,0.08461538461538462,0.15158335864543915,0.20819535851478577,True
Batch_3,0grcilhi,S1904,w0,0.08139222183718849,0.07919271660554256,0.08620949929677893,25.027193007787304,0.43751016229537104,0.8664157830717407,2.884168852511178,3.9907666693086545,1.9491438859150096,0.8495771736040147,93.3706816059757,2.6602226070782535,0.1351583086640131,3.8917652445531212,0.5451811351745954,0.473619058518349,0.4222056705081195,1.1217733242387629,4.044409520506373,4.7837601904624485,0.8454457078701092,0.07338803218882055,0.6033521677713789,0.533089929051875,4.802686655294581,6.690407903123009,0.2758309701074812,0.380680381281337,0.9,0.5,1.0612286,0.23511396,-0.800304557675548,1.9182748,0.83538496,-0.4618311607416679,0.23015787,80.615974,0.0,0.699984780421684,0.06497775349033687,,,,,,,,,
Batch_3,0grcilhi,S1904,w1,0.13596263247567067,0.06263295696285387,0.07248871323969709,21.658147795200552,0.41879413886735906,0.7490134674349529,2.8533620968058546,4.043773933414023,2.2246001374427236,0.8415970538040061,65.45573555882834,6.032808610492162,0.2483428910246199,3.532768952967172,0.41989266114279566,0.8295300982800983,0.7310730743910467,1.134674668426357,3.7543924466338257,4.310693123628384,0.8709486708888453,0.12980149104315267,1.0364279243003824,0.8955713319810683,4.149864034050603,5.5232212286158635,0.30190393319253467,0.3828255652684001,1.55,0.8500000000000001,1.2504048,0.48634744,-0.5174018251257593,2.257968,0.5389153,-0.6211793641328165,0.20937921,89.33326,0.0,0.6225368879380162,0.15419569387459775,,,,,,,,,
Batch_3,0grcilhi,S1904,w2,0.10602926737705391,0.03377076775727473,0.037776144704636964,15.401349543253726,0.39753949672743993,0.7293226724849997,2.8701281538252856,2.957310811100767,2.250064742991161,0.7995871564068104,79.89450075562871,4.006117306254613,0.19057994450780466,3.487847677858257,0.36034904437264126,0.622414789139226,0.5351851270787574,1.1629896976707874,3.5187835748005862,3.980959778748976,0.8839033224059276,0.09879003147650812,0.7673531381553771,0.6527144854816156,3.6962925513987197,4.971841472438032,0.31546489804467376,0.406734444066945,1.1500000000000001,0.7000000000000001,1.2066811,0.47273242,-0.5399854732493989,2.694754,0.45679936,-0.7669039962323979,0.22416335,80.048035,0.0,0.2724441538947617,0.0564953902787165,,,,,,,,,
Batch_3,0grcilhi,S1904,w3,0.09304340292818158,0.042750476479251495,0.04713618779253033,17.326518236160442,0.4121050242591787,0.7945566599550913,2.4621763977672773,3.722837665302671,2.044806164786458,0.7579198987602822,70.74994946432182,3.4476091487732003,0.1978520070349679,3.3534545142117347,0.4603098346846374,0.6039510461587607,0.5233425221578617,1.1540263223185678,4.578451278760656,4.663934742363468,0.9816713851447473,0.08683112420225822,0.741280718336484,0.6353514739229025,5.268825588796944,5.854723647021879,0.28341944033484545,0.3643410724107109,0.9500000000000001,0.65,1.2488061,0.30609405,-0.7117087570764413,2.7951465,0.48501486,-0.7121635179014192,0.19544014,85.128944,0.0,0.4291286139635205,-0.0016123027136824358,,,,,,,,,
Batch_3,71vgq3fw,S2060,all,0.06154997831381577,0.06962968060143018,0.07419647183375973,26.579477084931987,0.4001341352692771,0.6687491234298748,3.1832049223533407,3.973039918534262,2.160758411668651,0.8220551378446115,83.96445690009897,2.2166086716626463,0.06508929196564286,3.2987626160838106,0.4093640926808193,0.4373805220883535,0.3935124269005848,1.1114782969709145,6.213485028195684,5.201903310015704,1.1944637679505286,0.05375164036521758,0.5738354342371755,0.5132831720518288,8.9395617650818,6.698455428067079,0.21754382285298648,0.31899730896161993,0.6000000000000001,0.45,1.192271,0.28511077,-0.7651926785654212,2.085941,0.7036532,-0.5080181464254792,0.20042898,84.78346,0.0,0.1760284939099325,0.0008800344552521763,47.0,61.0,108.0,22.67067527770996,0.0,0.0,0.1487089842557907,0.2454831302165985,True
Batch_3,71vgq3fw,S2060,w0,0.05980827188914468,0.0650910819737764,0.0692317109666186,31.139136333811535,0.42481771306665256,0.6618660458479939,2.928891844084713,3.6326109802423416,2.0750956905430864,0.8227922748046587,85.41020251559736,1.9290538189664517,0.11059149482139868,3.407950149697325,0.4662541692850582,0.40259704324452533,0.37750391514806386,1.0664711731178191,4.666235446313066,5.01508785942492,0.9304394214238438,0.051870016348046576,0.522307921381775,0.48880390907159554,5.561350204576451,6.494812772505771,0.22232814923563035,0.3263473968685023,0.5750000000000001,0.42500000000000004,1.1999172,0.2757413,-0.7710783634337063,2.094758,0.7663894,-0.47151884027517943,0.11693945,-88.72618,0.0,0.22511869130945716,-0.009124575754542688,,,,,,,,,
Batch_3,71vgq3fw,S2060,w1,0.06155317563585004,0.10208965847040113,0.10878576795182036,31.139136333811535,0.4012241604099088,0.7620572527879363,2.687453536489915,4.63657239909737,2.15258919534694,0.8079231459790246,91.63802978235965,1.6368678597940822,0.05179952301799524,3.0289126553659393,0.45068983616391106,0.421937540348612,0.3741424005681818,1.1277458521350354,5.077750306112838,5.272335794792072,0.9630931154135816,0.05320427273434981,0.5561476934523809,0.4830904334828103,5.926671453646083,7.07059348093481,0.22337629011361715,0.3285048201756917,0.5750000000000001,0.4,1.1801097,0.19960244,-0.8647663940426437,1.9750026,0.57924354,-0.4926093006274981,0.16390708,76.07419,0.0,0.25152235115757515,-0.00482889145685661,,,,,,,,,
Batch_3,71vgq3fw,S2060,w2,0.06217317808249647,0.061800898586505636,0.06589798579245794,20.907705824130602,0.4109288183353091,0.6687491234298748,3.548331423996596,3.43609984968663,2.2248915596761587,0.8397291196388262,90.30349536805346,2.026671825539639,0.10763252273926538,2.6881689942254736,0.22142850486015975,0.41995713954745545,0.40119159384704267,1.0467745236645394,4.6452407639885225,4.989989385155549,0.930911953000822,0.05387459824953569,0.5559258604431873,0.5404285074960842,5.57430743751882,6.789672483035591,0.21478153491412547,0.32546521162953007,0.525,0.47500000000000003,1.1036869,0.3220976,-0.7354457810506949,1.7316363,0.3983086,-0.7119787354417659,0.058944426,70.92726,0.0,0.25382430309877513,0.02185087791133232,,,,,,,,,
Batch_3,71vgq3fw,S2060,w3,0.06266528764777188,0.04953708337503753,0.05284887321704424,24.91130906704923,0.38420820084829055,0.6654606034843586,2.524826012164492,3.166813036085423,2.2002943622835773,0.8220531768456132,73.84423759161021,2.576912502881303,0.14893607581458085,4.388648525020873,0.4212250979173426,0.4535977697778559,0.42421341702628484,1.0692678533308868,4.719372417355372,5.555216647662487,0.8495388599004831,0.055611161156151646,0.5917231933211583,0.5514987318422874,5.187916389073951,6.5089093171136305,0.21021338758756644,0.3015239270748486,0.7250000000000001,0.5,1.1792579,0.3535661,-0.698086576694563,2.085791,0.5825693,-0.6397912384680813,0.118305646,82.98401,0.0,0.6270701402990422,-0.004377272878924338,,,,,,,,,
Batch_3,9luzk4jm,S2088,all,0.09226981046990823,0.06012710223257978,0.06623895836680943,15.689940444058227,0.4072248035186111,1.1682267061717955,3.6077525273835054,3.934574890578997,1.9816178618401379,0.8703592814371257,90.95776663023965,3.009195854268546,0.057987429516778856,3.479671429233072,0.4938283825116057,0.5226869629536369,0.45279811307370366,1.1543488099045085,4.834726486748545,4.057422928635651,1.1915756803726327,0.08427658128266909,0.6559789430401662,0.5586893026652063,6.543247116746477,5.1085990534723855,0.30510041918065045,0.4085348062115384,0.8,0.5,1.0987262,0.33670667,-0.666807711470529,2.273788,0.8858816,-0.4791328024495993,0.2326148,83.45963,0.00017006578803000175,0.2337798381871087,0.044725645866325596,50.0,59.0,109.0,3.2655906677246094,0.003403715882608524,0.4782608695652174,0.1472809910774231,0.26730844378471375,True
Batch_3,9luzk4jm,S2088,w0,0.0863122276204395,0.0637582125317639,0.06978118177691638,18.432937025187286,0.4013129165376207,1.0534007410513215,3.1659600422398886,3.752726305628706,2.4151020538631394,0.8748546899795064,88.21477004911058,2.3864749264318252,0.0849572877736252,3.6226847654526546,0.547250318631206,0.4814397279254315,0.40422795122751387,1.1910104842167633,3.797867943192256,3.9857569196559193,0.9528599008291044,0.07835068004371239,0.5979943064182195,0.4882898677770473,4.610538940491987,4.872203787633538,0.31727461982031446,0.42171724006644984,0.7250000000000001,0.45,1.0302185,0.39435318,-0.6175164733351741,2.2104912,0.9382698,-0.4288944236091962,0.23400208,75.58993,0.0004608234256296822,0.2562112855418242,0.007953889346320188,,,,,,,,,
Batch_3,9luzk4jm,S2088,w1,0.07652823311521025,0.06273726920426767,0.06793631538504265,20.627334290090534,0.41808500685206024,0.9495329128658928,2.794566487364859,4.253771958915891,2.1221827758809897,0.86875,103.13667145045268,1.931196512699233,0.058348715926808715,3.2677831995933686,0.4783462306401484,0.44057184159214685,0.40185523293480185,1.0963446671444155,4.551194590533434,4.209790892788523,1.0810975429515381,0.06682680280707298,0.5742026645135244,0.5101510354270067,5.789299682229284,5.665244440090135,0.27048225777934787,0.39059127106240354,0.625,0.42500000000000004,1.0734512,0.19620967,-0.8098942113976337,2.2498286,0.8320512,-0.4461299057411236,0.17079125,87.3738,0.00021943972649032483,0.2781473882532813,0.01119399106623498,,,,,,,,,
Batch_3,9luzk4jm,S2088,w2,0.09028902406376041,0.040436432700030285,0.044449757966715374,13.60526304240014,0.40586372848545077,0.9123488106917292,3.0274961887114333,3.5900731256133223,1.8569968784501178,0.8771186440677966,100.94227418554942,2.4211463610993644,0.07781882477321196,2.935493886701856,0.23239836156536592,0.4851174496644296,0.42662409465361867,1.1371074811381725,3.963172336219238,3.940584205574504,1.0057321781406878,0.08196128644345257,0.6090572661140248,0.5243034695103634,4.6939131513647645,4.9523061967403,0.316257769227159,0.4248022613575485,0.65,0.47500000000000003,0.9992349,0.16188131,-0.8898500335740204,2.9570706,0.46248466,-0.7649157478014358,0.16078901,74.50147,0.0,0.3902974095561111,0.03657497004467118,,,,,,,,,
Batch_3,9luzk4jm,S2088,w3,0.11594975708022277,0.07357649449425727,0.08322659835628135,11.410865777496893,0.5440961565780096,2.3463951375381393,4.392039615696672,3.9302629090311405,1.7440273122969716,0.862536744192189,77.68166317757499,4.237419095912068,0.16059160847101572,3.363764239992538,0.593492529984764,0.6401178343949044,0.582784588441331,1.0983781093232277,3.7172278875433755,4.109747360482655,0.9044906076919577,0.10924834213286637,0.7830533024333721,0.7181926050677486,4.178598793219041,5.097899659863946,0.3177571929831679,0.4068005589075339,1.075,0.7000000000000001,1.1656437,0.43235388,-0.5822238060624604,1.9620292,0.7394983,-0.5345003402745397,0.1068561,-86.70208,0.0,0.5896197815361088,0.1231797330080761,,,,,,,,,
Batch_3,cfe5vt7s,S2080,all,0.07604841285575821,0.06766482729755925,0.07323416966758868,19.38496783857608,0.4203107073163381,0.8473605708938481,3.4556461854679723,4.12706599024348,2.1833076988248994,0.8399624676903467,91.41774605692129,2.432666993224637,0.029147287944428252,3.2135320090347173,0.47933577784524833,0.48955933721450967,0.41750132547405194,1.1725934921491314,5.523503057820608,4.492194591286907,1.2295778701425877,0.06748144109613181,0.651479918275176,0.5413001759155606,7.8489712721910285,6.055489492233391,0.2533197139328357,0.3656662014822179,0.7250000000000001,0.47500000000000003,1.1440343,0.38890234,-0.6359320746199245,2.1020603,0.7286689,-0.522884954502736,0.27688453,88.99218,6.333157106352982e-05,0.24350884783370066,0.03258904969600847,58.0,59.0,117.0,0.1269628256559372,0.018012393713102474,0.09701492537313433,0.17963343858718872,0.2739649713039398,True
Batch_3,cfe5vt7s,S2080,w0,0.07240533306899287,0.053323255352894526,0.05748551307363286,16.300995682438977,0.3959914445391432,1.0005421490612085,3.226009858133256,3.6631916790840764,1.9442855380561508,0.8836565096952909,99.56824389814076,2.2766123039921773,0.12245534373062866,3.40385186940832,0.4017615176151761,0.4680069676295544,0.39897580898523405,1.1730209127713684,4.7031535113417595,4.837423092698934,0.9722435729138875,0.06336874394219755,0.6292340283197682,0.5183575445173383,5.504676487172259,6.7806569537837555,0.24856408964514795,0.3650693154870374,0.675,0.42500000000000004,1.1270854,0.35755146,-0.6508357471783939,2.445624,0.7240867,-0.5759511860271318,0.196138,83.159874,0.0002533262842541193,0.38029930907918685,0.01676173911998658,,,,,,,,,
Batch_3,cfe5vt7s,S2080,w1,0.07918511542867213,0.09514659881927923,0.10332869332751214,22.028372543836458,0.43400367611050855,0.8743800695901117,4.635231517009204,4.423715072291702,2.2126624121142493,0.8662319706749542,94.28143448762002,2.438232166910039,0.10633052247239852,2.8934835853578216,0.5715147879253796,0.49650313888692954,0.41336391437308867,1.2011284043502697,4.426733011660636,4.390510304219824,1.0082502271788307,0.07023498766411138,0.6646546227417641,0.5409388348632191,5.450759947814742,6.1107153690596565,0.26113329763061466,0.37964544449977755,0.7000000000000001,0.47500000000000003,1.1781604,0.3152249,-0.7231833578502486,1.7703445,0.6472112,-0.49296002699718583,0.19727655,-86.30433,0.0,0.3939823390098935,0.0735279540047581,,,,,,,,,
Batch_3,cfe5vt7s,S2080,w2,0.08130259273944841,0.06622995418098511,0.0720911517302254,19.825535289452812,0.44619576267920336,0.6301520316671835,3.1792767650376113,4.463082214572159,2.268117408231737,0.8170731707317073,90.7568948806062,2.460692584717046,0.09712969705180094,3.2639735323849464,0.37279295976811266,0.4946867194004997,0.4255510084770535,1.1624616310295364,3.993079673135853,4.075257517594371,0.9798349321230068,0.07349628821922637,0.6310769683879836,0.5327179985426281,4.765329436769394,5.240280727675685,0.2837717128391255,0.38758662339217836,0.8,0.47500000000000003,1.1177919,0.25407198,-0.7429015772304655,2.2184615,0.55025905,-0.5968377781451177,0.22394729,-83.67103,0.0,0.36593116416113786,0.008556971379136327,,,,,,,,,
Batch_3,cfe5vt7s,S2080,w3,0.07130061018591946,0.05595950083707816,0.0602557743128063,20.70667019120627,0.41860330173306237,0.8740387444736634,3.007260610522684,3.4274602142942467,2.4053001263928775,0.8185185185185185,87.6729227244691,2.344539156760986,0.07613703507748869,3.107183495435461,0.4887369768160247,0.47818470105963345,0.4327330939151646,1.1050338136453677,4.488768506056528,4.719540186634558,0.9511029313339547,0.0620822869856375,0.6643990859683795,0.587760004223419,5.144141366223908,6.429150895786021,0.21923017066461284,0.33729249040697307,0.7000000000000001,0.5,1.1710882,0.4043549,-0.6582489217577145,2.0861235,0.70952874,-0.5459175934334168,0.1786721,78.18169,0.0,0.42061784905036653,0.03150953428015285,,,,,,,,,
Batch_3,hawkfj64,S1904,all,0.06827287401214781,0.04704901720138227,0.0504965626620553,19.01104084245382,0.3986426987447906,0.8900524027229895,2.7195747411300903,3.3722643183035705,2.0922391900266257,0.8689065073580347,74.47996380682856,2.4305058727249067,0.03986843800978343,3.462171950400964,0.5043551530787326,0.518181922301631,0.43379152292724527,1.1945413750939977,6.54387612875557,5.103359712071851,1.2822682503207092,0.06156885004861051,0.6593299735090781,0.5427712219773131,8.952149828767125,6.486799805163176,0.23082463205290812,0.31662254138571005,0.7250000000000001,0.45,1.1776512,0.32331023,-0.7258369985582667,2.3931973,0.861368,-0.5063140649285377,0.32135963,87.34287,0.0,0.13582834103471908,-0.0019304120913577912,64.0,54.0,118.0,1.2702358961105347,0.008027427036106538,0.0859375,0.14774355292320251,0.20209729671478271,True
Batch_3,hawkfj64,S1904,w0,0.06240494479578773,0.034345911904280615,0.036631925172429504,17.326518236160442,0.4940573820783102,0.9356001632828111,2.3847992666182893,2.568398407809036,2.159304349836125,0.8772309188860973,81.81966944853542,2.1430450688887053,0.10011182986435808,3.77569253326079,0.5330319265470332,0.4744590955520476,0.39849246231155777,1.1906350569338902,4.510195592286502,5.355654366870189,0.8421371663164724,0.055111262718145676,0.6058975217682518,0.5023080741230974,4.509734014902097,7.0769433554143575,0.22400634902794758,0.3153609463977236,0.75,0.42500000000000004,1.1469986,0.29158664,-0.7505013357877074,2.4416797,1.029455,-0.5286980944016584,0.24286824,84.9328,0.0,0.5059393489166784,-0.008186241227833381,,,,,,,,,
Batch_3,hawkfj64,S1904,w1,0.06873514010415163,0.06308446918286215,0.06774063094136017,13.957473023573689,0.39509301972303923,1.3198298572697902,4.144340694450009,4.329693625649212,2.0270242800017115,0.8904986522911051,65.93702773205501,2.638001414822386,0.15461571452328646,3.733268544084026,0.4851751298210461,0.5550502562081198,0.4881814658513478,1.1369752746351367,4.985627301889035,5.57130276419519,0.8948763894021187,0.06302551089164188,0.6949046723952739,0.6079096540439458,5.480094472894226,7.073363267670915,0.21688093613699783,0.2906393547230226,0.8,0.525,1.2313299,0.3835552,-0.6624505439096184,2.113233,0.7243804,-0.516688767857017,0.21280618,72.377785,0.0,0.2503585960398435,-0.005762127931053443,,,,,,,,,
Batch_3,hawkfj64,S1904,w2,0.06612172360353076,0.04889056137919085,0.05235217759625327,21.658147795200552,0.42762001708982794,0.9240488459426908,2.6610982381646635,3.0006707450444865,1.952855050085924,0.875,78.45062423594867,2.252504609963496,0.09077674761389175,3.0799430191538875,0.5342089832297409,0.4984367730529451,0.42799344995606686,1.1645897223523145,5.170461845165578,5.020796080556309,1.0298091701411394,0.05890294262034711,0.6439325310978907,0.553804347826087,5.347410947002607,6.393498386870529,0.21997113509633548,0.3118454907008624,0.675,0.47500000000000003,1.1925435,0.2722179,-0.7719824547314607,2.1935077,0.6638517,-0.5784398179807793,0.18454598,-87.78883,0.0,0.43429793056130445,-0.021495034317344786,,,,,,,,,
Batch_3,hawkfj64,S1904,w3,0.07582968754512114,0.04187512633919547,0.04531104902943953,23.583316488107265,0.3851374593255847,0.6438933349199908,2.3701611220483105,2.938277396954495,2.2044487846152068,0.8116279069767441,76.04416336981528,2.555613682883324,0.1435813826179057,3.2671181330035206,0.4836479757258389,0.5313098495212039,0.42674946673088837,1.2450158487397762,4.738189878461845,4.594941686488146,1.031175192580775,0.0689637538864343,0.6749164278892072,0.5182656149683574,5.447872977831037,5.6014669465977605,0.2637914793607041,0.35314264498925807,0.7000000000000001,0.4,1.0744712,0.29198843,-0.7119311435427058,2.3685377,0.9870247,-0.4825377192709475,0.27759913,-87.05886,0.0,0.33457839170382303,0.027721755110800436,,,,,,,,,
Batch_3,hzumfsms,S2088,all,0.1078400876881147,0.049739991354074774,0.05575232720912307,15.580220580813062,0.4053706104183925,0.9855726381664951,3.129759970432164,3.794793753313144,2.1265249389186014,0.869845372942641,86.56897210043316,4.880495789838237,0.12412214769539129,3.92341403489143,0.5485960926556097,0.6032686958594929,0.4966079794364368,1.2147784990166637,4.818881686236138,4.02153231636251,1.1982700391662733,0.10004867447433213,0.7698432876712329,0.6201166685378542,6.584378624218307,5.271747506799637,0.310391489216222,0.41457343378063743,1.175,0.7000000000000001,1.3281212,0.46802995,-0.5295236869056552,2.5428343,0.91286904,-0.49217674706231307,0.28659478,86.54462,0.0,0.3719586059262176,0.010392338382075457,49.0,59.0,108.0,1.8830561637878418,0.006034729628312991,0.4956521739130435,0.14946401119232178,0.2723942697048187,True
Batch_3,hzumfsms,S2088,w0,0.1193634163254379,0.060660820792352965,0.06888292164656434,15.799660307303387,0.3815979404507891,1.1527577247360916,3.342818009487073,4.594210538860747,2.05238824375079,0.868236583574347,90.40916731401383,4.285160958854407,0.18716693055609818,3.975995486731883,0.5669408321205737,0.6138322703662307,0.4943063829787235,1.241805267953928,3.836930660651921,4.254223824598429,0.9019108582078664,0.11217237648834995,0.7664798799858807,0.6038653039832286,4.501725978647687,5.565333621842789,0.3257110327923414,0.4196663041243227,1.3,0.7000000000000001,1.3170161,0.14340594,-0.9334124823139061,2.5045965,0.9253729,-0.45587114497168013,0.21413781,89.921326,0.0,0.8917847625630584,0.1654182853064987,,,,,,,,,
Batch_3,hzumfsms,S2088,w1,0.126054407885786,0.042464055772800886,0.04858890090637513,16.238539760284038,0.471459617209065,1.0025285360653426,2.742386098011721,3.117202805282544,2.1602844952839173,0.8824489795918368,83.82597551930408,5.353065550811976,0.25355674028941355,3.1675856063985965,0.5511358094748322,0.6498922208837887,0.5953667681551646,1.0915829630491127,3.6645364425315745,3.882476734991789,0.9438656539790765,0.11833945570170241,0.827452593298121,0.7596592221794377,3.917176286263015,4.995758200240426,0.31079435163342556,0.41453034689109697,1.55,1.0250000000000001,1.403041,0.5187232,-0.4828889637383707,2.536799,1.1984371,-0.426947622997092,0.15287544,83.7673,0.0,0.4643494951631576,0.006927137464058556,,,,,,,,,
Batch_3,hzumfsms,S2088,w2,0.09849360113757555,0.04425550683993627,0.04909061865315716,18.871816478167936,0.4234710116621637,0.8884866446580956,3.0267390455676413,2.9680005973815486,2.3607405416776293,0.8785594639865997,89.09252895507188,3.4431564041081204,0.21909472447106854,3.166437554982676,0.6578748907336414,0.5204278575890068,0.4631570080862534,1.1236532072339664,3.977812939521801,3.878793785310735,1.0255283368211165,0.09066810619127244,0.6503410641200547,0.5696579275041506,4.651313009357079,5.074644447917481,0.3230224108850151,0.42874040306154887,0.925,0.5750000000000001,1.2090926,0.48339668,-0.5199136725874902,2.4924335,1.1312073,-0.4689123808576426,0.25732842,86.2362,0.0,0.6974948912053363,-0.08705615464296952,,,,,,,,,
Batch_3,hzumfsms,S2088,w3,0.08744892540365938,0.051579582011208984,0.056522405646198794,14.48302194836144,0.424263142959423,1.2828336258339186,3.3441051547383953,3.495036365670374,1.92423521606131,0.8995835261453031,87.77589059612993,2.886321458440846,0.13065230483551227,3.596922440973366,0.32075050256868437,0.5101551780463901,0.4364270386266094,1.1689357736674508,4.003998297809355,4.072390557163532,0.983205869281405,0.0788227497553247,0.6733133971291867,0.5541009714922758,4.441216922005572,5.489812273089524,0.28840640382818955,0.40456865802933684,0.8,0.525,1.2068018,0.36544296,-0.6344966085257995,2.4362867,0.67263126,-0.6296028486448477,0.20428506,80.96677,0.0,0.37350486230471175,-0.04371991459928608,,,,,,,,,
Batch_3,kbdh4tri,S2060,all,0.05873855914767735,0.07141204862153716,0.0758684521878138,37.70059720415039,0.3843010364129314,0.6420368389804505,2.4139735244315648,3.319154509806869,1.987219965581082,0.7880184331797235,88.85774975255507,1.8104246440743155,0.02430556377311336,3.2700423481103673,0.44474503108115104,0.41262093184291226,0.35983747941405914,1.1466869224262102,6.235026204270477,4.925942578231559,1.2657529204306899,0.049927643212224336,0.5548172471082412,0.47725326540566915,9.185189789491131,6.792854793078493,0.21396049122636918,0.3288825876171328,0.55,0.4,1.14311,0.33662716,-0.7182488144334281,1.8690665,0.5015545,-0.6087313974494871,0.2579101,-89.768394,0.0,0.21537232049052915,0.023402349993782306,47.0,61.0,108.0,23.421350479125977,0.0,0.0,0.14901871979236603,0.2514633536338806,True
Batch_3,kbdh4tri,S2060,w0,0.04917008641110333,0.07954992826877523,0.0836636785737156,48.04323891502351,0.39563704821334633,0.6475897041018776,2.3228281533639406,2.9266995365855206,1.981787298865964,0.8054294317258519,94.30709861097209,1.4119285675887265,0.05822915076362856,3.2423425452621086,0.451696211269198,0.3597661325249026,0.3284645315773721,1.0952967457314555,5.252557512214984,5.232421841724167,1.003848250599799,0.040213414295087804,0.4970381600354978,0.4423031980319803,5.918491180981595,7.629347487945248,0.18618475795971934,0.3039521201088513,0.45,0.35000000000000003,1.2001233,0.23292385,-0.8287650550587847,1.6095102,0.37014797,-0.6911139367503187,0.1644446,79.67797,0.0,0.30370592769578025,0.02528078300773729,,,,,,,,,
Batch_3,kbdh4tri,S2060,w1,0.0690565953802867,0.07194057985520301,0.07727707130015112,30.6942915290428,0.369963851016596,0.6420368389804505,2.9755107466333195,3.6444038142814437,1.9600529599152965,0.8341968911917098,85.8550473203661,1.9980768859724567,0.07564618729366293,3.1266306098964063,0.3837056504599211,0.4470697329376855,0.3960013462401436,1.1289601340561426,4.179278245345576,4.811998852470774,0.8685118956750539,0.060615943237802915,0.5882462894766208,0.5158001141661117,5.4087701196863405,6.608740644136993,0.2431599491856177,0.3540357850619865,0.55,0.4,1.0030878,0.19196777,-0.8724954706546353,2.0016418,0.8415759,-0.42737772150993575,0.2006327,-76.95321,0.0,0.3509778391019286,0.031990913033851695,,,,,,,,,
Batch_3,kbdh4tri,S2060,w2,0.06390362437304685,0.07119629889122432,0.0760565906940302,36.47727399103637,0.4052733940645593,0.7219104320735665,2.2398431487376818,3.3354383696837306,1.9689862762413592,0.7751134020618557,91.63802978235965,1.8709086449547154,0.08202013522097404,3.300039982649751,0.5233563077367206,0.42607639152555243,0.36554681797066824,1.1655863779389843,4.6137096774193544,4.670016611295681,0.9879428835991433,0.054848808371979224,0.5676086188625928,0.48166478613191094,5.4076867707228375,6.37261080752884,0.2296389318595882,0.3485767179891387,0.6000000000000001,0.42500000000000004,1.209848,0.33743882,-0.7114332967641207,1.9243486,0.47664335,-0.6232554806498876,0.17179127,85.38667,0.0,0.33781917223698843,0.05695216604034539,,,,,,,,,
Batch_3,kbdh4tri,S2060,w3,0.052823930426272536,0.06296138747094607,0.06647273880059235,36.922118795805105,0.3767830913475449,0.6364348593288033,2.129953205013544,3.275429006562991,2.0373385773227444,0.7631476431632256,88.52411614897851,1.7240209030940676,0.08780231058712071,3.299641417004626,0.3527723504542394,0.3890834731543624,0.3429264630484143,1.1345973993830616,5.231530864197531,5.046444811905746,1.0366765236102697,0.043702943760495556,0.5267352981682965,0.4612763801120783,5.521074868253681,6.778990575762038,0.19772304212489056,0.314573281005784,0.525,0.375,1.1026571,0.3698078,-0.6991228560075536,1.8610834,0.5292393,-0.6058688150189361,0.14964865,88.174515,0.0,0.3748475420369491,-0.020614462106805162,,,,,,,,,
Batch_3,mgxahqnk,S1904,all,0.06914829935410591,0.06966080031669025,0.0748355514292496,17.326518236160442,0.4231421876608173,0.8846444661834767,3.333839222330709,4.787228498631027,1.8194663470633428,0.868313413521481,85.54968379104218,2.246071032424715,0.037453969648788145,3.4978517390028325,0.41044952385643263,0.5009606962995402,0.42404360670357844,1.1813895749871064,6.395941255462491,4.726423292155,1.3532307328627518,0.06162359703331505,0.6483512465021624,0.5360222064169433,8.814161917928313,5.788102322902669,0.23350611203673702,0.3285131922743539,0.7000000000000001,0.45,1.1528136,0.39769116,-0.643451732257527,2.240452,0.8459635,-0.4500837739857609,0.314762,89.72568,0.0,0.24310650458217278,-0.015001153108240042,63.0,55.0,118.0,1.4098248481750488,0.007466796856199525,0.09022556390977443,0.1509452611207962,0.2066652476787567,True
Batch_3,mgxahqnk,S1904,w0,0.05427381433673126,0.05328836861204963,0.056346508555937626,14.920057370027047,0.4869711133187718,0.8593479713983122,3.3626125158816187,3.919737104252737,1.8952796690943199,0.8713450292397661,80.37579292885539,2.218235620116672,0.10286708752016051,3.8137418602954196,0.5072284534831126,0.4804116433148691,0.404024313087491,1.1890661718935625,5.266953250940356,5.514286473840919,0.9551468310408099,0.046935612733065735,0.6539073187414501,0.5333241265018644,4.807110869038974,6.971892401652596,0.17673670011477707,0.26760933984869306,0.775,0.42500000000000004,1.354918,0.3834799,-0.7089459718786194,2.254719,0.61126524,-0.623875824221333,0.23418055,-84.0939,0.0,0.566318761863784,-0.008810318558310784,,,,,,,,,
Batch_3,mgxahqnk,S1904,w1,0.07326831076073041,0.031101100233907997,0.03355998353680783,16.845226062933765,0.43402946664033404,0.6376839966627614,2.368301925957542,3.566258343679519,1.9934661505787328,0.881367181018749,73.1564103304552,2.6495839074377225,0.14139145714614157,3.614096998393488,0.36464681469710675,0.5243362629314291,0.4522787193973635,1.1593211010017854,4.364740056204064,5.03829737335835,0.8663125124936172,0.06673988323851877,0.6783093994778069,0.5625424776027186,4.815726474486415,6.29838204592902,0.23712315684311766,0.3235164256084525,0.8,0.5,1.162741,0.4608094,-0.5963353996236821,2.8954525,0.6242247,-0.6699513565482524,0.26603135,88.34649,0.0,0.45232629349108827,0.03782400167900137,,,,,,,,,
Batch_3,mgxahqnk,S1904,w2,0.07419239173332563,0.106842651149807,0.11540481002293891,21.658147795200552,0.40995803213775533,0.8763119310031076,3.796540720121101,5.470596273083533,1.8049673427023107,0.790273556231003,95.7771424721091,2.056011139226038,0.08303060281215031,3.2424677940926516,0.34118729598294584,0.4978454313256983,0.43404819106840026,1.1469819286661753,4.778674790555979,4.410610233077906,1.0834498035482096,0.06576887627903395,0.6373248634528615,0.5505832744167256,5.3715083170987565,5.228382838283829,0.24847278666013442,0.3513849171408275,0.65,0.5,1.1409198,0.20306449,-0.8434950853338102,1.8219472,0.5584704,-0.49592115333689823,0.18278262,89.968704,0.0,0.38399930098540774,-0.05267592303968796,,,,,,,,,
Batch_3,mgxahqnk,S1904,w3,0.07485868058563631,0.08741108127099637,0.09448403118166818,17.326518236160442,0.5326068968994031,1.085940657252892,4.680125192426662,4.6844697704717815,1.9838927162811792,0.8847066026202933,97.70231116501581,1.9068084086511108,0.08340867720275337,3.1917807606913935,0.44943378583575033,0.46834518620478705,0.4048072532776727,1.1569584843469474,4.521129799225079,4.207361100971016,1.0745761275830708,0.0664841967714921,0.5934335443037975,0.5059032228529574,5.323460302584015,5.088657911944202,0.2705199859632985,0.37634276255859705,0.6000000000000001,0.42500000000000004,0.98437583,0.335593,-0.696595846125366,2.2085056,0.695619,-0.46849884212429377,0.2065038,85.60095,0.0,0.37871168963037394,-0.03634237251396276,,,,,,,,,
Batch_3,pl8uabbv,S2272,all,0.08149758552748335,0.059090105855637835,0.06433309801321804,22.687672426310435,0.3916942373453208,0.9304852983362557,2.9950674798726356,3.527473658096917,2.088993563307233,0.8623481781376519,90.64985560556924,2.9344731110267492,0.06188102924971484,3.3271277075559182,0.4631935975002192,0.4824445037760317,0.43693375965747694,1.1041593676676111,5.307249909997339,4.241491716011724,1.2512696629731364,0.07247747114128067,0.6350429961529759,0.5625531724576609,7.663536025429715,5.751186477223723,0.26764516057466675,0.38364393492431975,0.775,0.5,1.2290994,0.42762995,-0.600253035423349,2.2559009,0.80235,-0.5194669841981874,0.22973163,88.7841,0.00012856347708242578,0.2077338725567168,0.01207889390099258,60.0,52.0,112.0,1.8330883904127404e-06,0.030065073286223643,0.390625,0.17763686180114746,0.2673816680908203,True
Batch_3,pl8uabbv,S2272,w0,0.10465999749931433,0.06194490828130294,0.06918590491689273,33.47692109126695,0.3752967709640304,0.5870012366204637,2.515646056443276,3.2426604430103896,2.1423793390134094,0.8249534450651769,90.75068970524174,4.028661649193591,0.19274429941928384,3.0573675450018265,0.4746805665610143,0.5425437876299946,0.5170745133363359,1.0492564874824761,3.540080372250423,3.7111464968152874,0.9539047772132778,0.09504269315780134,0.7293450012182248,0.6711241694648854,4.120864857196898,5.039159417933501,0.3003625605324748,0.42770006707930586,1.0,0.65,1.2027091,0.32720268,-0.6497605718391276,2.0421293,0.8284347,-0.5024093600744327,0.13241991,-79.19359,0.0,0.40165124193824603,-0.0434358319269914,,,,,,,,,
Batch_3,pl8uabbv,S2272,w1,0.07069680396237678,0.05045965224335705,0.05429837372615059,21.37682913056805,0.3934852626478806,1.1241397814105012,3.026451078009968,2.7862528090306244,2.0657809482984013,0.8892857142857142,89.13734411048188,2.1182174124063122,0.08153383158375171,3.4669378276015665,0.38592060027990416,0.4549038845284023,0.41872631008964567,1.0863990954640785,4.094466493665089,4.943537482600914,0.8282462726490528,0.06177147362986626,0.6002513826043238,0.5423100899456764,4.6390585721468085,6.7706830031282585,0.2392478433223314,0.35187885383971623,0.675,0.47500000000000003,1.1528752,0.22682257,-0.8333931511891656,2.1141658,0.7378966,-0.5482198348896258,0.14789353,73.1914,0.00030250229901747247,0.29111312428777,-0.005664606655616781,,,,,,,,,
Batch_3,pl8uabbv,S2272,w2,0.06284081925689301,0.059867473742800444,0.0638818623057498,21.37682913056805,0.4217702846204704,0.9149617481968138,2.714420313470009,3.865625777587567,1.8145338184943194,0.8783783783783784,86.31398931965215,1.859512010126925,0.0928940485550617,3.132568077780154,0.30160178299902096,0.4091449334419995,0.3743109812365426,1.0930615289201036,4.21434765625,4.607211733658141,0.9147284518013229,0.05490694020941226,0.5292844166330238,0.4709981334992446,4.336380690345172,5.905526827769815,0.24219389422322207,0.3453294342294029,0.5750000000000001,0.4,1.149962,0.42361867,-0.6239865337532595,2.2134733,0.5499599,-0.6371434129234456,0.14109796,80.29599,0.00021175160931223073,0.3944660146733539,0.04271255427535531,,,,,,,,,
Batch_3,pl8uabbv,S2272,w3,0.08779272139134923,0.06408838915509091,0.07025638871555825,16.536792346288497,0.4278179338873952,0.9869286963719313,4.16087427225774,4.03456842406871,2.1127649625422493,0.8831838840437293,101.64077246987074,2.647009774699578,0.09624539863208006,3.3722645056603406,0.5520421025351051,0.4820947343537617,0.42289751149310423,1.1399800690518433,4.1898014618727775,3.9059878231949363,1.0726611683202056,0.07795761539454367,0.6252606429192007,0.5456016159557432,5.344976839938241,5.591317328783817,0.29306870870526963,0.4172225796011382,0.7250000000000001,0.47500000000000003,1.1700736,0.2616717,-0.741944192808775,2.5368829,0.80666876,-0.5019339118863393,0.20775352,-86.09221,0.0,0.2880927779843164,0.05470345991122308,,,,,,,,,
Batch_3,ptg8lmto,S1612,all,0.0606194165181528,0.0549281910584704,0.05847277666191176,18.75964629539621,0.3858472931484584,0.9327891212489339,3.1154162462635755,3.87621620601178,2.142948274157844,0.8484261620318708,82.71298593879239,2.214159275256005,0.06618205156007773,4.05887026448158,0.5203509438261993,0.43542561898915494,0.35089103815058653,1.2409140492276978,6.107385063587507,4.634454383045372,1.3178218100345718,0.05334356942063959,0.5592175957018134,0.4449700608091338,8.514074814844152,5.772535706146016,0.23712754190018503,0.3370382766895306,0.625,0.375,1.154072,0.35459152,-0.6989133295440075,2.3523831,0.8502697,-0.49358754654473846,0.3369108,-87.5634,0.0,0.16999471047132833,-0.0021574467002525724,65.0,56.0,121.0,3.767075777053833,0.002788454432534911,0.14615384615384616,0.14775463938713074,0.2612490952014923,True
Batch_3,ptg8lmto,S1612,w0,0.0607517644015815,0.05508087965686902,0.058643580652324154,11.937956733433952,0.44334676576974236,1.3811125924255292,3.560881115135874,4.078105604676804,1.8920753366883158,0.8780487804878049,71.05926627044019,2.4805635032972253,0.15019679628514115,4.946556682183554,0.5628399155863731,0.4701579361510792,0.36972483537158984,1.2716428304810783,4.727361913721275,5.192223883785516,0.9104695828860672,0.05476679769995367,0.6001710421638823,0.4615038729158462,5.067788561886871,6.445714737507907,0.22860817330137279,0.31295913104945516,0.7250000000000001,0.4,1.094797,0.08313621,-1.1432491767648245,2.095737,0.63905317,-0.5966442159711377,0.2492718,-89.53747,0.0,0.48820136939979236,0.020015964597368055,,,,,,,,,
Batch_3,ptg8lmto,S1612,w1,0.060248664796386776,0.08130032772533603,0.08651259613025283,25.581335857358468,0.38840517705623057,0.7740919588401536,2.360622545831513,4.746490570058443,2.13486871212,0.8455675892498997,88.11349017534583,2.7140827864073964,0.26635726206412574,3.3352723047703,0.2536434583014537,0.41134342525979223,0.3824759881787958,1.0754751617701601,4.694326424870467,5.074564281871974,0.9250698511476457,0.05200330283469625,0.5370003017046312,0.5015245187579036,5.500259865255052,5.984960445882777,0.22059388354841222,0.32793848599161823,0.525,0.47500000000000003,1.4207457,0.37586525,-0.6506610711179849,2.303958,0.993138,-0.4017777868359943,0.09157844,-74.10305,0.0,0.4684955850906145,0.030411106288889062,,,,,,,,,
Batch_3,ptg8lmto,S1612,w2,0.060186487938400146,0.03464636645547853,0.03686515038443886,18.75964629539621,0.40066436112994763,0.7943861462534233,2.520819792921143,2.43027956165312,2.2315262807046254,0.867586801811516,86.40806778485526,1.7550114236589132,0.10463523772417618,4.221855840088469,0.5868462437508031,0.40289397131106436,0.3317120622568093,1.2145894501694257,4.927860510579577,3.9736252639309644,1.240142233670173,0.052646033898112385,0.5042104127714656,0.4141815235008104,5.5701138182464875,5.090114229304753,0.2529859014635816,0.35770744249739245,0.5750000000000001,0.35000000000000003,1.095266,0.08304661,-1.1332857660463171,2.4469836,0.3284246,-0.8514716363812611,0.28277358,88.72983,0.0,0.4336524180791231,-0.043399883591128084,,,,,,,,,
Batch_3,ptg8lmto,S1612,w3,0.061290748936242784,0.04868519039619804,0.05186397208829824,20.465068685886774,0.38133106870181904,0.9711444845637294,2.6357929031732406,2.950667501202213,2.2909684106831096,0.8327363056781594,90.95586082616344,1.726843607892774,0.07876247782685819,3.7489071262858746,0.6836629708531035,0.43817916709301136,0.32708382020721355,1.3396540581414784,4.340443562928237,4.447551272984442,0.9759175997122721,0.053153752355614675,0.5788027401525767,0.420189301840917,4.4634820709105565,5.6549761034579715,0.24397819696408415,0.35694842898318446,0.65,0.325,1.1613449,0.4208484,-0.627181249079157,2.1933665,0.6089869,-0.627355377213589,0.35771975,-84.846725,0.0,0.34806846708886524,-0.01565697409613937,,,,,,,,,
Batch_3,tuy3zymq,S2060,all,0.06616607724730035,0.06135334300870784,0.06570048647178518,40.036032429186264,0.37941474250499924,0.5917254990398244,2.019718654718269,3.1958912645455753,2.2047882622887442,0.7685898686435166,83.29718969294586,2.1103592074478112,0.031347761504474055,3.7154726353008556,0.4288891488840789,0.47275982977703196,0.40552929731218895,1.1657846496182664,6.166422412006137,4.8229735075058855,1.2785519975196777,0.05852677131640699,0.6121995086857344,0.5180876464297262,8.372592730200012,6.261502277971718,0.23186404759848098,0.33009450050730504,0.65,0.42500000000000004,1.106611,0.28821513,-0.7697447196680244,1.8810586,0.72900355,-0.5245907902227164,0.28451285,83.80571,0.0,0.21035546703177024,0.0007524954277031591,47.0,61.0,108.0,23.203998565673828,0.0,0.0,0.14897900819778442,0.24836339056491852,True
Batch_3,tuy3zymq,S2060,w0,0.06519117205484937,0.045810396023087445,0.04900509564483418,37.36696360057385,0.3763613946086751,0.5808622658420303,1.894517112614547,2.2649162357825308,2.047337918979861,0.7698151587052975,79.18237524883504,2.0525078841524196,0.08894262550271453,4.046742668471459,0.6330305822473784,0.4596728742955158,0.39142323483879654,1.1743627699690007,4.534416236374068,4.670631416062802,0.9708358105029921,0.05786207586828145,0.5859667176290722,0.4838302859821848,4.677560329605651,5.550149435466017,0.24164014491253685,0.33479366544361244,0.7250000000000001,0.4,1.0741448,0.17934607,-0.911390241457044,1.9131063,0.5056508,-0.6995207314209754,0.26011488,87.30014,0.0,0.34100954238559417,0.019393969724267004,,,,,,,,,
Batch_3,tuy3zymq,S2060,w1,0.06253822885040981,0.08268747428240972,0.08820356928369652,54.27106618178582,0.374558639552788,0.5697881440538091,1.7169677521069844,3.45000839688335,2.357929871769837,0.7674455332655388,87.63442653944104,1.9120200450303038,0.09917976304265677,4.137168584304234,0.4271535356692994,0.4606763756793478,0.3919481942186727,1.1753501673803626,5.196275214699421,4.9414869059937905,1.0515610611851636,0.055179939723528956,0.6034003286563013,0.49789015575689716,6.022525915127956,6.38669856167723,0.2254026958110583,0.32122897558100016,0.65,0.42500000000000004,1.0758055,0.26774865,-0.799367656387575,1.7011578,0.5103499,-0.5801840966602397,0.21281393,86.217285,0.0,0.3301474058936554,0.032629821384700775,,,,,,,,,
Batch_3,tuy3zymq,S2060,w2,0.07795349147566143,0.05276721271366452,0.05722836345653996,36.922118795805105,0.3805609824527747,0.6314135985589777,2.10441123933363,2.5482284293906723,2.131434002836118,0.7640449438202247,78.73753044406631,2.287895442037253,0.07754119409372993,3.4002577703070838,0.256323297741992,0.5221326368385192,0.4630718845591169,1.1275412182184912,3.91195279535865,4.63519419278182,0.8439674008589669,0.0705420990002113,0.6601570763697906,0.5790614381485902,4.298954920718123,5.9422333765112265,0.25354527838500346,0.3465939848282804,0.675,0.5,1.0318732,0.24450305,-0.8153620343186839,1.7562734,0.4266606,-0.728688838522488,0.17233837,75.16545,0.0,0.43844462923690664,-0.0478703560477156,,,,,,,,,
Batch_3,tuy3zymq,S2060,w3,0.05898141660828079,0.06414828901566966,0.06816899277850558,33.80820516242396,0.399937155102753,0.6575915022867458,2.2717915864603055,3.7847262183392307,2.0721564166926965,0.7985004030356952,91.63802978235965,1.7403367280459037,0.08105419954558739,3.290358425391277,0.4324060901711569,0.4210745631693374,0.37249340839449874,1.1304215153342727,4.756836121029882,5.066656705713603,0.9388510801739655,0.05031083530733216,0.5603127747770381,0.5087291619091117,5.503903891977761,7.480959463198672,0.2096543791193068,0.32331652282965717,0.525,0.42500000000000004,1.1097993,0.22010428,-0.8587957282470009,1.733051,0.39453083,-0.747205346596789,0.14580788,71.2723,0.0,0.24906043816559936,-0.0011434533504396242,,,,,,,,,
Batch_3,ufdvpb81,S2088,all,0.08343228693499756,0.05458858068579303,0.05955760813704513,16.896858939755013,0.40586372848545077,1.0800942373598366,3.325628528574872,3.798602467292284,1.9750120543397256,0.8584897788902794,80.86353921168471,3.0236348536238875,0.04344191757920666,4.403157950726727,0.5862003253112928,0.5285553176177353,0.4437194638324873,1.1911925455162706,5.361920983398349,4.646195047535567,1.1540456068977167,0.07599814902590706,0.6730387221922114,0.5564768550108957,7.272325177076627,6.131236766121271,0.2736793049832519,0.3704309154464107,0.8250000000000001,0.5,1.1589856,0.33899525,-0.6718106996828269,2.3698425,1.0499588,-0.4279883502113905,0.22495256,88.81504,0.000405963494007101,0.42103924089383993,0.06971494350512937,50.0,59.0,109.0,2.538525342941284,0.004561466164588572,0.4956521739130435,0.14591889083385468,0.260768860578537,True
Batch_3,ufdvpb81,S2088,w0,0.093706249204531,0.030301608932074627,0.033434644016334,15.799660307303387,0.40329652119699877,1.0641369367232938,2.5204330726386504,2.3558538141793206,2.0015361929713973,0.8676116838487973,79.87606044247825,3.562088978589934,0.1530296821029214,4.995380331363654,0.6565800563057006,0.569934033092791,0.4983237822349571,1.1437022542585977,4.384945179109474,4.764775465131843,0.9202836967236065,0.08670612192948962,0.7273364722559741,0.6266845362622037,5.402330767350929,6.138989625198617,0.27817757625127854,0.3704179893795485,1.075,0.55,1.1803521,0.39435464,-0.6032933683729161,2.718814,0.87930024,-0.5774760788001396,0.17280865,85.81237,0.0008667869196367832,0.5238437701990845,0.10938324015877901,,,,,,,,,
Batch_3,ufdvpb81,S2088,w1,0.07930853444984266,0.03835477259461144,0.04165865985484358,14.48302194836144,0.4151390147000953,1.1220140818442932,2.687986084096854,3.27049871553293,2.2389218728096467,0.8603945371775418,66.70967685305875,3.2834177132329674,0.16344840228131885,5.524773699398721,0.6064042577252551,0.522743205986609,0.4544790858432673,1.1502029956266973,4.6205225924235505,5.2671507760532155,0.8772337813890726,0.07277691099085815,0.660340971085652,0.5699975657254139,5.132253230318371,6.848792635861062,0.2544797870040118,0.34014514078840385,0.925,0.525,1.2594229,0.2599134,-0.7852799125204617,3.0095363,0.87798005,-0.5580859765203713,0.15095846,88.89111,0.0004169354803316172,0.5371782292657987,0.04805439837132238,,,,,,,,,
Batch_3,ufdvpb81,S2088,w2,0.08372942203964837,0.07472224416619487,0.08155041312417674,18.432937025187286,0.4308753345537546,1.0155538910894417,3.741023897675484,4.346593057007801,2.027829652892466,0.8548872180451128,82.50933716036214,2.7284656104325165,0.17315101163643987,3.4442328253506864,0.5698432781685983,0.49488673996555843,0.42901328329759353,1.1535464267251383,4.514690566037736,4.377049206655103,1.0314461530780497,0.07640260387179454,0.6199162570544331,0.521648456814738,5.762103762202479,5.842453625632378,0.2959638442535906,0.39153056525438606,0.675,0.45,0.9724656,0.20632032,-0.8194185633071872,2.150406,1.067788,-0.3787933578670249,0.15112534,-83.37192,0.0,0.44395468662522364,0.06947500893112052,,,,,,,,,
Batch_3,ufdvpb81,S2088,w3,0.07698494204596823,0.0749756970502912,0.08122911582448436,21.505093196051835,0.4180499566711172,1.195829069591754,3.450523552417734,3.792533022931347,1.7302183940764782,0.8630943162459347,100.06451527958812,2.1170218144938917,0.07091854913418372,3.1749812918809193,0.43536326554632354,0.45705277518967125,0.3970968234575443,1.1509857248670163,3.9563533175897008,4.254728491985607,0.9298720999570387,0.06794018511935326,0.589028129258322,0.5126725615807994,4.704737565758011,5.787706237424548,0.2699824498606782,0.38581724370131776,0.65,0.45,1.1356641,0.23069927,-0.7817041610324454,1.9247029,0.7169838,-0.5149613870104498,0.11523354,78.839424,0.0003401315760600035,0.4191408394349628,0.05194712655929545,,,,,,,,,
Batch_3,utfgcjfa,S2068,all,0.07447743760841975,0.05942233405197497,0.06420409017196267,18.51102625351238,0.40605861448868347,0.9106026869654925,3.153612956774637,4.087636345101976,2.006763651451126,0.8732903225806452,82.91166250076203,2.975341433168772,0.0956211542665259,3.1765165605600467,0.36420491177590336,0.49319100579369957,0.4300095584963497,1.1469303322425708,5.835597543602972,4.656760914685213,1.2531451905122009,0.06661406172928455,0.6467234636107541,0.5562526871446998,8.282233681424584,6.071557557362441,0.24578814681571723,0.34993883907051954,0.775,0.5,1.2127454,0.30586907,-0.7120906703500797,2.39062,1.0454373,-0.4236038427834507,0.2540332,-89.60396,9.421779829632051e-05,0.2683016062980177,0.011183812444122044,65.0,52.0,117.0,0.8717816472053528,0.010859432587165319,0.12878787878787878,0.14912419021129608,0.24133095145225525,True
Batch_3,utfgcjfa,S2068,w0,0.08009177921998747,0.05489627728852261,0.05967581987904698,24.385783088459426,0.4070359133205957,0.9591222920311858,2.0504354617793537,3.3386661232397072,1.931519938050233,0.8798586572438163,83.35504037509767,3.080070953868022,0.17640057573073514,2.960896227106134,0.23489324488620608,0.49703985298356884,0.4591891025641026,1.082429548541349,4.123447806728232,4.620087024752122,0.8925043586055534,0.07242494443921012,0.6504893750654245,0.5868306801736614,5.180452024761414,5.439947543089605,0.25598252643960434,0.35986769471615854,0.775,0.525,1.1360722,0.41026026,-0.601303316273903,2.2502034,1.0295742,-0.44040084386064215,0.1464032,82.811584,0.00037687119318528204,0.5202092032254835,0.0620209331018844,,,,,,,,,
Batch_3,utfgcjfa,S2068,w1,0.06407059684204108,0.05780982414525059,0.06176729136854983,17.735114973425034,0.4683433532747928,0.8800078244691019,3.1481795783060345,4.302355365684059,2.0605475082269598,0.8625860666309502,95.32624298215957,1.8470033940334578,0.0649844945482226,3.1290774836729462,0.38616068419089394,0.42378847166829714,0.3884940492291047,1.0908493257727572,4.832724706904038,4.605497901564289,1.0493381628211296,0.055377896504519686,0.570095343940103,0.5224670879410217,5.851850322774359,6.348328218897839,0.2238410665152737,0.34055844278978653,0.55,0.45,1.147775,0.38926104,-0.6645159351586252,2.4469028,1.2703913,-0.3719602936677632,0.123847224,-77.98905,0.0,0.4102779022199731,-0.023422914418764547,,,,,,,,,
Batch_3,utfgcjfa,S2068,w2,0.06722800152965366,0.07237534153951883,0.07759167476961917,18.621870722096286,0.4430734766735054,0.9156896736589508,4.194007373768764,4.245369941890129,1.822089072713036,0.9064707242157495,86.90206336978268,1.9480262109536024,0.06147079797034661,3.36848973514589,0.556290776283438,0.4717872816096713,0.38270840480274443,1.2327591338184483,4.1891914749661705,5.313857663961885,0.7883522178956539,0.05904352308058947,0.6144686378819746,0.4876662636033858,4.6762942257619855,7.399154520610339,0.23452296557463273,0.33576159977291054,0.775,0.42500000000000004,1.1705123,0.25430143,-0.8047906219337138,2.255837,1.0391119,-0.3853763990629199,0.24126779,87.07256,0.0,0.6500539155767181,-0.0014685410261989487,,,,,,,,,
Batch_3,utfgcjfa,S2068,w3,0.08651937284199675,0.05260789323460786,0.05759059543307464,15.518225601746906,0.3828030691305027,0.6633727592003539,3.6154653438272155,3.797432195522392,2.34796584447474,0.8220338983050848,71.38383776803576,4.376039157748664,0.32924966129543687,2.9753447663620385,0.3100007556666787,0.5376514827487883,0.4839765207431917,1.1109040618812946,4.25510752688172,4.125001739856636,1.0315407835511863,0.07914489034710945,0.691544560417503,0.6194533475783476,4.441333910248486,5.254174737485982,0.2693544880982641,0.3689999784270531,0.9,0.625,1.2867564,0.27453247,-0.7305038423798869,2.569907,0.79164433,-0.5338613903300544,0.15481478,-84.797516,0.0,0.5034076305947877,0.0076057721195672435,,,,,,,,,
Batch_3,vc2whyaq,S2068,all,0.07420906531868365,0.05921811335553384,0.06396488789979177,14.844651826446077,0.42520240297346573,1.2871351733263445,3.684422388742728,3.8694318276329835,2.0560274220799597,0.878759371564628,77.54668864561383,3.1597151986661247,0.09711651948366991,3.7797110253608985,0.5871651452648469,0.5046290331748167,0.40351212234823636,1.2505920026345951,5.817149909881671,4.471848609680742,1.3008378452903337,0.06685528513917414,0.6522100799217093,0.5076396333326042,7.852468050433142,5.893875474258148,0.2593096773091188,0.3583412509506643,0.8250000000000001,0.45,1.2043202,0.37059292,-0.6534301742597198,2.356404,0.7634036,-0.5264387954010328,0.3409848,-88.33048,8.308573783458626e-05,0.3180186531413279,0.012062343629395327,62.0,55.0,117.0,1.0534319877624512,0.009599587673178372,0.12213740458015267,0.15704770386219025,0.2501903772354126,True
Batch_3,vc2whyaq,S2068,w0,0.07758767760961224,0.0745655723721089,0.08083757183433517,13.736841988651594,0.5599421737028154,1.9939133578055859,4.1479446865826635,3.926708626928019,1.8644878885695315,0.8753117206982544,89.06791095867646,2.410556096229281,0.08507289004383398,4.125157349620267,0.5129566983651237,0.4860484900042535,0.3871560022650057,1.2554331772223346,4.031743074680058,4.247248921749846,0.9492598971616195,0.06944527530182279,0.6210956477732794,0.487693504628152,4.380490424748343,5.620063405797102,0.2842611616976746,0.3946210703314263,0.7250000000000001,0.42500000000000004,1.0789798,0.40722963,-0.6020168464949349,2.0594795,0.6133469,-0.565548439177646,0.26731834,-87.15342,0.000332342951338345,0.37386413343244085,-0.029659809038206055,,,,,,,,,
Batch_3,vc2whyaq,S2068,w1,0.06499631099324014,0.056905144890448685,0.06086087740562623,18.61120527494732,0.4411337653129603,0.9827713223983188,3.341755541634214,3.189168411533405,2.0270484808814317,0.8682112428007045,74.00169716467148,2.3972384352970186,0.09042797975149564,3.6819055911450675,0.4667335383478296,0.4731134100274726,0.38914857506541267,1.2157654950887231,4.4638883238405205,5.403819853808065,0.8260616461325638,0.058248087366315045,0.6211774377134185,0.4968899036022324,4.663556955966816,6.99201805440076,0.2260185546025678,0.31868120258029226,0.8500000000000001,0.45,1.1504534,0.3757564,-0.6727244478064273,2.2741418,0.8499127,-0.5095649110921103,0.24336341,-89.52541,0.0,0.5726511886543182,-0.003172739083972201,,,,,,,,,
Batch_3,vc2whyaq,S2068,w2,0.07748963643896743,0.04791277548461141,0.05193738452938425,12.850594118416009,0.4026260807983393,1.1019765041919731,3.03037064784561,4.327850505258599,2.348635066766178,0.8624849215922799,68.24108600814017,4.469493928198382,0.33546108922993345,2.9646331402108657,0.7007755743536574,0.5415462771868551,0.4643102160032605,1.1663458147624566,5.084979329352319,4.449003554681592,1.142947913359499,0.07050849579364604,0.6983625435344344,0.5912213013241879,5.301078129375526,6.014750361392194,0.2441421504464739,0.33550839142432215,0.9,0.5750000000000001,1.3447666,0.52551,-0.542471944670995,3.3223186,0.8574509,-0.5407148946673708,0.17843024,-89.89363,0.0,0.6147609117806924,0.0242931257074421,,,,,,,,,
Batch_3,vc2whyaq,S2068,w3,0.07676263623291481,0.05748896067496638,0.06226888439652636,15.952461664240559,0.40849702011650413,1.2098833945463818,3.4311522759964985,3.5862161927083647,1.9837732677621136,0.8960263574896662,83.75042373726293,2.658719215556259,0.17007313227669763,4.025264233221628,0.625310201352255,0.4712740470571409,0.38046566805785836,1.2386769336188121,4.032621652514696,3.9800761579110975,1.0132021329539525,0.06880662293033427,0.6094683609958506,0.4704588570073512,4.419640632785252,5.189620066231093,0.284113249489635,0.39065354286871823,0.775,0.42500000000000004,1.1116769,0.27355042,-0.7362003549313553,2.0582635,0.74546576,-0.5470115535777239,0.29832846,-86.37028,0.0,0.3235054071502593,0.05678879693231739,,,,,,,,,
Batch_3,x77cy643,S2068,all,0.07118494122472054,0.0647983600560873,0.06976454509849288,15.518225601746906,0.4350114080595917,1.5217499356365412,3.6330374389015248,3.563447841188544,1.8075812090658487,0.8794488463802543,90.33824189588377,2.4232160111480563,0.04263042697578365,3.4812352119482775,0.4995997377175797,0.46579620227643476,0.41068731362634514,1.1341869758855743,5.6852674932226215,4.589101614709389,1.2388628473598637,0.06245496943463779,0.6279237168640722,0.539017688164216,8.385009514464961,6.133379112977451,0.23674074372081996,0.3508812315506953,0.7000000000000001,0.45,1.1955744,0.44665658,-0.6048171970032714,2.0649383,0.7138694,-0.5412643061442508,0.25908202,-87.48267,0.0,0.2952549117907773,0.03259129886471345,65.0,52.0,117.0,0.4853370487689972,0.012234111830984355,0.10606060606060606,0.15007494390010834,0.2414058893918991,True
Batch_3,x77cy643,S2068,w0,0.06126955712092577,0.06774287408622591,0.0721643519714343,15.518225601746906,0.43910093584617965,1.3854272314662572,3.6872456072294586,3.943060110360355,2.0354477064774494,0.875968992248062,82.02490675209079,2.2746022558418213,0.11938887657676808,3.647800917922924,0.4918167016020361,0.44651236659325766,0.39349248229001016,1.1347417973392717,4.549064557972461,4.802813367063816,0.9471666313682965,0.053788109713855004,0.592630392788152,0.5046610617597294,4.798764353469796,6.245244599745871,0.21449114019925763,0.31189055884319367,0.7250000000000001,0.45,1.2946771,0.52426034,-0.5772909093795215,1.9596366,0.63976806,-0.5458236995051784,0.1856258,-86.393326,0.0,0.5629756143572091,0.0590002020614964,,,,,,,,,
Batch_3,x77cy643,S2068,w1,0.07902545543221029,0.09378356509064306,0.10183078961716079,21.282137968110042,0.4457631422655734,1.973930883023531,3.477813645907913,3.323775202005403,1.8700650391032707,0.8797410147565956,98.87326597684458,2.492312756098467,0.15360338878446997,3.077140951651914,0.4699529276402673,0.46607751419979954,0.42473290598290603,1.0973426066935286,4.088171121772904,4.5008149245689655,0.9083179802520808,0.07014127127521019,0.6121002079413804,0.5577809472063752,5.122593889626856,5.894356028667791,0.2627033300857537,0.3809790274129358,0.7250000000000001,0.5,1.2251254,0.48553005,-0.5560058399088361,1.6945779,0.49544632,-0.6075694638496556,0.15101807,-68.9195,0.0,0.42797158866347873,0.07033226306346999,,,,,,,,,
Batch_3,x77cy643,S2068,w2,0.0685728220447479,0.024866570970942123,0.026697278713223,7.980801738041266,0.5424964017567396,1.2558488305512765,2.986006803725599,3.081383061798422,1.6627150740514418,0.8829537136088172,90.44908636446768,2.1800884135773644,0.11910804345014872,3.6736064276684903,0.5348158262894674,0.45421745307709566,0.4007626841243863,1.133382600402283,4.470429874077291,4.570733489187609,0.9780552475116754,0.059098391092538505,0.631430295715148,0.5354242886178863,4.994589465530597,6.261008118260027,0.22555609024363044,0.34734018636536984,0.7000000000000001,0.42500000000000004,1.0646869,0.16338123,-0.9282673289428384,2.8457267,0.89613414,-0.6555663557176047,0.19116808,86.65618,0.0,0.3521637809115004,0.003621916954081135,,,,,,,,,
Batch_3,x77cy643,S2068,w3,0.07587193030099816,0.07280043007653811,0.07877742540625345,18.621870722096286,0.4224678462766172,1.3629680877051853,3.620804906163219,3.584945732835559,1.646806903780022,0.8863871338485771,94.43948723348831,2.6075558420279634,0.14073616853423715,3.3838150520272925,0.5006727446095632,0.4757558015754737,0.420518038852914,1.1313564642155112,4.533547390668184,4.516618070801318,1.0037482292284816,0.0665803927219522,0.6517365734576122,0.5552648638636785,5.619007607192255,6.196957599118943,0.24560532702741528,0.3675287144164323,0.675,0.45,1.1612674,0.4009606,-0.629824252660219,1.923134,0.5792775,-0.5947577780448116,0.18584692,87.505356,0.0,0.5054371432396908,-0.0025891866201935812,,,,,,,,,
Batch_3,x7u69zsw,S2060,all,0.05753574049978314,0.09252924854591354,0.09817799201741746,33.36336035765522,0.37941474250499924,0.7329035667832495,2.783678456601994,4.52545824831202,2.277039766013603,0.7950160504539863,85.63262491798173,1.9968107390336631,0.04978442053278148,3.232042103620255,0.35957508147405365,0.43200512927876067,0.3720430398470336,1.1611697653486024,6.522822151456989,4.923237021521275,1.3249051636034057,0.04965552330430721,0.5670278317358214,0.4824427015604682,8.99860917705397,6.421122737086863,0.2105584006265704,0.3121800260010476,0.5750000000000001,0.4,1.1476353,0.35385367,-0.7037618730362644,1.86491,0.71061766,-0.45984293595832043,0.27352586,-89.49218,0.000328073043516943,0.26681150031465595,0.00011817453890323327,47.0,61.0,108.0,23.770116806030273,0.0,0.0,0.14911644160747528,0.25584232807159424,True
Batch_3,x7u69zsw,S2060,w0,0.044046586372179404,0.107783115915435,0.11274933943318496,38.70149801488005,0.3853340369716668,0.7837972188868216,2.54314310103199,4.927858968691543,2.3377236600936104,0.791281861839675,88.96896095374724,1.4247802158334397,0.09665141234022409,2.9259183546553147,0.486654703374849,0.36575271354412464,0.3190141700404859,1.1465093023852426,5.7432387598672925,5.6323173022731545,1.0196937515486515,0.034710684060098536,0.5282616238723109,0.4446858864027539,7.304298136645963,8.837598832831326,0.15808584792235697,0.27692755447142536,0.45,0.325,1.1966274,0.23318435,-0.8408335979173467,1.6864773,0.46175066,-0.5733283202708713,0.1661355,-84.33736,0.0010787486515641852,0.40207851772109376,0.005863610582857904,,,,,,,,,
Batch_3,x7u69zsw,S2060,w1,0.0600042816312459,0.08266467598616532,0.08794154523343958,33.36336035765522,0.4056537135067997,0.817588381146626,2.722919148297687,3.7882701019311336,2.4058028909210516,0.788135593220339,77.4029960297601,2.017410076347919,0.12186951223467594,3.8143523430972075,0.338990014810568,0.4495447195983321,0.38258671034826575,1.1750139443921483,4.878775201612903,4.7495373363504125,1.0272106220269863,0.05352317085376839,0.5521116846550915,0.46691764132553615,5.335103016924209,5.750206972947762,0.23394504396665056,0.3158048465374186,0.5750000000000001,0.375,1.0778579,0.290092,-0.7884637069480295,1.892225,0.74716896,-0.4314014663056186,0.20829327,-84.67595,0.0,0.4458419080457924,-0.013239339648107506,,,,,,,,,
Batch_3,x7u69zsw,S2060,w2,0.06718769114425205,0.07423403285178883,0.07958088904599622,34.69789477196142,0.3949054386965989,0.6874457370047498,2.685120518602397,3.374538311850912,2.351048350786307,0.8117275953934309,85.8550473203661,2.4653092828922016,0.1653742065232684,2.883974461797045,0.34651746837179,0.46565996847911745,0.40249016601106746,1.1569474431986817,4.643249386307847,4.485977123937092,1.0350586411891298,0.059389839744659084,0.6092695317061778,0.5230435847208619,5.003862645348838,6.167317462192817,0.23542117570314863,0.34060211280912256,0.675,0.45,1.1278085,0.20808023,-0.8369734301204658,1.9950689,0.9676612,-0.39901263795161473,0.20416468,84.43465,0.00023354352250358652,0.3770014520612093,-0.0019902760969720983,,,,,,,,,
Batch_3,x7u69zsw,S2060,w3,0.0589044028514552,0.10543516943026501,0.11203449442301755,29.359757114736592,0.36563502020202887,0.6421038088660849,3.2031726162375014,5.258478966267798,2.164930671890369,0.8239077321069272,95.19678822050956,1.7528894899576577,0.0744153116371274,3.2658495726585297,0.33888650252845726,0.41978802180812114,0.37561578984836624,1.1175995076713547,4.946429589509693,4.956436183095181,0.9979810910065549,0.050647527218941495,0.5490158946976282,0.48941261979110584,5.634000953743443,5.912909511228533,0.21564625113846458,0.32148227629318027,0.525,0.42500000000000004,1.0815417,0.23131335,-0.8392310334796432,2.013603,0.87926483,-0.35917588162411723,0.13789017,88.116936,0.0,0.24710298259768024,0.009838703317834544,,,,,,,,,
Batch_3,xgj4xftb,S1612,all,0.06052437474951609,0.05881557704387767,0.0626046865539446,19.754476023182374,0.3816107610236958,0.5718945777447493,3.3184688077924145,4.724579481524335,1.9936158459308586,0.8241206030150754,83.42357860149679,2.5236494243235326,0.07654286200682128,3.5715326363165936,0.44687851788437183,0.44987222828546325,0.39892265456014836,1.1277179251238358,6.40718660790998,4.814806657559452,1.330725626926353,0.052538556757878344,0.609166943728701,0.5387523105360443,9.619117712308103,6.443060579752085,0.20286310461724527,0.3091808064235817,0.7000000000000001,0.47500000000000003,1.3408056,0.40215978,-0.6684703709460101,2.4553573,0.9276034,-0.4551223110119922,0.27030906,89.64369,0.0,0.31023316079965163,-0.03136830688812856,65.0,56.0,121.0,4.3788909912109375,0.001999607752850187,0.06201550387596899,0.1471191942691803,0.23060385882854462,True
Batch_3,xgj4xftb,S1612,w0,0.06694564534604441,0.0746502462914169,0.08000632108844574,17.054223904905644,0.39572090167693835,0.6758254396410117,3.6492720789416024,5.06406091548706,1.7733576548217507,0.8576668931876035,101.18839516910683,2.23663768021235,0.13987750899576482,3.586088991829233,0.5289184196741199,0.42211284853051995,0.39074230639161317,1.0802844780965855,4.263476288214324,4.77252384622796,0.8933378701887535,0.05791472319573417,0.5763248502994013,0.5351909977293977,5.162766953915324,6.475464841108857,0.2285412015207074,0.35336543871758513,0.675,0.47500000000000003,1.2653651,0.33140472,-0.7115886443930787,2.7289593,0.7893035,-0.486008580689986,0.16416515,-88.596985,0.0,0.6251813655167922,-0.08258822216937649,,,,,,,,,
Batch_3,xgj4xftb,S1612,w1,0.044736782265881035,0.05308944371963993,0.05557572272652547,14.211853254088037,0.38285685765363914,0.620608541902532,3.445643593239271,5.353017213336741,2.3066894732670167,0.8786610878661087,80.72332648322006,1.5861736686191434,0.08678145400829138,3.809274864229435,0.22999551859781914,0.3874437877425158,0.350451009132935,1.1055576318673077,5.510215389417824,5.239483471074379,1.0516714901073883,0.03721658011648035,0.5213934254606366,0.4811569247952346,5.919245337995338,6.259268197234542,0.16307628592027032,0.2602858255561112,0.47500000000000003,0.375,1.3079643,0.23027942,-0.8633596103551162,2.8299577,0.4866263,-0.6885289955870797,0.15566741,-88.93724,0.0,0.3618173638602467,0.03400322813391194,,,,,,,,,
Batch_3,xgj4xftb,S1612,w2,0.06271904018827863,0.06505227119626854,0.06940530533057673,19.32812042555973,0.3704288760072096,0.6471823707083082,3.9190273881432853,3.7321203255374775,1.9457807534296516,0.8617262857390025,81.29180061338357,2.1860084088779543,0.10677180698593974,3.373373595360862,0.5317212367252082,0.44962368421052634,0.39913556531284305,1.1264936610149252,4.249895229877974,4.5713473245754574,0.9296811045248379,0.05420187653310367,0.614943200801871,0.5399319484240688,4.359077916578446,6.3333348794063085,0.20718836545188624,0.3186517324060149,0.775,0.45,1.3259506,0.3729992,-0.6758937096999971,2.2372715,0.585369,-0.5748897220047053,0.19903697,85.838524,0.0,0.6526560458060817,-0.041811367465035394,,,,,,,,,
Batch_3,xgj4xftb,S1612,w3,0.06769603119786026,0.042470346968185343,0.04555418446062489,30.12912889866664,0.3794688375756223,0.49507435033691544,1.874119673215284,2.5850950076256236,2.1756270694455413,0.7682215743440233,73.9016369212578,3.3024528254163585,0.2138306024121679,3.6534177377335646,0.36675155784340285,0.4859529172029173,0.44913570197280217,1.0819734772105571,4.064494225155477,4.773666403518665,0.8514407756184098,0.060694206395902436,0.6396172702830936,0.5861475181260458,4.464931548835309,6.593915391539155,0.21706670310003404,0.31083835799505055,0.8500000000000001,0.5750000000000001,1.3631785,0.29408503,-0.7463049655560041,2.2495701,0.5852665,-0.5942045990729861,0.15563229,-89.14352,0.0,0.7156598691945163,-0.03507686605201416,,,,,,,,,
