fid,det,r,c,mean,std,dark_rel,bright_rel
4ih2ggld,BSE,0,0,55.48887,24.120972,0.10789520886479592,0.07762177136479592
4ih2ggld,BSE,0,1,60.697227,23.77277,0.07154316804846939,0.12727200255102042
4ih2ggld,BSE,0,2,50.702454,26.07445,0.18810786033163265,0.051144969706632654
4ih2ggld,BSE,0,3,51.70567,24.471634,0.14784458705357142,0.06662049585459184
4ih2ggld,BSE,0,4,56.251957,25.03508,0.11106405452806123,0.09801000478316327
4ih2ggld,BSE,0,5,59.83944,20.719076,0.039605588329081634,0.093994140625
4ih2ggld,BSE,0,6,56.921684,21.722225,0.07103495695153061,0.07486148756377552
4ih2ggld,BSE,0,7,54.26056,14.809929,0.0265316087372449,0.017931879783163265
4ih2ggld,BSE,0,8,66.0599,25.31552,0.05872827646683673,0.2003597337372449
4ih2ggld,BSE,0,9,51.161327,29.005009,0.1979382573341837,0.09623126594387756
4ih2ggld,BSE,0,10,49.636818,23.045792,0.15540298150510204,0.03505161830357143
4ih2ggld,BSE,0,11,51.505695,24.199635,0.1633250956632653,0.051478794642857144
4ih2ggld,BSE,0,12,53.372288,21.966282,0.10822405133928571,0.04658601721938776
4ih2ggld,BSE,0,13,53.168053,21.482368,0.10434271364795919,0.058230030293367346
4ih2ggld,BSE,0,14,53.702232,26.149748,0.1542918925382653,0.0856186224489796
4ih2ggld,BSE,1,0,54.25409,22.564138,0.10735710299744898,0.05833466198979592
4ih2ggld,BSE,1,1,53.35845,21.02269,0.09525470344387756,0.04510124362244898
4ih2ggld,BSE,1,2,62.835663,22.808561,0.04469268176020408,0.14253328284438777
4ih2ggld,BSE,1,3,66.756516,21.621836,0.018046476403061226,0.1755321269132653
4ih2ggld,BSE,1,4,58.729992,21.148052,0.051588408801020405,0.08694395727040816
4ih2ggld,BSE,1,5,58.340385,23.683702,0.08321707589285714,0.09406389508928571
4ih2ggld,BSE,1,6,65.65917,30.581022,0.12187599649234694,0.24583964445153061
4ih2ggld,BSE,1,7,65.73901,27.052822,0.06671018016581633,0.21391202965561223
4ih2ggld,BSE,1,8,52.220177,26.83527,0.1653679049744898,0.0697444993622449
4ih2ggld,BSE,1,9,68.6782,24.772053,0.05233577806122449,0.21635841836734693
4ih2ggld,BSE,1,10,53.643772,19.679504,0.0856186224489796,0.03353694993622449
4ih2ggld,BSE,1,11,52.883057,22.589956,0.11437739158163265,0.047443000637755105
4ih2ggld,BSE,1,12,51.744152,25.516243,0.16181042729591838,0.05430883290816327
4ih2ggld,BSE,1,13,56.78267,16.419464,0.03395049426020408,0.02719925860969388
4ih2ggld,BSE,1,14,60.386803,24.623838,0.08088030133928571,0.12724210778061223
4ih2ggld,BSE,2,0,54.887283,22.316854,0.08452746332908163,0.06953523596938775
4ih2ggld,BSE,2,1,54.79399,21.826532,0.08542430644132654,0.05662567761479592
4ih2ggld,BSE,2,2,57.64308,25.766613,0.10951450892857142,0.10977359693877552
4ih2ggld,BSE,2,3,53.321766,23.884932,0.14476542570153061,0.05781648596938776
4ih2ggld,BSE,2,4,52.85461,22.196068,0.1146713568239796,0.05146384725765306
4ih2ggld,BSE,2,5,58.836723,27.272926,0.1214176100127551,0.13424744897959184
4ih2ggld,BSE,2,6,51.523,30.815334,0.21879484215561223,0.10159239477040816
4ih2ggld,BSE,2,7,55.03799,27.756205,0.14205496651785715,0.11465640943877552
4ih2ggld,BSE,2,8,52.630825,21.500574,0.0979801100127551,0.037428252551020405
4ih2ggld,BSE,2,9,54.77304,18.044853,0.05714385363520408,0.037522919323979595
4ih2ggld,BSE,2,10,46.591076,26.810163,0.23317920918367346,0.04228117028061224
4ih2ggld,BSE,2,11,44.727024,26.528038,0.27842494419642855,0.02834522480867347
4ih2ggld,BSE,2,12,54.803043,23.965477,0.12319634885204081,0.05863360969387755
4ih2ggld,BSE,2,13,57.68737,29.742676,0.15971779336734693,0.1287218989158163
4ih2ggld,BSE,2,14,62.106544,22.2653,0.049485809948979595,0.11780034279336735
4ih2ggld,BSE,3,0,56.56595,23.945917,0.10300243144132654,0.07146843112244898
4ih2ggld,BSE,3,1,54.912212,23.963623,0.11084482621173469,0.06374063297193877
4ih2ggld,BSE,3,2,65.38883,25.807108,0.06365593112244898,0.1912218989158163
4ih2ggld,BSE,3,3,65.832504,22.841997,0.03186782525510204,0.16505400988520408
4ih2ggld,BSE,3,4,54.600178,18.965601,0.06560407366071429,0.03369140625
4ih2ggld,BSE,3,5,55.54551,13.097852,0.00601383131377551,0.014075454400510204
4ih2ggld,BSE,3,6,61.058117,25.28099,0.08086037149234694,0.13963847257653061
4ih2ggld,BSE,3,7,56.01017,27.305067,0.1417859135841837,0.1045669244260204
4ih2ggld,BSE,3,8,47.858513,27.41581,0.21716059470663265,0.04470264668367347
4ih2ggld,BSE,3,9,50.11977,22.359308,0.14115812340561223,0.025510204081632654
4ih2ggld,BSE,3,10,55.88361,20.5996,0.06640625,0.055987922512755105
4ih2ggld,BSE,3,11,62.907864,22.633137,0.04299864477040816,0.12911053093112246
4ih2ggld,BSE,3,12,62.6395,20.5101,0.014100366709183673,0.12427256058673469
4ih2ggld,BSE,3,13,69.06085,23.418499,0.024942203443877552,0.2134735730229592
4ih2ggld,BSE,3,14,57.84997,26.690033,0.11788504464285714,0.1233657525510204
4ih2ggld,BSE,4,0,65.37512,23.35948,0.03877849968112245,0.16468530771683673
4ih2ggld,BSE,4,1,58.896305,20.445236,0.05002391581632653,0.07431341677295919
4ih2ggld,BSE,4,2,57.186527,25.036488,0.10137814891581633,0.10276825573979592
4ih2ggld,BSE,4,3,63.20031,25.18609,0.0711246412627551,0.16062460140306123
4ih2ggld,BSE,4,4,63.002724,26.00604,0.07717833227040816,0.16453583386479592
4ih2ggld,BSE,4,5,54.54801,21.4507,0.10552355707908163,0.032435825892857144
4ih2ggld,BSE,4,6,62.80645,21.01168,0.04602798150510204,0.09563337053571429
4ih2ggld,BSE,4,7,58.666515,17.604687,0.024264588647959183,0.05389030612244898
4ih2ggld,BSE,4,8,56.241314,18.8779,0.055250518176020405,0.039072464923469385
4ih2ggld,BSE,4,9,65.02912,27.623133,0.08045180963010204,0.18460020727040816
4ih2ggld,BSE,4,10,60.419254,20.3669,0.03721400669642857,0.08586774553571429
4ih2ggld,BSE,4,11,58.30294,22.948277,0.08387974330357142,0.08526486766581633
4ih2ggld,BSE,4,12,58.260094,22.771835,0.0828384088010204,0.07863321109693877
4ih2ggld,BSE,4,13,57.824417,31.130983,0.19651327327806123,0.17117745535714285
4ih2ggld,BSE,4,14,52.900787,25.790068,0.16499920280612246,0.07030253507653061
4ih2ggld,ETD,0,0,78.34576,39.74367,0.11104412468112244,0.10093470982142858
4ih2ggld,ETD,0,1,81.513054,39.627327,0.07923608896683673,0.11353535554846939
4ih2ggld,ETD,0,2,71.60341,46.2,0.19341418207908162,0.10277822066326531
4ih2ggld,ETD,0,3,72.86149,37.78216,0.14205496651785715,0.06277901785714286
4ih2ggld,ETD,0,4,76.69048,40.984276,0.12837312659438777,0.10596699617346939
4ih2ggld,ETD,0,5,85.12351,34.472492,0.03867885044642857,0.1140884088010204
4ih2ggld,ETD,0,6,81.99165,32.087605,0.05990911989795918,0.07534478635204081
4ih2ggld,ETD,0,7,77.90997,19.694609,0.00957130899234694,0.02697006536989796
4ih2ggld,ETD,0,8,90.71503,46.05564,0.08529476243622448,0.2256806042729592
4ih2ggld,ETD,0,9,73.59809,44.73134,0.17750518176020408,0.10698341836734694
4ih2ggld,ETD,0,10,72.30852,42.69494,0.15235371492346939,0.09450733418367346
4ih2ggld,ETD,0,11,71.23984,46.375294,0.17099808673469388,0.10667948820153061
4ih2ggld,ETD,0,12,75.339806,36.89838,0.1184829400510204,0.07921615911989796
4ih2ggld,ETD,0,13,77.85074,37.167667,0.08614178093112244,0.09299266581632654
4ih2ggld,ETD,0,14,75.085526,44.576252,0.1647351323341837,0.11312181122448979
4ih2ggld,ETD,1,0,79.129814,39.910122,0.11930006377551021,0.10473134566326531
4ih2ggld,ETD,1,1,72.96861,36.508564,0.1031020806760204,0.06717354910714286
4ih2ggld,ETD,1,2,86.408195,37.07098,0.05409458705357143,0.13181102519132654
4ih2ggld,ETD,1,3,92.55345,27.525423,0.017857142857142856,0.10322165975765306
4ih2ggld,ETD,1,4,83.351006,33.57507,0.04994419642857143,0.10284797512755102
4ih2ggld,ETD,1,5,85.119576,40.657207,0.07899194834183673,0.13197544642857142
4ih2ggld,ETD,1,6,85.50272,43.647713,0.12658442283163265,0.1549396125637755
4ih2ggld,ETD,1,7,88.327774,38.15426,0.06052196269132653,0.1539032605229592
4ih2ggld,ETD,1,8,73.66169,45.2579,0.16426678093112246,0.10292769451530612
4ih2ggld,ETD,1,9,90.414116,34.964153,0.043088329081632654,0.14771504304846939
4ih2ggld,ETD,1,10,77.01031,34.897953,0.08245475924744898,0.07061643016581633
4ih2ggld,ETD,1,11,73.08171,37.16091,0.12065031090561225,0.07337671396683673
4ih2ggld,ETD,1,12,75.56918,46.02559,0.1726124043367347,0.11328125
4ih2ggld,ETD,1,13,82.40181,27.840206,0.02765266262755102,0.06178750797193878
4ih2ggld,ETD,1,14,79.48329,40.496803,0.09762635522959184,0.11743662308673469
4ih2ggld,ETD,2,0,80.51273,35.656586,0.06784618144132654,0.09093490911989796
4ih2ggld,ETD,2,1,77.79005,35.71614,0.07355608258928571,0.07977917729591837
4ih2ggld,ETD,2,2,79.47829,45.799698,0.13230927136479592,0.1468829719387755
4ih2ggld,ETD,2,3,73.61993,44.6938,0.14532844387755103,0.11445212850765306
4ih2ggld,ETD,2,4,66.61544,41.32189,0.1791095344387755,0.07196169483418367
4ih2ggld,ETD,2,5,79.99433,45.017967,0.11626076211734694,0.14962332589285715
4ih2ggld,ETD,2,6,74.98387,49.5189,0.20455496651785715,0.15617526307397958
4ih2ggld,ETD,2,7,73.04806,36.832645,0.13903559470663265,0.06385522959183673
4ih2ggld,ETD,2,8,75.85992,35.041412,0.09639568718112244,0.061109893176020405
4ih2ggld,ETD,2,9,78.34875,29.927608,0.04925661670918367,0.05600286989795918
4ih2ggld,ETD,2,10,68.62831,44.80145,0.21442024075255103,0.08011300223214286
4ih2ggld,ETD,2,11,60.576736,45.477253,0.29170320471938777,0.06066147161989796
4ih2ggld,ETD,2,12,79.29228,37.704315,0.11957908163265306,0.07103495695153061
4ih2ggld,ETD,2,13,81.682915,49.935543,0.1609683912627551,0.17185008769132654
4ih2ggld,ETD,2,14,83.08023,35.63123,0.054831991390306124,0.11682378029336735
4ih2ggld,ETD,3,0,77.96453,39.813976,0.1033512037627551,0.10223014987244898
4ih2ggld,ETD,3,1,76.27534,38.179733,0.10937998246173469,0.08125896843112244
4ih2ggld,ETD,3,2,87.6375,37.433186,0.05743283641581633,0.1297233737244898
4ih2ggld,ETD,3,3,92.09578,40.03182,0.021290058992346938,0.20346878985969388
4ih2ggld,ETD,3,4,75.49626,30.953905,0.06676000478316327,0.05599788743622449
4ih2ggld,ETD,3,5,78.39207,17.879627,0.0009367028061224489,0.020781847895408163
4ih2ggld,ETD,3,6,83.32249,35.777332,0.0862563775510204,0.08673967633928571
4ih2ggld,ETD,3,7,77.58834,43.819656,0.14670360331632654,0.12198062818877552
4ih2ggld,ETD,3,8,69.68349,45.70794,0.2090740593112245,0.08338647959183673
4ih2ggld,ETD,3,9,70.647194,35.24871,0.134765625,0.05056202168367347
4ih2ggld,ETD,3,10,76.47169,37.958454,0.08116928411989796,0.08383988360969388
4ih2ggld,ETD,3,11,83.72322,40.799866,0.05641641422193878,0.13210997289540816
4ih2ggld,ETD,3,12,86.57607,24.934456,0.004115513392857143,0.08806501116071429
4ih2ggld,ETD,3,13,90.16364,32.950775,0.020069355867346938,0.1344417649872449
4ih2ggld,ETD,3,14,78.4484,43.341976,0.11414819834183673,0.12111866230867346
4ih2ggld,ETD,4,0,85.93624,31.160227,0.03194256218112245,0.08722795758928571
4ih2ggld,ETD,4,1,81.783585,34.24789,0.04672552614795918,0.09517498405612244
4ih2ggld,ETD,4,2,76.8488,36.78566,0.09970902423469388,0.09002311862244898
4ih2ggld,ETD,4,3,83.814995,35.949707,0.07102000956632654,0.10960917570153061
4ih2ggld,ETD,4,4,80.53123,40.03869,0.09902144451530612,0.11478595344387756
4ih2ggld,ETD,4,5,74.50201,33.170273,0.10704819036989796,0.04453822544642857
4ih2ggld,ETD,4,6,82.781105,28.29686,0.04618243781887755,0.06123445471938776
4ih2ggld,ETD,4,7,79.61323,29.057535,0.031145368303571428,0.06100526147959184
4ih2ggld,ETD,4,8,77.900604,29.644318,0.052814094387755105,0.055873325892857144
4ih2ggld,ETD,4,9,83.88243,40.941936,0.08900171396683673,0.14797911352040816
4ih2ggld,ETD,4,10,80.99392,32.759052,0.04274453922193878,0.080810546875
4ih2ggld,ETD,4,11,77.03355,39.561832,0.10015246332908163,0.09820930325255102
4ih2ggld,ETD,4,12,81.438385,39.141937,0.08055644132653061,0.11527423469387756
4ih2ggld,ETD,4,13,73.57493,45.223797,0.21637834821428573,0.10400888871173469
4ih2ggld,ETD,4,14,69.19624,42.159122,0.18279655612244897,0.07646584024234694
4ih2ggld,Inlens,0,0,122.85487,56.307743,0.055494658801020405,0.1984813456632653
4ih2ggld,Inlens,0,1,129.14658,49.591515,0.02644192442602041,0.20985630580357142
4ih2ggld,Inlens,0,2,131.70834,62.2014,0.09491091358418367,0.2518285634566326
4ih2ggld,Inlens,0,3,110.59476,47.989204,0.05052216198979592,0.12458147321428571
4ih2ggld,Inlens,0,4,122.9378,53.946533,0.05234076052295918,0.21474410076530612
4ih2ggld,Inlens,0,5,120.17654,51.193317,0.04388552295918367,0.1772411112882653
4ih2ggld,Inlens,0,6,107.25104,43.435444,0.05789122289540816,0.08579799107142858
4ih2ggld,Inlens,0,7,100.45036,33.625298,0.0431281887755102,0.044089803890306124
4ih2ggld,Inlens,0,8,133.51042,51.570194,0.033860809948979595,0.2724559550382653
4ih2ggld,Inlens,0,9,99.55863,55.78071,0.15443140146683673,0.11847795758928571
4ih2ggld,Inlens,0,10,111.36119,53.047398,0.08023258131377552,0.15903519610969388
4ih2ggld,Inlens,0,11,124.70004,55.812912,0.051503706951530615,0.22607421875
4ih2ggld,Inlens,0,12,108.38171,45.975086,0.07567861128826531,0.11117865114795919
4ih2ggld,Inlens,0,13,99.42712,45.636093,0.1019760443239796,0.08147321428571429
4ih2ggld,Inlens,0,14,107.68746,53.359207,0.11572763871173469,0.13124302455357142
4ih2ggld,Inlens,1,0,110.72808,46.48272,0.07542450573979592,0.11361009247448979
4ih2ggld,Inlens,1,1,109.47624,50.63505,0.05172791772959184,0.1482531489158163
4ih2ggld,Inlens,1,2,120.844955,45.80748,0.016108298788265307,0.15255301339285715
4ih2ggld,Inlens,1,3,115.46059,34.600204,0.011594188456632654,0.07269411670918367
4ih2ggld,Inlens,1,4,109.649284,44.628227,0.03696986607142857,0.11684371014030612
4ih2ggld,Inlens,1,5,109.27594,49.37757,0.07943040497448979,0.1334851323341837
4ih2ggld,Inlens,1,6,118.308556,51.156937,0.08023756377551021,0.16651387117346939
4ih2ggld,Inlens,1,7,121.10413,52.557053,0.04678531568877551,0.2243054448341837
4ih2ggld,Inlens,1,8,103.67425,55.702667,0.1294543207908163,0.1352588887117347
4ih2ggld,Inlens,1,9,118.49345,41.28398,0.03839983258928571,0.10596201371173469
4ih2ggld,Inlens,1,10,103.81479,42.558662,0.05575872927295918,0.09689393335459184
4ih2ggld,Inlens,1,11,104.40162,45.32603,0.07046197385204081,0.10483099489795919
4ih2ggld,Inlens,1,12,108.325935,55.472046,0.12241410235969388,0.14261300223214285
4ih2ggld,Inlens,1,13,112.85992,39.80797,0.02565967793367347,0.095458984375
4ih2ggld,Inlens,1,14,117.48394,50.64236,0.053810586734693876,0.16907485650510204
4ih2ggld,Inlens,2,0,91.314514,44.088573,0.11729711415816327,0.0719467474489796
4ih2ggld,Inlens,2,1,99.74941,47.922836,0.08120416135204081,0.11014728156887756
4ih2ggld,Inlens,2,2,105.09726,52.410816,0.08495595503826531,0.14660395408163265
4ih2ggld,Inlens,2,3,103.67233,48.572556,0.07704380580357142,0.12594666772959184
4ih2ggld,Inlens,2,4,102.953285,48.307278,0.07153818558673469,0.12632035235969388
4ih2ggld,Inlens,2,5,113.439095,59.06649,0.09906628667091837,0.20317980707908162
4ih2ggld,Inlens,2,6,96.77647,59.845356,0.18649852519132654,0.1349150988520408
4ih2ggld,Inlens,2,7,96.640945,44.919914,0.10419323979591837,0.07230548469387756
4ih2ggld,Inlens,2,8,96.47458,41.153908,0.057054169323979595,0.07251973054846939
4ih2ggld,Inlens,2,9,98.72419,38.326466,0.03684530452806122,0.07292829241071429
4ih2ggld,Inlens,2,10,89.96366,48.171345,0.15501933195153061,0.08176717952806123
4ih2ggld,Inlens,2,11,84.677734,48.225746,0.2132842394770408,0.06012834821428571
4ih2ggld,Inlens,2,12,95.94339,41.929165,0.10771584024234694,0.05310805963010204
4ih2ggld,Inlens,2,13,114.236595,62.22308,0.14096878985969388,0.20268654336734693
4ih2ggld,Inlens,2,14,110.14408,42.261345,0.042360889668367346,0.10305723852040816
4ih2ggld,Inlens,3,0,88.4032,42.365322,0.08445770886479592,0.07192681760204081
4ih2ggld,Inlens,3,1,82.592476,40.985104,0.08021265146683673,0.06302814094387756
4ih2ggld,Inlens,3,2,94.36405,43.03719,0.08585279815051021,0.07444794323979592
4ih2ggld,Inlens,3,3,87.09772,44.340225,0.14277244100765307,0.06561403858418367
4ih2ggld,Inlens,3,4,81.7117,33.58535,0.06671516262755102,0.03887814891581633
4ih2ggld,Inlens,3,5,80.79828,24.372768,0.0005331234056122449,0.021833147321428572
4ih2ggld,Inlens,3,6,89.44781,37.7237,0.06963488520408163,0.04174306441326531
4ih2ggld,Inlens,3,7,86.00995,46.38706,0.14115314094387754,0.06690449617346939
4ih2ggld,Inlens,3,8,78.948975,48.217987,0.19960738201530612,0.060666454081632654
4ih2ggld,Inlens,3,9,81.949554,38.023464,0.12404336734693877,0.0390625
4ih2ggld,Inlens,3,10,96.24375,45.993298,0.04006397480867347,0.1045669244260204
4ih2ggld,Inlens,3,11,102.191315,45.503315,0.03810586734693878,0.11310686383928571
4ih2ggld,Inlens,3,12,86.97447,31.775934,0.03833506058673469,0.028200733418367346
4ih2ggld,Inlens,3,13,98.568596,41.623234,0.05054209183673469,0.07375538105867346
4ih2ggld,Inlens,3,14,98.26885,45.758137,0.06431361607142858,0.09764130261479592
4ih2ggld,Inlens,4,0,72.18123,33.492268,0.10175681600765306,0.029765226403061226
4ih2ggld,Inlens,4,1,65.67314,32.701324,0.14554767219387754,0.022256656568877552
4ih2ggld,Inlens,4,2,63.717182,36.046555,0.22846580038265307,0.019680723852040817
4ih2ggld,Inlens,4,3,70.14564,31.018345,0.14923967633928573,0.014204998405612245
4ih2ggld,Inlens,4,4,70.75257,34.973328,0.17026566485969388,0.026890345982142856
4ih2ggld,Inlens,4,5,65.099304,26.479832,0.1279296875,0.008719308035714286
4ih2ggld,Inlens,4,6,76.1259,29.263771,0.08197146045918367,0.01917251275510204
4ih2ggld,Inlens,4,7,66.365326,27.809761,0.08551897321428571,0.018793845663265307
4ih2ggld,Inlens,4,8,65.85878,29.474087,0.11044622927295919,0.01865433673469388
4ih2ggld,Inlens,4,9,77.87621,40.170662,0.1415068957270408,0.05042251275510204
4ih2ggld,Inlens,4,10,69.111465,31.32893,0.11957908163265306,0.021608936543367346
4ih2ggld,Inlens,4,11,73.11819,36.728344,0.10373983577806123,0.04241569674744898
4ih2ggld,Inlens,4,12,73.39511,39.800224,0.14506437340561223,0.047751913265306124
4ih2ggld,Inlens,4,13,66.07018,36.854908,0.25498744419642855,0.025485291772959183
4ih2ggld,Inlens,4,14,59.371025,37.077686,0.27892319036989793,0.01815609056122449
5n1q8atc,BSE,0,0,55.392494,21.495213,0.11293247767857142,0.05113002232142857
5n1q8atc,BSE,0,1,53.34069,16.015123,0.08070093271683673,0.01644710618622449
5n1q8atc,BSE,0,2,55.271393,18.361244,0.0884536431760204,0.031140385841836735
5n1q8atc,BSE,0,3,60.12091,23.668314,0.11328125,0.09796018016581633
5n1q8atc,BSE,0,4,55.515476,22.005901,0.12391880580357142,0.05586336096938776
5n1q8atc,BSE,0,5,64.35146,25.001022,0.08815967793367346,0.14719686702806123
5n1q8atc,BSE,0,6,53.504246,20.709805,0.12968849649234693,0.03265505420918367
5n1q8atc,BSE,0,7,53.84519,24.602673,0.16923429528061223,0.06516063456632654
5n1q8atc,BSE,0,8,63.41886,28.429365,0.12531389508928573,0.1611278300382653
5n1q8atc,BSE,0,9,59.55943,23.998653,0.12088448660714286,0.09668965242346939
5n1q8atc,BSE,0,10,68.26705,23.201662,0.04512615593112245,0.17090840242346939
5n1q8atc,BSE,0,11,67.477516,24.017767,0.05807557397959184,0.17048489317602042
5n1q8atc,BSE,0,12,55.81732,17.513037,0.06297333386479592,0.03466796875
5n1q8atc,BSE,0,13,53.806564,17.001171,0.08266402264030612,0.018355389030612245
5n1q8atc,BSE,0,14,53.61742,14.699716,0.05251514668367347,0.017518335459183673
5n1q8atc,BSE,1,0,50.131706,28.250668,0.22486846301020408,0.05742287149234694
5n1q8atc,BSE,1,1,59.09274,24.08355,0.10799984056122448,0.09680923150510204
5n1q8atc,BSE,1,2,68.13899,24.754541,0.04958047672193878,0.18282146843112246
5n1q8atc,BSE,1,3,57.63366,20.25265,0.07583306760204081,0.055185746173469385
5n1q8atc,BSE,1,4,56.532482,20.533947,0.09291294642857142,0.05008868781887755
5n1q8atc,BSE,1,5,49.199127,26.890005,0.23536152742346939,0.04171815210459184
5n1q8atc,BSE,1,6,53.03812,23.620579,0.15483996332908162,0.04028818558673469
5n1q8atc,BSE,1,7,59.5966,23.199654,0.1000229193239796,0.09195631377551021
5n1q8atc,BSE,1,8,55.777798,15.111965,0.04292390784438776,0.021309988839285716
5n1q8atc,BSE,1,9,58.722816,21.071188,0.0704769212372449,0.07672492825255102
5n1q8atc,BSE,1,10,64.605415,25.23311,0.09022739955357142,0.15019630899234693
5n1q8atc,BSE,1,11,66.83122,27.337831,0.08554886798469388,0.19029516103316327
5n1q8atc,BSE,1,12,75.73888,32.72885,0.0647769850127551,0.3377311862244898
5n1q8atc,BSE,1,13,56.590923,23.792997,0.12269810267857142,0.06438337053571429
5n1q8atc,BSE,1,14,52.934536,19.343086,0.11517458545918367,0.01930205676020408
5n1q8atc,BSE,2,0,55.087017,15.961709,0.05996890943877551,0.021633848852040817
5n1q8atc,BSE,2,1,57.188995,24.550623,0.12187599649234694,0.07790078922193877
5n1q8atc,BSE,2,2,63.091606,24.335014,0.07717833227040816,0.1402911750637755
5n1q8atc,BSE,2,3,62.313343,25.44349,0.10258888711734694,0.13147720025510204
5n1q8atc,BSE,2,4,70.79653,27.638926,0.09347596460459184,0.2412906568877551
5n1q8atc,BSE,2,5,57.52436,19.575834,0.08013791454081633,0.047154017857142856
5n1q8atc,BSE,2,6,58.907806,20.47489,0.0743831712372449,0.05967992665816327
5n1q8atc,BSE,2,7,65.6708,22.706543,0.05207170758928571,0.1441326530612245
5n1q8atc,BSE,2,8,54.82406,20.990911,0.11957409917091837,0.03346719547193878
5n1q8atc,BSE,2,9,57.918785,20.500307,0.08208605707908163,0.04867865114795918
5n1q8atc,BSE,2,10,60.18345,22.120409,0.08350605867346939,0.08726781728316327
5n1q8atc,BSE,2,11,66.543816,22.347578,0.03990453603316327,0.15138711734693877
5n1q8atc,BSE,2,12,58.96884,19.23331,0.06311284279336735,0.05658083545918367
5n1q8atc,BSE,2,13,60.34325,20.32648,0.06604253029336735,0.06385024713010204
5n1q8atc,BSE,2,14,55.245865,15.121222,0.0478515625,0.01669124681122449
5n1q8atc,BSE,3,0,62.97026,23.762678,0.07899693080357142,0.11810427295918367
5n1q8atc,BSE,3,1,57.837208,21.627886,0.08672971141581633,0.0598991549744898
5n1q8atc,BSE,3,2,68.50163,25.593103,0.07028260522959184,0.19283621651785715
5n1q8atc,BSE,3,3,52.78271,25.787727,0.17712651466836735,0.04912209024234694
5n1q8atc,BSE,3,4,57.820267,19.380157,0.07340162627551021,0.0518425143494898
5n1q8atc,BSE,3,5,55.55309,16.597044,0.06177256058673469,0.02146942761479592
5n1q8atc,BSE,3,6,57.600037,20.408714,0.09683912627551021,0.04509626116071429
5n1q8atc,BSE,3,7,67.41023,23.461843,0.05621711575255102,0.14874641262755103
5n1q8atc,BSE,3,8,60.817616,18.80557,0.05123963647959184,0.059246452487244895
5n1q8atc,BSE,3,9,58.487278,19.665506,0.07882752710459184,0.04892279177295918
5n1q8atc,BSE,3,10,55.69883,26.795048,0.18696189413265307,0.09463189572704081
5n1q8atc,BSE,3,11,58.322086,22.760513,0.09512515943877552,0.07769650829081633
5n1q8atc,BSE,3,12,61.20246,20.531803,0.052569953762755105,0.06446807238520408
5n1q8atc,BSE,3,13,72.198166,24.18771,0.04778180803571429,0.2237822863520408
5n1q8atc,BSE,3,14,66.75475,31.419682,0.15043546715561223,0.2236926020408163
5n1q8atc,BSE,4,0,55.888977,21.551666,0.1015625,0.05065170599489796
5n1q8atc,BSE,4,1,56.159565,21.429058,0.0978206712372449,0.04276945153061224
5n1q8atc,BSE,4,2,52.39839,23.932125,0.17381317761479592,0.038295200892857144
5n1q8atc,BSE,4,3,54.262543,24.275566,0.1377551020408163,0.06075115593112245
5n1q8atc,BSE,4,4,61.817383,21.20081,0.05597297512755102,0.10374481823979592
5n1q8atc,BSE,4,5,56.654003,19.867128,0.08295798788265306,0.05207170758928571
5n1q8atc,BSE,4,6,53.515507,15.281959,0.06452287946428571,0.014150191326530613
5n1q8atc,BSE,4,7,58.12079,25.483616,0.12746631855867346,0.0995296556122449
5n1q8atc,BSE,4,8,58.290237,21.172642,0.0926090162627551,0.06150849011479592
5n1q8atc,BSE,4,9,85.77057,20.785532,0.022465919961734693,0.4065041055484694
5n1q8atc,BSE,4,10,65.63632,19.943323,0.029715401785714284,0.10486587213010204
5n1q8atc,BSE,4,11,57.628143,22.159523,0.10493562659438775,0.03723891900510204
5n1q8atc,BSE,4,12,55.818443,20.906887,0.10889668367346939,0.03094108737244898
5n1q8atc,BSE,4,13,72.38297,24.29532,0.04582868303571429,0.23122608418367346
5n1q8atc,BSE,4,14,58.675797,21.265198,0.08191167091836735,0.0686782525510204
5n1q8atc,ETD,0,0,90.23828,48.58309,0.1268933354591837,0.1792839205994898
5n1q8atc,ETD,0,1,81.83313,27.348827,0.052809111926020405,0.05270448022959184
5n1q8atc,ETD,0,2,83.57785,35.37322,0.09520487882653061,0.09237982302295919
5n1q8atc,ETD,0,3,86.1614,40.24016,0.1297931281887755,0.12981305803571427
5n1q8atc,ETD,0,4,81.98427,41.230312,0.1528270487882653,0.13068997130102042
5n1q8atc,ETD,0,5,88.013336,36.527634,0.09727260044642858,0.12178132971938775
5n1q8atc,ETD,0,6,82.32694,38.309765,0.12569754464285715,0.09919084821428571
5n1q8atc,ETD,0,7,75.6433,42.31496,0.1822136080994898,0.09622130102040816
5n1q8atc,ETD,0,8,86.46381,39.814987,0.11709283322704081,0.1309490593112245
5n1q8atc,ETD,0,9,84.28926,42.59626,0.15923449457908162,0.13464604591836735
5n1q8atc,ETD,0,10,94.06946,28.916313,0.031793088329081634,0.11958406409438775
5n1q8atc,ETD,0,11,92.67438,38.96468,0.05765704719387755,0.16730110012755103
5n1q8atc,ETD,0,12,83.38222,30.950209,0.05239556760204082,0.08291314572704081
5n1q8atc,ETD,0,13,76.30267,26.487104,0.07848871970663265,0.03430923150510204
5n1q8atc,ETD,0,14,79.0653,23.486553,0.03191764987244898,0.04203204719387755
5n1q8atc,ETD,1,0,80.831795,50.59659,0.21344866071428573,0.16038544323979592
5n1q8atc,ETD,1,1,84.96272,39.523327,0.11257374043367346,0.12136280293367346
5n1q8atc,ETD,1,2,92.47447,31.956873,0.050058793048469385,0.12940947863520408
5n1q8atc,ETD,1,3,82.82672,32.7727,0.07464225924744898,0.08910136320153061
5n1q8atc,ETD,1,4,80.19973,31.4408,0.09093989158163265,0.062046595982142856
5n1q8atc,ETD,1,5,70.20354,42.85765,0.23222257653061223,0.07304787149234694
5n1q8atc,ETD,1,6,77.31793,42.61705,0.1604053730867347,0.09116908482142858
5n1q8atc,ETD,1,7,85.4251,36.87303,0.10143793845663265,0.10989815848214286
5n1q8atc,ETD,1,8,81.400604,21.765076,0.029511120854591837,0.03624242665816327
5n1q8atc,ETD,1,9,82.791664,27.842402,0.06107999840561224,0.06637635522959184
5n1q8atc,ETD,1,10,91.37799,38.689487,0.09069076849489796,0.15175581951530612
5n1q8atc,ETD,1,11,87.951035,37.198605,0.09433294802295919,0.1451042330994898
5n1q8atc,ETD,1,12,100.401306,39.250908,0.06539979272959184,0.3499382174744898
5n1q8atc,ETD,1,13,76.45812,41.577187,0.17258749202806123,0.09984853316326531
5n1q8atc,ETD,1,14,77.294525,33.552307,0.1075015943877551,0.06202666613520408
5n1q8atc,ETD,2,0,83.64593,26.611637,0.040208466198979595,0.06431859853316327
5n1q8atc,ETD,2,1,80.75749,37.76609,0.12993761957908162,0.09422333386479592
5n1q8atc,ETD,2,2,84.44635,31.37055,0.08336654974489796,0.07313257334183673
5n1q8atc,ETD,2,3,88.84618,41.3328,0.10932517538265306,0.16499920280612246
5n1q8atc,ETD,2,4,94.27429,39.792763,0.10367008131377552,0.17051977040816327
5n1q8atc,ETD,2,5,81.78102,37.62694,0.11909578284438775,0.09953962053571429
5n1q8atc,ETD,2,6,82.12475,32.983788,0.10582250478316327,0.08144331951530612
5n1q8atc,ETD,2,7,90.45764,30.102167,0.04358657525510204,0.12250378667091837
5n1q8atc,ETD,2,8,77.30457,33.942715,0.12944933832908162,0.057452766262755105
5n1q8atc,ETD,2,9,81.665146,32.343266,0.09325673628826531,0.0642887037627551
5n1q8atc,ETD,2,10,84.33111,34.14366,0.08691904496173469,0.10485092474489796
5n1q8atc,ETD,2,11,89.56519,29.623177,0.03481744260204082,0.10394411670918367
5n1q8atc,ETD,2,12,86.825134,32.79473,0.054234095982142856,0.10065070950255102
5n1q8atc,ETD,2,13,81.98365,33.469833,0.08157286352040816,0.08535953443877552
5n1q8atc,ETD,2,14,81.195145,20.337416,0.03068698182397959,0.029252032844387755
5n1q8atc,ETD,3,0,89.2399,33.1323,0.0753647161989796,0.10386439732142858
5n1q8atc,ETD,3,1,82.807526,31.647364,0.08975904815051021,0.07428850446428571
5n1q8atc,ETD,3,2,91.393005,33.368374,0.07335678411989796,0.12412308673469388
5n1q8atc,ETD,3,3,74.827446,41.583687,0.1886360012755102,0.08987364477040816
5n1q8atc,ETD,3,4,82.58477,28.468744,0.06007354113520408,0.060302734375
5n1q8atc,ETD,3,5,79.81276,26.310492,0.04720882493622449,0.050855986926020405
5n1q8atc,ETD,3,6,80.06235,34.373047,0.11923030931122448,0.08093012595663265
5n1q8atc,ETD,3,7,89.44148,33.462906,0.07266422193877552,0.10763612085459184
5n1q8atc,ETD,3,8,86.143776,31.944387,0.04620236766581633,0.09297771843112244
5n1q8atc,ETD,3,9,82.85303,30.404293,0.07777622767857142,0.07098513233418367
5n1q8atc,ETD,3,10,76.656204,45.79612,0.2188396843112245,0.1304557955994898
5n1q8atc,ETD,3,11,77.58933,36.02483,0.13001733896683673,0.08786571269132654
5n1q8atc,ETD,3,12,84.38395,30.149317,0.057696906887755105,0.0852798150510204
5n1q8atc,ETD,3,13,91.188995,31.282621,0.05741788903061224,0.08633609693877552
5n1q8atc,ETD,3,14,88.1082,47.246254,0.19361348054846939,0.1884765625
5n1q8atc,ETD,4,0,81.05097,31.516975,0.08776606345663265,0.0626644212372449
5n1q8atc,ETD,4,1,80.84563,32.773724,0.09241470025510204,0.07040218431122448
5n1q8atc,ETD,4,2,74.32205,39.664528,0.18864596619897958,0.07402941645408163
5n1q8atc,ETD,4,3,77.72014,37.138203,0.1428272480867347,0.08062619579081633
5n1q8atc,ETD,4,4,85.13777,28.159687,0.05513592155612245,0.06787607621173469
5n1q8atc,ETD,4,5,78.97882,30.216179,0.07300302933673469,0.06707389987244898
5n1q8atc,ETD,4,6,75.98327,21.6789,0.05058693399234694,0.021788305165816327
5n1q8atc,ETD,4,7,79.7186,36.33261,0.13024653220663265,0.07561383928571429
5n1q8atc,ETD,4,8,80.058266,35.097733,0.11744160554846939,0.08056142378826531
5n1q8atc,ETD,4,9,105.17638,26.046003,0.04276945153061224,0.15573680644132654
5n1q8atc,ETD,4,10,88.09905,26.871395,0.031573860012755105,0.07299306441326531
5n1q8atc,ETD,4,11,79.38483,34.617943,0.11250896843112244,0.0648616868622449
5n1q8atc,ETD,4,12,74.624146,34.548016,0.15557238520408162,0.05784139827806122
5n1q8atc,ETD,4,13,94.158844,33.92872,0.05782146843112245,0.12470105229591837
5n1q8atc,ETD,4,14,80.37603,31.978586,0.10412348533163265,0.06960997289540816
5n1q8atc,Inlens,0,0,126.16677,62.504932,0.05791115274234694,0.27339265784438777
5n1q8atc,Inlens,0,1,93.564384,36.58768,0.06329719387755102,0.06331712372448979
5n1q8atc,Inlens,0,2,113.7845,50.031765,0.023382692920918366,0.1746203364158163
5n1q8atc,Inlens,0,3,113.80317,53.276844,0.06732800542091837,0.18694694674744897
5n1q8atc,Inlens,0,4,107.789185,47.47715,0.04916693239795918,0.14673848054846939
5n1q8atc,Inlens,0,5,120.83941,49.68933,0.054453324298469385,0.17607521524234693
5n1q8atc,Inlens,0,6,110.98697,46.476143,0.06744260204081633,0.13522899394132654
5n1q8atc,Inlens,0,7,113.30289,53.533752,0.07482661033163265,0.1717952806122449
5n1q8atc,Inlens,0,8,108.75702,45.49862,0.09811463647959184,0.12090441645408163
5n1q8atc,Inlens,0,9,119.157646,50.809803,0.06289361447704081,0.18713129783163265
5n1q8atc,Inlens,0,10,117.51174,39.894035,0.04749780771683673,0.15276725924744897
5n1q8atc,Inlens,0,11,109.84957,48.883736,0.09438277264030612,0.15280711894132654
5n1q8atc,Inlens,0,12,105.2564,41.67157,0.03897281568877551,0.11116868622448979
5n1q8atc,Inlens,0,13,107.69065,39.710342,0.02268016581632653,0.10109913105867346
5n1q8atc,Inlens,0,14,98.48288,32.116844,0.019077845982142856,0.059939014668367346
5n1q8atc,Inlens,1,0,98.112015,65.5485,0.23524194834183673,0.17019092793367346
5n1q8atc,Inlens,1,1,115.64756,51.155968,0.057537468112244895,0.18373325892857142
5n1q8atc,Inlens,1,2,119.91195,46.73924,0.02768753985969388,0.18279157366071427
5n1q8atc,Inlens,1,3,106.99823,46.6103,0.048793247767857144,0.1400470344387755
5n1q8atc,Inlens,1,4,100.6807,41.159878,0.07296316964285714,0.08717315051020408
5n1q8atc,Inlens,1,5,98.18011,51.4994,0.18243781887755103,0.10551359215561225
5n1q8atc,Inlens,1,6,112.8406,54.092712,0.09204599808673469,0.17218889508928573
5n1q8atc,Inlens,1,7,114.07611,48.62602,0.05527044802295918,0.15720663265306123
5n1q8atc,Inlens,1,8,97.03177,29.587292,0.02570950255102041,0.04774194834183673
5n1q8atc,Inlens,1,9,105.905136,40.039986,0.041339485012755105,0.110595703125
5n1q8atc,Inlens,1,10,108.10196,50.8082,0.11528419961734694,0.1441376355229592
5n1q8atc,Inlens,1,11,107.58119,45.050915,0.07889229910714286,0.12050581951530612
5n1q8atc,Inlens,1,12,110.60787,45.711815,0.0545280612244898,0.12755102040816327
5n1q8atc,Inlens,1,13,124.94195,56.951366,0.047044403698979595,0.24938217474489796
5n1q8atc,Inlens,1,14,103.24853,38.849915,0.03875856983418367,0.09965919961734694
5n1q8atc,Inlens,2,0,98.206955,34.954765,0.039451132015306124,0.06774154974489796
5n1q8atc,Inlens,2,1,104.84688,48.420197,0.09118403220663265,0.1323192362882653
5n1q8atc,Inlens,2,2,102.331635,35.825844,0.03919204400510204,0.07636120854591837
5n1q8atc,Inlens,2,3,107.399414,44.385193,0.064697265625,0.12384905133928571
5n1q8atc,Inlens,2,4,110.603714,47.21861,0.10823899872448979,0.13790457589285715
5n1q8atc,Inlens,2,5,109.25127,50.59042,0.05211156728316327,0.1669323979591837
5n1q8atc,Inlens,2,6,106.15707,39.617798,0.04505640146683673,0.10586734693877552
5n1q8atc,Inlens,2,7,105.34226,40.295017,0.06792091836734694,0.09111427774234694
5n1q8atc,Inlens,2,8,95.39928,41.208202,0.06982920121173469,0.09118901466836735
5n1q8atc,Inlens,2,9,101.74928,39.68712,0.05674525669642857,0.09070073341836735
5n1q8atc,Inlens,2,10,102.95181,45.99381,0.0906509088010204,0.11396882971938775
5n1q8atc,Inlens,2,11,103.732124,40.023823,0.05740294164540816,0.08641083386479592
5n1q8atc,Inlens,2,12,102.469246,45.75477,0.06975446428571429,0.1158023756377551
5n1q8atc,Inlens,2,13,110.60221,43.29934,0.04681022799744898,0.1357372050382653
5n1q8atc,Inlens,2,14,91.28539,29.66799,0.027538066007653062,0.04164341517857143
5n1q8atc,Inlens,3,0,98.266106,38.216045,0.080078125,0.06294343909438775
5n1q8atc,Inlens,3,1,87.12221,36.02711,0.07864815848214286,0.05246532206632653
5n1q8atc,Inlens,3,2,101.944954,37.500774,0.05740294164540816,0.08190170599489796
5n1q8atc,Inlens,3,3,82.23336,48.73049,0.19434590242346939,0.08865294164540816
5n1q8atc,Inlens,3,4,85.35772,30.117733,0.08489616549744898,0.024962133290816327
5n1q8atc,Inlens,3,5,80.21456,30.846159,0.06438337053571429,0.041025589923469385
5n1q8atc,Inlens,3,6,85.68511,39.205864,0.09639070471938775,0.07386499521683673
5n1q8atc,Inlens,3,7,105.628365,41.18316,0.05888771524234694,0.11028679049744898
5n1q8atc,Inlens,3,8,94.57613,41.108746,0.11903101084183673,0.06958506058673469
5n1q8atc,Inlens,3,9,94.085396,40.02661,0.08389469068877552,0.07748226243622448
5n1q8atc,Inlens,3,10,93.62184,46.838577,0.13912527901785715,0.10326151945153061
5n1q8atc,Inlens,3,11,88.82139,37.355396,0.06273915816326531,0.07383011798469388
5n1q8atc,Inlens,3,12,94.575096,37.52432,0.03293407206632653,0.09803989955357142
5n1q8atc,Inlens,3,13,101.59229,36.586617,0.06169782366071429,0.06813018176020408
5n1q8atc,Inlens,3,14,106.32308,47.468674,0.11647500797193877,0.14662388392857142
5n1q8atc,Inlens,4,0,72.417145,32.92406,0.1535046635841837,0.03213189572704082
5n1q8atc,Inlens,4,1,76.28117,37.2518,0.11791493941326531,0.047971141581632654
5n1q8atc,Inlens,4,2,65.046135,33.301197,0.3171984614158163,0.018798828125
5n1q8atc,Inlens,4,3,66.782135,36.70129,0.26258569834183676,0.02800143494897959
5n1q8atc,Inlens,4,4,71.262,28.147587,0.13779496173469388,0.020707110969387755
5n1q8atc,Inlens,4,5,63.14064,29.324446,0.26919742506377553,0.01720444036989796
5n1q8atc,Inlens,4,6,59.922512,18.408905,0.23628826530612246,0.004544005102040816
5n1q8atc,Inlens,4,7,65.65918,31.226164,0.1978485730229592,0.01889847735969388
5n1q8atc,Inlens,4,8,68.37266,30.843891,0.21105209661989796,0.02497708067602041
5n1q8atc,Inlens,4,9,86.677315,26.068596,0.07804029815051021,0.01922233737244898
5n1q8atc,Inlens,4,10,77.96749,25.93029,0.05723852040816327,0.022161989795918366
5n1q8atc,Inlens,4,11,76.52048,35.699543,0.09427814094387756,0.04896265146683673
5n1q8atc,Inlens,4,12,67.95752,32.01717,0.22522221779336735,0.022480867346938774
5n1q8atc,Inlens,4,13,78.99129,32.29589,0.14344009088010204,0.026177853954081634
5n1q8atc,Inlens,4,14,68.90644,30.719578,0.18300581951530612,0.028504663584183673
f1vzngrs,BSE,0,0,48.9778,13.807576,0.07510064572704081,0.00810646524234694
f1vzngrs,BSE,0,1,59.463657,27.904198,0.0784488600127551,0.17967753507653061
f1vzngrs,BSE,0,2,48.17546,17.090902,0.11233956473214286,0.025151466836734693
f1vzngrs,BSE,0,3,52.329758,20.950502,0.09317203443877552,0.0847915338010204
f1vzngrs,BSE,0,4,49.991135,21.789825,0.12375438456632654,0.056919642857142856
f1vzngrs,BSE,0,5,50.52964,20.825293,0.10966398278061225,0.061687858737244895
f1vzngrs,BSE,0,6,48.278877,14.374166,0.0831772161989796,0.011120854591836735
f1vzngrs,BSE,0,7,48.413548,14.060966,0.07935068558673469,0.011071029974489796
f1vzngrs,BSE,0,8,48.299507,15.194607,0.09546396683673469,0.015590122767857142
f1vzngrs,BSE,0,9,55.754242,26.620573,0.09940509406887756,0.13450155452806123
f1vzngrs,BSE,0,10,61.630173,30.320524,0.10293765943877552,0.21355827487244897
f1vzngrs,BSE,0,11,53.90584,24.82893,0.10094467474489796,0.11102917729591837
f1vzngrs,BSE,0,12,50.77834,19.460545,0.09274852519132654,0.052280970982142856
f1vzngrs,BSE,0,13,47.896164,21.091148,0.15013651945153061,0.04261001275510204
f1vzngrs,BSE,0,14,51.34344,22.279526,0.11698820153061225,0.07221081792091837
f1vzngrs,BSE,1,0,50.143616,18.765724,0.1065200494260204,0.03626733896683673
f1vzngrs,BSE,1,1,50.019886,15.783585,0.07308773118622448,0.02383609693877551
f1vzngrs,BSE,1,2,51.289345,18.426014,0.08769630899234694,0.041224888392857144
f1vzngrs,BSE,1,3,50.280743,22.543032,0.12949418048469388,0.06448301977040816
f1vzngrs,BSE,1,4,56.461803,25.830452,0.07852359693877552,0.1340282206632653
f1vzngrs,BSE,1,5,49.169163,16.04452,0.0912288743622449,0.020213847257653062
f1vzngrs,BSE,1,6,59.95693,27.255987,0.06854870854591837,0.1793835698341837
f1vzngrs,BSE,1,7,52.457863,19.982222,0.07652562978316327,0.05977459343112245
f1vzngrs,BSE,1,8,50.73135,14.952217,0.05886778539540816,0.022301498724489797
f1vzngrs,BSE,1,9,52.996586,26.74706,0.13569236288265307,0.10748664700255102
f1vzngrs,BSE,1,10,60.159863,28.409168,0.06399972098214286,0.17954799107142858
f1vzngrs,BSE,1,11,53.129547,21.31798,0.09906130420918367,0.07135383450255102
f1vzngrs,BSE,1,12,58.56398,30.003748,0.12296217315051021,0.19407684948979592
f1vzngrs,BSE,1,13,53.159615,19.436817,0.08094507334183673,0.06344666772959184
f1vzngrs,BSE,1,14,49.69447,15.583994,0.07702885841836735,0.016417211415816327
f1vzngrs,BSE,2,0,62.54714,29.306202,0.08946508290816327,0.2074597417091837
f1vzngrs,BSE,2,1,51.04774,18.390057,0.09079041772959184,0.04737822863520408
f1vzngrs,BSE,2,2,61.04247,30.724764,0.09243961256377552,0.2089893574617347
f1vzngrs,BSE,2,3,52.317383,21.636032,0.1048160475127551,0.06886260363520408
f1vzngrs,BSE,2,4,49.05217,16.490469,0.09445252710459184,0.020358338647959183
f1vzngrs,BSE,2,5,52.71579,19.681017,0.0696597975127551,0.05953045280612245
f1vzngrs,BSE,2,6,50.946594,17.46488,0.07197165975765306,0.03455835459183673
f1vzngrs,BSE,2,7,50.851482,20.82925,0.11741669323979592,0.05279416454081633
f1vzngrs,BSE,2,8,58.07214,32.735016,0.14919483418367346,0.19560646524234693
f1vzngrs,BSE,2,9,50.671577,20.214697,0.09686403858418367,0.04586854272959184
f1vzngrs,BSE,2,10,51.818813,22.094593,0.12134785554846939,0.06342175542091837
f1vzngrs,BSE,2,11,54.055325,21.356949,0.07195671237244898,0.08344128667091837
f1vzngrs,BSE,2,12,50.637028,15.719225,0.06607740752551021,0.02188297193877551
f1vzngrs,BSE,2,13,51.0839,20.285458,0.09662488042091837,0.04889289700255102
f1vzngrs,BSE,2,14,54.064064,28.590841,0.16008151307397958,0.13349509725765307
f1vzngrs,BSE,3,0,65.92319,29.844976,0.06221599968112245,0.23727977519132654
f1vzngrs,BSE,3,1,65.95572,31.327904,0.0751205755739796,0.257388990752551
f1vzngrs,BSE,3,2,52.702496,22.191181,0.11905094068877552,0.07916135204081633
f1vzngrs,BSE,3,3,58.079117,23.644144,0.07018793845663265,0.1437041613520408
f1vzngrs,BSE,3,4,50.59243,18.06579,0.10084004304846939,0.034498565051020405
f1vzngrs,BSE,3,5,70.772545,34.8143,0.10764110331632654,0.34450733418367346
f1vzngrs,BSE,3,6,59.913734,24.783447,0.05825992506377551,0.14503946109693877
f1vzngrs,BSE,3,7,69.38632,35.128304,0.08142338966836735,0.2955695950255102
f1vzngrs,BSE,3,8,53.27388,17.377312,0.07095523756377552,0.04962033641581633
f1vzngrs,BSE,3,9,49.970673,18.729403,0.11756118463010204,0.03209203603316327
f1vzngrs,BSE,3,10,55.407516,23.519405,0.1027084661989796,0.10623106664540816
f1vzngrs,BSE,3,11,54.203682,22.275223,0.09978874362244898,0.08119917889030612
f1vzngrs,BSE,3,12,50.702065,17.693466,0.09954460299744898,0.02752311862244898
f1vzngrs,BSE,3,13,58.21904,24.624922,0.07687938456632654,0.12021683673469388
f1vzngrs,BSE,3,14,55.543957,23.109058,0.07360590720663265,0.09112424266581633
f1vzngrs,ETD,0,0,79.77149,21.633587,0.06037248883928571,0.036989795918367346
f1vzngrs,ETD,0,1,87.673805,31.403004,0.07791075414540816,0.18005620216836735
f1vzngrs,ETD,0,2,77.28127,28.497128,0.10826889349489796,0.07173250159438775
f1vzngrs,ETD,0,3,80.46468,27.659801,0.08996332908163265,0.09214066485969388
f1vzngrs,ETD,0,4,79.371086,31.15096,0.11644013073979592,0.09291294642857142
f1vzngrs,ETD,0,5,76.88814,28.853636,0.11351044323979592,0.07518534757653061
f1vzngrs,ETD,0,6,78.36783,23.306807,0.06724330357142858,0.0419074856505102
f1vzngrs,ETD,0,7,76.28788,20.197468,0.061244419642857144,0.02784199617346939
f1vzngrs,ETD,0,8,75.91315,24.54563,0.09154276945153061,0.04223134566326531
f1vzngrs,ETD,0,9,81.42657,31.266075,0.10179667570153061,0.13726183832908162
f1vzngrs,ETD,0,10,89.75293,39.754623,0.14146703603316327,0.2490832270408163
f1vzngrs,ETD,0,11,79.977715,28.858175,0.08936045121173469,0.11278798628826531
f1vzngrs,ETD,0,12,77.23964,24.967325,0.08184191645408163,0.06424386160714286
f1vzngrs,ETD,0,13,72.886406,34.270924,0.17186503507653061,0.06308793048469388
f1vzngrs,ETD,0,14,75.951584,34.669025,0.15575175382653061,0.08768634406887756
f1vzngrs,ETD,1,0,80.510826,27.106527,0.09641063456632654,0.06881776147959184
f1vzngrs,ETD,1,1,76.083176,20.205868,0.055385044642857144,0.0270198899872449
f1vzngrs,ETD,1,2,78.09804,24.356314,0.07726801658163265,0.04569913903061224
f1vzngrs,ETD,1,3,73.970726,29.583447,0.13830815529336735,0.0467155612244898
f1vzngrs,ETD,1,4,80.99437,26.406124,0.06189712213010204,0.10997289540816327
f1vzngrs,ETD,1,5,75.80232,23.80619,0.0869887994260204,0.03302375637755102
f1vzngrs,ETD,1,6,87.24612,29.991045,0.059336136798469385,0.17677774234693877
f1vzngrs,ETD,1,7,77.754745,24.873154,0.07448282047193877,0.06397480867346939
f1vzngrs,ETD,1,8,77.64976,21.252539,0.04901247608418367,0.04014867665816327
f1vzngrs,ETD,1,9,76.76928,33.252014,0.13913026147959184,0.10565808354591837
f1vzngrs,ETD,1,10,82.98584,28.090075,0.05079619738520408,0.15528838488520408
f1vzngrs,ETD,1,11,78.51912,30.58303,0.13131776147959184,0.08530970982142858
f1vzngrs,ETD,1,12,81.313385,33.999535,0.12113859215561225,0.13470085299744897
f1vzngrs,ETD,1,13,79.20196,25.526415,0.08053651147959184,0.058763153698979595
f1vzngrs,ETD,1,14,74.648445,22.59991,0.06812519929846939,0.032236527423469385
f1vzngrs,ETD,2,0,89.317566,31.994766,0.08392458545918367,0.1783173230229592
f1vzngrs,ETD,2,1,75.75629,24.43775,0.07957489636479592,0.03527084661989796
f1vzngrs,ETD,2,2,85.44035,31.065039,0.076171875,0.1700165417729592
f1vzngrs,ETD,2,3,78.24944,31.316519,0.10671436543367346,0.0751953125
f1vzngrs,ETD,2,4,73.6731,21.53697,0.07482162786989796,0.014937420280612245
f1vzngrs,ETD,2,5,79.41317,23.115402,0.057447783801020405,0.057373046875
f1vzngrs,ETD,2,6,77.02458,20.829762,0.05426399075255102,0.03715421715561224
f1vzngrs,ETD,2,7,76.50157,30.794271,0.13374920280612246,0.06590302136479592
f1vzngrs,ETD,2,8,81.74904,38.328568,0.15441645408163265,0.19013572225765307
f1vzngrs,ETD,2,9,73.86345,28.356108,0.09767119738520408,0.06069634885204082
f1vzngrs,ETD,2,10,73.98357,32.176907,0.1652234135841837,0.06924127072704081
f1vzngrs,ETD,2,11,78.80706,25.361986,0.06765186543367346,0.06405951052295919
f1vzngrs,ETD,2,12,77.366615,21.63271,0.05164819834183673,0.03619758450255102
f1vzngrs,ETD,2,13,74.77459,26.242313,0.09476143973214286,0.046875
f1vzngrs,ETD,2,14,76.115074,37.944298,0.16376355229591838,0.12277782206632654
f1vzngrs,ETD,3,0,89.07374,30.910563,0.07805524553571429,0.18700175382653061
f1vzngrs,ETD,3,1,89.461136,33.78965,0.07149334343112244,0.21919343909438777
f1vzngrs,ETD,3,2,78.512146,35.696205,0.13233418367346939,0.07790577168367346
f1vzngrs,ETD,3,3,85.74011,36.966194,0.06707389987244898,0.1101821588010204
f1vzngrs,ETD,3,4,73.707184,26.56219,0.1219955755739796,0.026825573979591837
f1vzngrs,ETD,3,5,98.33987,50.2613,0.148681640625,0.3032824457908163
f1vzngrs,ETD,3,6,85.54225,29.994654,0.0673030931122449,0.13499481823979592
f1vzngrs,ETD,3,7,92.2432,38.754852,0.11020707110969388,0.2948670679209184
f1vzngrs,ETD,3,8,77.42132,24.556532,0.08253946109693877,0.0370246731505102
f1vzngrs,ETD,3,9,71.15616,30.246597,0.16896025988520408,0.03763751594387755
f1vzngrs,ETD,3,10,78.66213,36.261734,0.14247349330357142,0.09875239158163265
f1vzngrs,ETD,3,11,78.63465,29.805674,0.10876713966836735,0.06872309470663265
f1vzngrs,ETD,3,12,73.19645,26.57286,0.11242426658163265,0.029984454719387755
f1vzngrs,ETD,3,13,79.60618,31.632084,0.11998266103316327,0.10997289540816327
f1vzngrs,ETD,3,14,78.83788,25.883886,0.07473692602040816,0.0789371412627551
f1vzngrs,Inlens,0,0,135.85738,32.27015,0.013811383928571428,0.0670589524872449
f1vzngrs,Inlens,0,1,150.55003,52.29316,0.023487324617346938,0.276676100127551
f1vzngrs,Inlens,0,2,129.15671,48.24537,0.08941525829081633,0.11201072225765306
f1vzngrs,Inlens,0,3,134.46335,49.296936,0.07020288584183673,0.1515166613520408
f1vzngrs,Inlens,0,4,133.6844,50.016754,0.06253487723214286,0.14660893654336735
f1vzngrs,Inlens,0,5,140.58342,45.652927,0.03867885044642857,0.15626992984693877
f1vzngrs,Inlens,0,6,137.1295,40.270065,0.01789700255102041,0.10719268176020408
f1vzngrs,Inlens,0,7,131.96922,40.969894,0.031130420918367346,0.09739217952806123
f1vzngrs,Inlens,0,8,139.7662,47.737083,0.03794642857142857,0.14738620057397958
f1vzngrs,Inlens,0,9,142.07996,52.89541,0.08852339764030612,0.18620455994897958
f1vzngrs,Inlens,0,10,157.5285,60.942947,0.08236507493622448,0.32467215401785715
f1vzngrs,Inlens,0,11,134.06116,59.917934,0.1397331393494898,0.20341896524234693
f1vzngrs,Inlens,0,12,140.58403,48.0363,0.04407983896683673,0.1581981425382653
f1vzngrs,Inlens,0,13,133.34206,50.110916,0.08037209024234694,0.12127810108418367
f1vzngrs,Inlens,0,14,133.07285,46.200325,0.08274872448979592,0.10085997289540816
f1vzngrs,Inlens,1,0,140.99605,39.45965,0.051882374043367346,0.0857680963010204
f1vzngrs,Inlens,1,1,137.65463,34.306774,0.025355747767857144,0.07153818558673469
f1vzngrs,Inlens,1,2,147.52638,39.20787,0.03497688137755102,0.10722257653061225
f1vzngrs,Inlens,1,3,134.27592,52.252438,0.09419343909438775,0.12775530133928573
f1vzngrs,Inlens,1,4,143.10301,43.906204,0.02991470025510204,0.17444096779336735
f1vzngrs,Inlens,1,5,140.18425,38.529846,0.027483258928571428,0.10597197863520408
f1vzngrs,Inlens,1,6,150.43,40.385586,0.02545539700255102,0.16291155133928573
f1vzngrs,Inlens,1,7,146.49887,36.5151,0.03495695153061224,0.08413384885204081
f1vzngrs,Inlens,1,8,143.943,35.287365,0.01611328125,0.08950992506377552
f1vzngrs,Inlens,1,9,139.41719,49.534645,0.07440808354591837,0.1427325813137755
f1vzngrs,Inlens,1,10,143.16646,44.88238,0.025036870216836735,0.19804787149234693
f1vzngrs,Inlens,1,11,148.92567,43.346725,0.027538066007653062,0.15154655612244897
f1vzngrs,Inlens,1,12,149.26118,55.532585,0.07735770089285714,0.25370196906887754
f1vzngrs,Inlens,1,13,145.66086,36.101665,0.017403738839285716,0.11062061543367346
f1vzngrs,Inlens,1,14,133.53581,36.341026,0.03155891262755102,0.07060646524234694
f1vzngrs,Inlens,2,0,133.12231,50.14732,0.09477140465561225,0.14422233737244897
f1vzngrs,Inlens,2,1,117.430336,35.19828,0.06521045918367346,0.029610770089285716
f1vzngrs,Inlens,2,2,138.04332,47.38741,0.057203643176020405,0.1570621412627551
f1vzngrs,Inlens,2,3,126.89134,47.665382,0.09639568718112244,0.07358099489795919
f1vzngrs,Inlens,2,4,125.32078,33.609,0.049391143176020405,0.029994419642857144
f1vzngrs,Inlens,2,5,136.7463,37.53504,0.03193259725765306,0.0899234693877551
f1vzngrs,Inlens,2,6,141.37378,32.55547,0.03936643016581633,0.044513313137755105
f1vzngrs,Inlens,2,7,132.28348,42.603764,0.06574358258928571,0.07723812181122448
f1vzngrs,Inlens,2,8,123.32864,63.577282,0.22619379783163265,0.1715511399872449
f1vzngrs,Inlens,2,9,122.70593,36.45584,0.06005361128826531,0.04773696588010204
f1vzngrs,Inlens,2,10,131.36497,40.083324,0.04911710778061224,0.08740234375
f1vzngrs,Inlens,2,11,129.31291,39.38638,0.0262874681122449,0.1036800462372449
f1vzngrs,Inlens,2,12,127.06217,35.916756,0.029122488839285716,0.06041733099489796
f1vzngrs,Inlens,2,13,126.40159,43.426807,0.06146364795918367,0.06690947863520408
f1vzngrs,Inlens,2,14,121.24846,51.803543,0.1399772799744898,0.07328204719387756
f1vzngrs,Inlens,3,0,113.76493,39.470066,0.09442263233418367,0.03607302295918367
f1vzngrs,Inlens,3,1,117.339455,39.738743,0.09080536511479592,0.023995535714285716
f1vzngrs,Inlens,3,2,96.57372,40.033154,0.17067920918367346,0.013597138073979591
f1vzngrs,Inlens,3,3,104.33116,41.47141,0.1415068957270408,0.040646922831632654
f1vzngrs,Inlens,3,4,100.76734,33.02929,0.12748126594387754,0.01054787149234694
f1vzngrs,Inlens,3,5,102.65439,54.28787,0.2607272401147959,0.0690170599489796
f1vzngrs,Inlens,3,6,108.41663,33.08868,0.07845384247448979,0.012082469706632654
f1vzngrs,Inlens,3,7,121.14851,40.781933,0.06980927136479592,0.03706453284438776
f1vzngrs,Inlens,3,8,104.53632,27.23772,0.05679009885204082,0.009376992984693877
f1vzngrs,Inlens,3,9,102.87215,34.06414,0.090576171875,0.02230648118622449
f1vzngrs,Inlens,3,10,106.140724,38.987484,0.13490513392857142,0.019825215242346938
f1vzngrs,Inlens,3,11,104.75062,36.945934,0.10556839923469388,0.022147042410714284
f1vzngrs,Inlens,3,12,97.83327,30.025007,0.0995296556122449,0.009386957908163265
f1vzngrs,Inlens,3,13,107.37242,39.262825,0.08668486926020408,0.04233099489795918
f1vzngrs,Inlens,3,14,105.36677,39.8411,0.08119917889030612,0.054478236607142856
ffwubibz,BSE,0,0,50.48192,15.688408,0.11438735650510204,0.026950135522959183
ffwubibz,BSE,0,1,59.24797,26.897383,0.11364995216836735,0.14977279974489796
ffwubibz,BSE,0,2,67.02087,32.076702,0.10550362723214286,0.2854751275510204
ffwubibz,BSE,0,3,55.739956,19.057869,0.10202088647959184,0.060302734375
ffwubibz,BSE,0,4,55.281284,22.642162,0.1412029655612245,0.07768654336734694
ffwubibz,BSE,0,5,59.0943,25.378006,0.14207987882653061,0.12128806600765306
ffwubibz,BSE,0,6,70.44625,29.555307,0.07859833386479592,0.24961136798469388
ffwubibz,BSE,0,7,61.205795,19.036272,0.064697265625,0.08960957429846939
ffwubibz,BSE,0,8,56.62292,20.355953,0.10232481664540816,0.06221599968112245
ffwubibz,BSE,0,9,66.37768,29.278587,0.10189134247448979,0.2152373644770408
ffwubibz,BSE,0,10,61.256752,25.280502,0.11569276147959184,0.1278499681122449
ffwubibz,BSE,0,11,61.28557,22.54083,0.08125896843112244,0.11014728156887756
ffwubibz,BSE,0,12,66.00498,28.576506,0.10330137914540816,0.20707609215561223
ffwubibz,BSE,0,13,57.986603,19.757507,0.09709821428571429,0.06448800223214286
ffwubibz,BSE,0,14,57.197994,23.977766,0.15740094866071427,0.10405871332908163
ffwubibz,BSE,1,0,53.415333,23.375118,0.16791394292091838,0.06032266422193878
ffwubibz,BSE,1,1,59.779053,19.452803,0.0814682318239796,0.07614696269132654
ffwubibz,BSE,1,2,60.215202,17.943312,0.07067621970663265,0.07358597735969388
ffwubibz,BSE,1,3,64.419716,18.78171,0.04095085299744898,0.11537886639030612
ffwubibz,BSE,1,4,61.384212,17.282955,0.05182756696428571,0.08633111447704081
ffwubibz,BSE,1,5,52.310276,22.606632,0.16923927774234693,0.04566924426020408
ffwubibz,BSE,1,6,56.01195,20.67856,0.12615094866071427,0.06845902423469388
ffwubibz,BSE,1,7,58.24438,16.154833,0.060312699298469385,0.04998405612244898
ffwubibz,BSE,1,8,55.535126,20.355162,0.1206851881377551,0.04986945950255102
ffwubibz,BSE,1,9,62.180435,31.57033,0.15985730229591838,0.20449019451530612
ffwubibz,BSE,1,10,60.321625,20.070534,0.07611208545918367,0.09158262914540816
ffwubibz,BSE,1,11,58.405018,13.929526,0.03779197225765306,0.03732362085459184
ffwubibz,BSE,1,12,58.69923,17.396381,0.0546875,0.067138671875
ffwubibz,BSE,1,13,54.25295,17.585167,0.10803471779336735,0.029635682397959183
ffwubibz,BSE,1,14,61.12234,21.93809,0.05557437818877551,0.11127830038265306
ffwubibz,BSE,2,0,57.720848,21.248404,0.11812420280612244,0.08400928730867346
ffwubibz,BSE,2,1,56.140785,20.285831,0.14545300542091838,0.06385024713010204
ffwubibz,BSE,2,2,56.426304,28.177185,0.19290098852040816,0.12667908960459184
ffwubibz,BSE,2,3,55.607536,19.132746,0.11610630580357142,0.0499641262755102
ffwubibz,BSE,2,4,55.824207,16.047142,0.07166772959183673,0.03245575573979592
ffwubibz,BSE,2,5,59.08859,21.209066,0.07054667570153061,0.09314213966836735
ffwubibz,BSE,2,6,54.380157,20.140106,0.12543845663265307,0.04489198022959184
ffwubibz,BSE,2,7,56.938023,15.000995,0.04625219228316327,0.04201709980867347
ffwubibz,BSE,2,8,56.304607,16.831562,0.07383510044642858,0.04381078603316327
ffwubibz,BSE,2,9,60.019905,21.900583,0.06247010522959184,0.10874222735969388
ffwubibz,BSE,2,10,57.9501,18.833189,0.0684341119260204,0.06349150988520408
ffwubibz,BSE,2,11,59.792995,21.670504,0.0677913743622449,0.09198122608418367
ffwubibz,BSE,2,12,54.574913,20.758263,0.12645487882653061,0.05454799107142857
ffwubibz,BSE,2,13,56.03241,18.15488,0.08773616868622448,0.04840959821428571
ffwubibz,BSE,2,14,57.57693,18.461866,0.07887735172193877,0.06354631696428571
ffwubibz,BSE,3,0,62.289955,28.349663,0.11453184789540816,0.16134705835459184
ffwubibz,BSE,3,1,55.837257,25.324615,0.1360710299744898,0.09261399872448979
ffwubibz,BSE,3,2,56.489307,16.561775,0.06609235491071429,0.04249541613520408
ffwubibz,BSE,3,3,55.252228,15.277092,0.06670519770408163,0.02538066007653061
ffwubibz,BSE,3,4,55.998306,15.60935,0.060337611607142856,0.03153400031887755
ffwubibz,BSE,3,5,56.590187,15.087201,0.04521584024234694,0.03733856823979592
ffwubibz,BSE,3,6,58.90345,25.712175,0.12180125956632654,0.12580217633928573
ffwubibz,BSE,3,7,58.353596,17.844257,0.06327228156887756,0.07498106664540816
ffwubibz,BSE,3,8,55.114742,18.407175,0.11300721460459184,0.05054209183673469
ffwubibz,BSE,3,9,54.916897,20.33466,0.13180106026785715,0.058673469387755105
ffwubibz,BSE,3,10,59.433296,17.270258,0.06092055963010204,0.07759187659438775
ffwubibz,BSE,3,11,65.79506,27.970434,0.09731744260204081,0.22434530452806123
ffwubibz,BSE,3,12,55.898197,14.612997,0.05866350446428571,0.030168805803571428
ffwubibz,BSE,3,13,56.04139,19.312014,0.07837412308673469,0.053835499043367346
ffwubibz,BSE,3,14,58.75754,18.283571,0.0640395806760204,0.08353595344387756
ffwubibz,ETD,0,0,68.29197,25.504734,0.08690409757653061,0.05185247927295918
ffwubibz,ETD,0,1,75.51233,34.178474,0.13669882015306123,0.1739227917729592
ffwubibz,ETD,0,2,85.73252,35.592712,0.10488580197704081,0.2857192681760204
ffwubibz,ETD,0,3,77.2361,29.753942,0.10404874840561225,0.08499083227040816
ffwubibz,ETD,0,4,74.74767,32.43348,0.16664839764030612,0.09207091039540816
ffwubibz,ETD,0,5,80.09509,35.28078,0.17476981026785715,0.12035136320153061
ffwubibz,ETD,0,6,92.73795,32.376568,0.09254424426020408,0.26904296875
ffwubibz,ETD,0,7,84.67883,28.949234,0.09387954400510204,0.11048608896683673
ffwubibz,ETD,0,8,78.12435,29.131145,0.1307796556122449,0.05844427614795918
ffwubibz,ETD,0,9,88.674255,33.306095,0.10837352519132654,0.22041912468112246
ffwubibz,ETD,0,10,83.22802,32.541542,0.13719208386479592,0.124755859375
ffwubibz,ETD,0,11,85.39618,27.200403,0.08141342474489796,0.11172672193877552
ffwubibz,ETD,0,12,86.94041,33.2487,0.11744160554846939,0.2142707669005102
ffwubibz,ETD,0,13,81.12034,29.081032,0.10350067761479592,0.062255859375
ffwubibz,ETD,0,14,77.295044,36.087627,0.18095802774234693,0.10936005261479592
ffwubibz,ETD,1,0,73.31692,35.7871,0.1861248405612245,0.07784099968112244
ffwubibz,ETD,1,1,84.83474,27.316387,0.08574816645408163,0.07590780452806123
ffwubibz,ETD,1,2,88.112526,27.04228,0.07381517059948979,0.10879703443877552
ffwubibz,ETD,1,3,89.7754,24.79564,0.06024294483418367,0.13487523915816327
ffwubibz,ETD,1,4,86.02484,24.916113,0.07017797353316327,0.10352060746173469
ffwubibz,ETD,1,5,77.064575,35.72218,0.17566167091836735,0.07947524713010204
ffwubibz,ETD,1,6,83.61998,36.10778,0.1416962292729592,0.13945412149234693
ffwubibz,ETD,1,7,83.665344,23.535307,0.06842912946428571,0.06369579081632654
ffwubibz,ETD,1,8,77.6129,30.336405,0.13177116549744897,0.05144889987244898
ffwubibz,ETD,1,9,82.58397,38.78093,0.17268215880102042,0.22123126594387754
ffwubibz,ETD,1,10,83.40059,27.348227,0.09813456632653061,0.10584243463010204
ffwubibz,ETD,1,11,83.53735,17.389643,0.03495196906887755,0.0283203125
ffwubibz,ETD,1,12,83.354774,21.357065,0.05408462213010204,0.06822983099489796
ffwubibz,ETD,1,13,75.003845,25.653349,0.11470623405612244,0.030228595344387755
ffwubibz,ETD,1,14,82.93425,22.703423,0.04903240593112245,0.10633569834183673
ffwubibz,ETD,2,0,80.72976,31.73324,0.12810407366071427,0.09047652264030612
ffwubibz,ETD,2,1,79.50961,33.639645,0.16565190529336735,0.08473174426020408
ffwubibz,ETD,2,2,77.85936,38.901363,0.20093769929846939,0.14073959661989796
ffwubibz,ETD,2,3,77.722496,29.916365,0.1402264030612245,0.06741768973214286
ffwubibz,ETD,2,4,80.83437,23.175165,0.07251474808673469,0.05189732142857143
ffwubibz,ETD,2,5,82.98323,26.805618,0.07655552455357142,0.11476104113520408
ffwubibz,ETD,2,6,77.13962,30.726303,0.1547253667091837,0.06676000478316327
ffwubibz,ETD,2,7,81.14801,21.427353,0.04929647640306122,0.06333705357142858
ffwubibz,ETD,2,8,79.144035,22.861414,0.07395467952806123,0.05979950573979592
ffwubibz,ETD,2,9,82.72146,23.593767,0.053591358418367346,0.111328125
ffwubibz,ETD,2,10,81.89898,22.385286,0.06381536989795919,0.06539481026785714
ffwubibz,ETD,2,11,82.224525,23.326141,0.06016322544642857,0.08289321588010204
ffwubibz,ETD,2,12,76.611565,27.987364,0.11940967793367346,0.05932118941326531
ffwubibz,ETD,2,13,76.56889,23.086077,0.07972437021683673,0.03063217474489796
ffwubibz,ETD,2,14,78.20925,22.587727,0.07840401785714286,0.04335239955357143
ffwubibz,ETD,3,0,84.88567,34.787666,0.13051558514030612,0.1913265306122449
ffwubibz,ETD,3,1,78.64009,32.98169,0.13557278380102042,0.12220483896683673
ffwubibz,ETD,3,2,83.09148,23.750845,0.05930125956632653,0.07486647002551021
ffwubibz,ETD,3,3,79.99063,21.425777,0.05667051977040816,0.044069874043367346
ffwubibz,ETD,3,4,80.62061,19.312422,0.05013851243622449,0.033078563456632654
ffwubibz,ETD,3,5,80.810394,16.367136,0.028031329719387755,0.033148317920918366
ffwubibz,ETD,3,6,80.753105,32.02426,0.12990274234693877,0.14072464923469388
ffwubibz,ETD,3,7,83.25413,23.145416,0.06133908641581633,0.07510064572704081
ffwubibz,ETD,3,8,77.38687,29.110712,0.12490533322704081,0.06292849170918367
ffwubibz,ETD,3,9,75.977684,28.667858,0.14096878985969388,0.052724410076530615
ffwubibz,ETD,3,10,82.21008,22.164503,0.06907684948979592,0.046396683673469385
ffwubibz,ETD,3,11,85.42084,30.061617,0.09286810427295919,0.17370356345663265
ffwubibz,ETD,3,12,77.11199,17.884588,0.05032286352040816,0.017543247767857144
ffwubibz,ETD,3,13,76.07763,21.959015,0.069580078125,0.0441047512755102
ffwubibz,ETD,3,14,78.35295,19.54594,0.05067661830357143,0.015056999362244899
ffwubibz,Inlens,0,0,71.30532,59.521336,0.686393893494898,0.10796496332908163
ffwubibz,Inlens,0,1,104.38323,68.443436,0.45478914221938777,0.2329151387117347
ffwubibz,Inlens,0,2,106.8779,63.373997,0.3880640146683674,0.2069515306122449
ffwubibz,Inlens,0,3,110.00653,58.02236,0.29014369419642855,0.14505939094387754
ffwubibz,Inlens,0,4,112.809906,50.431396,0.21575554049744897,0.11535395408163265
ffwubibz,Inlens,0,5,127.04681,38.48516,0.07841896524234694,0.10018734056122448
ffwubibz,Inlens,0,6,141.84856,40.018307,0.04878328284438776,0.25242147640306123
ffwubibz,Inlens,0,7,136.38933,38.075058,0.03748305963010204,0.1446906887755102
ffwubibz,Inlens,0,8,106.7913,40.97708,0.07239018654336735,0.09014269770408163
ffwubibz,Inlens,0,9,125.37331,44.929123,0.061732700892857144,0.17247787786989796
ffwubibz,Inlens,0,10,132.64667,41.646355,0.06107999840561224,0.14573202327806123
ffwubibz,Inlens,0,11,121.69262,38.185635,0.05612743144132653,0.09527463329081633
ffwubibz,Inlens,0,12,129.9532,36.300053,0.05136419802295918,0.13236906090561223
ffwubibz,Inlens,0,13,128.57993,40.248173,0.07131895727040816,0.1006656568877551
ffwubibz,Inlens,0,14,129.4129,44.938892,0.08228535554846939,0.14533342633928573
ffwubibz,Inlens,1,0,109.42719,51.660713,0.21335897640306123,0.08906150350765306
ffwubibz,Inlens,1,1,129.98119,40.923405,0.095947265625,0.08660016741071429
ffwubibz,Inlens,1,2,135.71933,42.1499,0.04639170121173469,0.15018136160714285
ffwubibz,Inlens,1,3,143.34238,34.517986,0.011300223214285714,0.15449617346938777
ffwubibz,Inlens,1,4,129.0836,42.849888,0.025335817920918366,0.14856206154336735
ffwubibz,Inlens,1,5,104.94127,46.00223,0.12821368781887754,0.07431341677295919
ffwubibz,Inlens,1,6,111.84008,42.941845,0.09795519770408163,0.09476143973214286
ffwubibz,Inlens,1,7,117.501366,30.754019,0.024533641581632654,0.061533402423469385
ffwubibz,Inlens,1,8,118.82165,45.380898,0.09054129464285714,0.10282306281887756
ffwubibz,Inlens,1,9,119.88638,45.039543,0.09962432238520408,0.11170180963010204
ffwubibz,Inlens,1,10,126.16576,38.45597,0.030911192602040817,0.14030612244897958
ffwubibz,Inlens,1,11,105.81705,32.022575,0.029456313775510203,0.05712890625
ffwubibz,Inlens,1,12,106.33731,35.769646,0.05348174426020408,0.08281349649234694
ffwubibz,Inlens,1,13,103.44968,32.975986,0.05692960778061224,0.05140405771683673
ffwubibz,Inlens,1,14,106.09064,33.86558,0.043870575573979595,0.07338169642857142
ffwubibz,Inlens,2,0,119.92846,45.243153,0.12153220663265306,0.08560367506377552
ffwubibz,Inlens,2,1,125.73669,37.34689,0.07984893176020408,0.08057138871173469
ffwubibz,Inlens,2,2,116.52963,48.03454,0.16753029336734693,0.08660016741071429
ffwubibz,Inlens,2,3,122.25231,42.289486,0.05322763871173469,0.10934510522959184
ffwubibz,Inlens,2,4,106.74426,33.905205,0.03951092155612245,0.05710399394132653
ffwubibz,Inlens,2,5,112.98174,38.235367,0.05366609534438776,0.09619638871173469
ffwubibz,Inlens,2,6,111.52366,37.67897,0.07452268016581633,0.06294842155612244
ffwubibz,Inlens,2,7,99.99438,25.04534,0.01976044323979592,0.025485291772959183
ffwubibz,Inlens,2,8,112.072296,34.76182,0.023905851403061226,0.07643096301020408
ffwubibz,Inlens,2,9,111.06513,34.235394,0.05380062181122449,0.07042709661989796
ffwubibz,Inlens,2,10,115.74504,35.454514,0.040671835140306124,0.08816964285714286
ffwubibz,Inlens,2,11,113.79596,32.520393,0.04741310586734694,0.0763412786989796
ffwubibz,Inlens,2,12,107.03673,36.0316,0.09127371651785714,0.05311304209183673
ffwubibz,Inlens,2,13,105.58853,25.55927,0.04562938456632653,0.022725007971938774
ffwubibz,Inlens,2,14,111.29131,29.161264,0.051169882015306124,0.04499162946428571
ffwubibz,Inlens,3,0,115.606705,38.49012,0.08817462531887756,0.08238998724489796
ffwubibz,Inlens,3,1,102.10419,38.84374,0.10696847098214286,0.047487842793367346
ffwubibz,Inlens,3,2,105.5152,37.58963,0.04650131536989796,0.07512555803571429
ffwubibz,Inlens,3,3,105.96315,33.91729,0.04019351881377551,0.060048628826530615
ffwubibz,Inlens,3,4,102.29731,28.221111,0.029162348533163265,0.03806600765306122
ffwubibz,Inlens,3,5,98.99003,24.322226,0.03218670280612245,0.02277981505102041
ffwubibz,Inlens,3,6,112.05981,41.42298,0.08871273118622448,0.08755680006377552
ffwubibz,Inlens,3,7,111.319885,37.70369,0.037298708545918366,0.07923608896683673
ffwubibz,Inlens,3,8,110.233,36.701134,0.05824497767857143,0.06849390146683673
ffwubibz,Inlens,3,9,105.03412,37.698063,0.12195571588010204,0.04326271524234694
ffwubibz,Inlens,3,10,118.07141,36.585262,0.04589345503826531,0.07714345503826531
ffwubibz,Inlens,3,11,121.330574,37.80407,0.07359095982142858,0.10744180484693877
ffwubibz,Inlens,3,12,104.416374,23.669155,0.031658561862244895,0.01493243781887755
ffwubibz,Inlens,3,13,101.1664,30.726072,0.05409458705357143,0.04518096301020408
ffwubibz,Inlens,3,14,105.56238,30.839762,0.06943060427295919,0.02125518176020408
fzrt2k6r,BSE,0,0,62.08742,20.338907,0.05856883769132653,0.07079081632653061
fzrt2k6r,BSE,0,1,59.731075,20.664309,0.08859315210459184,0.055853396045918366
fzrt2k6r,BSE,0,2,67.10948,25.531605,0.05258490114795918,0.17185507015306123
fzrt2k6r,BSE,0,3,55.626755,19.852058,0.13166653380102042,0.02735869738520408
fzrt2k6r,BSE,0,4,59.83709,16.28224,0.05555943080357143,0.03252052774234694
fzrt2k6r,BSE,0,5,57.40407,19.18966,0.09366031568877552,0.029097576530612245
fzrt2k6r,BSE,0,6,62.670315,18.524786,0.05539500956632653,0.06813516422193877
fzrt2k6r,BSE,0,7,61.646904,15.900736,0.04470762914540816,0.039341517857142856
fzrt2k6r,BSE,0,8,57.904293,24.40897,0.13111846301020408,0.07106983418367346
fzrt2k6r,BSE,0,9,59.941532,24.62903,0.09784558354591837,0.09447743941326531
fzrt2k6r,BSE,0,10,62.022755,26.243977,0.10534418845663265,0.11463149713010204
fzrt2k6r,BSE,0,11,57.951336,22.31316,0.12517438616071427,0.06206154336734694
fzrt2k6r,BSE,0,12,73.24781,29.898956,0.06796077806122448,0.29945591517857145
fzrt2k6r,BSE,0,13,62.358418,28.953466,0.1257374043367347,0.15214445153061223
fzrt2k6r,BSE,0,14,60.88335,22.51554,0.07891721141581633,0.10098453443877552
fzrt2k6r,BSE,1,0,57.556446,16.976044,0.08570830676020408,0.01634247448979592
fzrt2k6r,BSE,1,1,62.46274,20.63466,0.058803013392857144,0.07925103635204081
fzrt2k6r,BSE,1,2,61.582325,18.087513,0.05098553093112245,0.05395009566326531
fzrt2k6r,BSE,1,3,60.423306,23.995642,0.11672413105867346,0.08805006377551021
fzrt2k6r,BSE,1,4,60.947613,14.043629,0.028026347257653062,0.027762276785714284
fzrt2k6r,BSE,1,5,64.25669,24.967781,0.08226044323979592,0.12457150829081633
fzrt2k6r,BSE,1,6,57.01965,24.18688,0.1611328125,0.06546954719387756
fzrt2k6r,BSE,1,7,55.458214,23.228579,0.16819794323979592,0.0401985012755102
fzrt2k6r,BSE,1,8,61.304184,22.947514,0.1000179368622449,0.09197126116071429
fzrt2k6r,BSE,1,9,63.65607,23.54779,0.07663026147959184,0.12317641900510204
fzrt2k6r,BSE,1,10,65.035194,29.021338,0.1177505181760204,0.17860630580357142
fzrt2k6r,BSE,1,11,55.29338,27.248571,0.19894471460459184,0.0816226881377551
fzrt2k6r,BSE,1,12,62.290703,29.781391,0.15872628348214285,0.1520099250637755
fzrt2k6r,BSE,1,13,56.65203,19.733698,0.10615134725765306,0.028290417729591837
fzrt2k6r,BSE,1,14,52.71662,13.81147,0.07483657525510204,0.009142817283163265
fzrt2k6r,BSE,2,0,57.894238,22.836514,0.13901566485969388,0.06333207110969388
fzrt2k6r,BSE,2,1,53.63062,24.455206,0.17869100765306123,0.04190250318877551
fzrt2k6r,BSE,2,2,57.90611,21.468163,0.11629563934948979,0.05187240911989796
fzrt2k6r,BSE,2,3,62.214317,33.66782,0.2051578443877551,0.19256218112244897
fzrt2k6r,BSE,2,4,61.228302,31.443153,0.20085299744897958,0.16856664540816327
fzrt2k6r,BSE,2,5,56.69481,26.224586,0.20764907525510204,0.08598732461734694
fzrt2k6r,BSE,2,6,58.3633,20.03972,0.11957409917091837,0.048240194515306124
fzrt2k6r,BSE,2,7,63.402016,20.561226,0.06230568399234694,0.07822963169642858
fzrt2k6r,BSE,2,8,65.05613,25.201849,0.0721859056122449,0.13294702646683673
fzrt2k6r,BSE,2,9,67.39503,21.271551,0.03628228635204082,0.14503447863520408
fzrt2k6r,BSE,2,10,63.369595,23.001608,0.08423349808673469,0.10771584024234694
fzrt2k6r,BSE,2,11,62.78003,24.970057,0.11068040497448979,0.12922014508928573
fzrt2k6r,BSE,2,12,56.851665,24.767834,0.15945372289540816,0.06567881058673469
fzrt2k6r,BSE,2,13,60.002052,25.99242,0.13424744897959184,0.0938247369260204
fzrt2k6r,BSE,2,14,54.625004,21.08229,0.15402283960459184,0.031773158482142856
fzrt2k6r,BSE,3,0,65.24819,19.678041,0.0277523118622449,0.0908950494260204
fzrt2k6r,BSE,3,1,61.226875,22.108067,0.08220563616071429,0.07161790497448979
fzrt2k6r,BSE,3,2,78.89352,28.611818,0.02792171556122449,0.3283143335459184
fzrt2k6r,BSE,3,3,62.933483,19.983423,0.055908203125,0.07421875
fzrt2k6r,BSE,3,4,59.509014,18.734793,0.09628109056122448,0.04119499362244898
fzrt2k6r,BSE,3,5,58.425095,26.99609,0.15559231505102042,0.09288803411989796
fzrt2k6r,BSE,3,6,61.584435,17.056507,0.05543486926020408,0.04132453762755102
fzrt2k6r,BSE,3,7,63.738846,20.2512,0.06113978794642857,0.09085518973214286
fzrt2k6r,BSE,3,8,58.165005,20.534407,0.12182118941326531,0.04316306600765306
fzrt2k6r,BSE,3,9,57.90215,20.123213,0.12757593271683673,0.03726383131377551
fzrt2k6r,BSE,3,10,67.13357,24.022379,0.06607242506377552,0.14006198182397958
fzrt2k6r,BSE,3,11,62.549335,20.333933,0.07621173469387756,0.07367566167091837
fzrt2k6r,BSE,3,12,66.96421,23.093279,0.038898078762755105,0.13706253985969388
fzrt2k6r,BSE,3,13,62.822815,20.784887,0.0570442044005102,0.07549426020408163
fzrt2k6r,BSE,3,14,67.23436,28.56481,0.10374481823979592,0.1874152981505102
fzrt2k6r,ETD,0,0,83.78434,26.85332,0.05681501116071429,0.06893734056122448
fzrt2k6r,ETD,0,1,82.881424,31.57142,0.09080038265306123,0.08539441167091837
fzrt2k6r,ETD,0,2,94.902054,31.8838,0.04225127551020408,0.18533761160714285
fzrt2k6r,ETD,0,3,76.453766,33.791893,0.13133270886479592,0.06044224330357143
fzrt2k6r,ETD,0,4,85.3409,27.482538,0.04982461734693878,0.07211116868622448
fzrt2k6r,ETD,0,5,80.96455,30.768318,0.08940529336734694,0.060935507015306124
fzrt2k6r,ETD,0,6,83.33043,31.898237,0.07195671237244898,0.09583765146683673
fzrt2k6r,ETD,0,7,83.5682,23.79298,0.03904257015306122,0.04824517697704082
fzrt2k6r,ETD,0,8,78.20757,33.56811,0.1275908801020408,0.075439453125
fzrt2k6r,ETD,0,9,83.84092,32.17293,0.08330676020408163,0.11183135363520408
fzrt2k6r,ETD,0,10,79.166405,32.241165,0.10341099330357142,0.08644072863520408
fzrt2k6r,ETD,0,11,80.14239,39.159054,0.1426578443877551,0.10746173469387756
fzrt2k6r,ETD,0,12,91.21309,32.038948,0.07190190529336735,0.19728555484693877
fzrt2k6r,ETD,0,13,82.70572,37.64692,0.11315170599489796,0.14976781728316327
fzrt2k6r,ETD,0,14,85.11819,31.793888,0.05661073022959184,0.13523895886479592
fzrt2k6r,ETD,1,0,77.95733,26.223932,0.08766641422193877,0.0304378587372449
fzrt2k6r,ETD,1,1,82.71431,26.607578,0.05761220503826531,0.07606724330357142
fzrt2k6r,ETD,1,2,86.45625,25.38994,0.04737822863520408,0.0658382493622449
fzrt2k6r,ETD,1,3,80.78713,37.14533,0.12155711894132654,0.10638054049744898
fzrt2k6r,ETD,1,4,86.41959,25.237104,0.03770727040816327,0.0623405612244898
fzrt2k6r,ETD,1,5,82.88256,31.168774,0.08565848214285714,0.09900649713010204
fzrt2k6r,ETD,1,6,74.2915,37.981197,0.1708934550382653,0.06942063934948979
fzrt2k6r,ETD,1,7,73.27374,35.96809,0.1720344387755102,0.05007872289540816
fzrt2k6r,ETD,1,8,81.830536,32.59767,0.10156748246173469,0.09775589923469388
fzrt2k6r,ETD,1,9,86.396774,31.723904,0.06955018335459184,0.11464644451530612
fzrt2k6r,ETD,1,10,87.149506,38.65538,0.11441725127551021,0.1581184231505102
fzrt2k6r,ETD,1,11,78.36116,43.01478,0.18039500956632654,0.121337890625
fzrt2k6r,ETD,1,12,82.962654,42.331783,0.1510283801020408,0.17192482461734693
fzrt2k6r,ETD,1,13,75.51721,28.324446,0.11258370535714286,0.029157366071428572
fzrt2k6r,ETD,1,14,77.68678,18.568773,0.018534757653061226,0.02190788424744898
fzrt2k6r,ETD,2,0,80.513916,36.389107,0.1320003587372449,0.08216079400510204
fzrt2k6r,ETD,2,1,79.78766,40.059917,0.15439652423469388,0.09333147321428571
fzrt2k6r,ETD,2,2,81.16732,31.888136,0.10338109853316327,0.06558414381377552
fzrt2k6r,ETD,2,3,79.658745,45.081295,0.22511260363520408,0.1819644850127551
fzrt2k6r,ETD,2,4,80.41272,47.375397,0.2156608737244898,0.19632393973214285
fzrt2k6r,ETD,2,5,72.838326,42.71991,0.22937759088010204,0.09889190051020408
fzrt2k6r,ETD,2,6,74.63029,32.39179,0.14299665178571427,0.04983458227040816
fzrt2k6r,ETD,2,7,84.29506,26.783346,0.05941585618622449,0.07440808354591837
fzrt2k6r,ETD,2,8,87.80546,29.166857,0.056785116390306124,0.12225466358418367
fzrt2k6r,ETD,2,9,91.123726,30.586782,0.02684052136479592,0.14452128507653061
fzrt2k6r,ETD,2,10,85.79757,37.8098,0.08822943239795919,0.13816864636479592
fzrt2k6r,ETD,2,11,82.57299,36.367016,0.12469606983418367,0.11725725446428571
fzrt2k6r,ETD,2,12,77.69379,37.33403,0.1571368781887755,0.08960459183673469
fzrt2k6r,ETD,2,13,78.60041,34.16754,0.12640007174744897,0.08214086415816327
fzrt2k6r,ETD,2,14,73.73739,38.358242,0.20836156728316327,0.06332210618622448
fzrt2k6r,ETD,3,0,87.17077,22.25268,0.018534757653061226,0.07274394132653061
fzrt2k6r,ETD,3,1,81.14556,28.937878,0.07723812181122448,0.054363639987244895
fzrt2k6r,ETD,3,2,103.02637,32.29379,0.024204799107142856,0.31252491230867346
fzrt2k6r,ETD,3,3,83.7835,26.360714,0.051902303890306124,0.071044921875
fzrt2k6r,ETD,3,4,79.13763,28.70301,0.09889688297193877,0.04007892219387755
fzrt2k6r,ETD,3,5,75.94208,36.513462,0.14692781409438777,0.08306261957908163
fzrt2k6r,ETD,3,6,79.58807,24.121914,0.05847915338010204,0.02627750318877551
fzrt2k6r,ETD,3,7,85.80219,37.81575,0.08522999043367346,0.11331612723214286
fzrt2k6r,ETD,3,8,75.28117,32.554493,0.13472078284438777,0.04636180644132653
fzrt2k6r,ETD,3,9,74.2575,33.66306,0.15306122448979592,0.04450334821428571
fzrt2k6r,ETD,3,10,86.830986,33.665386,0.07873784279336735,0.14350984534438777
fzrt2k6r,ETD,3,11,81.329056,30.949188,0.08724788743622448,0.07639110331632654
fzrt2k6r,ETD,3,12,90.61172,30.919819,0.03600326849489796,0.15233378507653061
fzrt2k6r,ETD,3,13,82.817726,25.45234,0.052056760204081634,0.06218610491071429
fzrt2k6r,ETD,3,14,83.88059,36.288113,0.12904575892857142,0.15458087531887754
fzrt2k6r,Inlens,0,0,165.7499,40.48755,0.04181281887755102,0.14065489477040816
fzrt2k6r,Inlens,0,1,160.0105,40.27693,0.04613759566326531,0.11101422991071429
fzrt2k6r,Inlens,0,2,167.13927,49.53619,0.04050243144132653,0.21952228156887754
fzrt2k6r,Inlens,0,3,155.43411,49.081264,0.09167231345663265,0.12289241868622448
fzrt2k6r,Inlens,0,4,167.94551,38.76434,0.028698979591836735,0.13938934948979592
fzrt2k6r,Inlens,0,5,162.88403,47.52481,0.06773656728316327,0.13317123724489796
fzrt2k6r,Inlens,0,6,174.15366,40.571396,0.024857501594387755,0.20822704081632654
fzrt2k6r,Inlens,0,7,170.07578,35.481647,0.02141960299744898,0.1380889269770408
fzrt2k6r,Inlens,0,8,147.04356,50.392673,0.11896623883928571,0.08654536033163265
fzrt2k6r,Inlens,0,9,143.36258,56.047302,0.13959861288265307,0.13074477838010204
fzrt2k6r,Inlens,0,10,153.7269,49.98577,0.08224549585459184,0.1388263313137755
fzrt2k6r,Inlens,0,11,155.96846,46.265244,0.05105030293367347,0.15114297672193877
fzrt2k6r,Inlens,0,12,164.54616,46.262985,0.04876335299744898,0.25705018335459184
fzrt2k6r,Inlens,0,13,135.87994,61.460705,0.18356385522959184,0.1447704081632653
fzrt2k6r,Inlens,0,14,124.91036,63.330284,0.31149354272959184,0.11372468909438775
fzrt2k6r,Inlens,1,0,157.84686,36.87802,0.052036830357142856,0.053521603954081634
fzrt2k6r,Inlens,1,1,166.00853,38.058548,0.027119539221938774,0.13246871014030612
fzrt2k6r,Inlens,1,2,166.63586,38.3425,0.02996452487244898,0.12751614317602042
fzrt2k6r,Inlens,1,3,160.77689,41.09375,0.05201690051020408,0.11213030133928571
fzrt2k6r,Inlens,1,4,167.96335,30.541536,0.013706752232142858,0.09325673628826531
fzrt2k6r,Inlens,1,5,164.9059,44.434444,0.04285415338010204,0.15641940369897958
fzrt2k6r,Inlens,1,6,147.4242,54.9721,0.12497508769132654,0.10899633290816327
fzrt2k6r,Inlens,1,7,140.80748,50.71954,0.1329669563137755,0.07812001753826531
fzrt2k6r,Inlens,1,8,159.54506,44.480873,0.04678531568877551,0.14336535395408162
fzrt2k6r,Inlens,1,9,159.285,48.791813,0.07336674904336735,0.16369379783163265
fzrt2k6r,Inlens,1,10,153.34796,56.17761,0.1151546556122449,0.1749591438137755
fzrt2k6r,Inlens,1,11,131.61935,63.366096,0.22414102359693877,0.10118881536989796
fzrt2k6r,Inlens,1,12,151.20326,57.71744,0.12813396843112246,0.17613998724489796
fzrt2k6r,Inlens,1,13,133.45882,49.265057,0.14894072863520408,0.05060686383928571
fzrt2k6r,Inlens,1,14,94.5392,46.645447,0.4122837611607143,0.02228156887755102
fzrt2k6r,Inlens,2,0,134.07657,53.041424,0.17257254464285715,0.060711296237244895
fzrt2k6r,Inlens,2,1,117.65292,55.20104,0.266666334502551,0.023586973852040817
fzrt2k6r,Inlens,2,2,142.06882,48.118355,0.10948959661989796,0.07271404655612244
fzrt2k6r,Inlens,2,3,145.01532,55.08287,0.14708725286989796,0.11192602040816327
fzrt2k6r,Inlens,2,4,149.9487,55.316147,0.14278240593112246,0.12822863520408162
fzrt2k6r,Inlens,2,5,144.71289,52.765408,0.15037567761479592,0.11928013392857142
fzrt2k6r,Inlens,2,6,152.19614,40.71868,0.057183713329081634,0.08457230548469388
fzrt2k6r,Inlens,2,7,158.99544,38.65975,0.037233936543367346,0.10924545599489796
fzrt2k6r,Inlens,2,8,145.53847,43.84302,0.08872269610969388,0.06835439253826531
fzrt2k6r,Inlens,2,9,163.1024,45.31316,0.045823700573979595,0.1803302375637755
fzrt2k6r,Inlens,2,10,154.38443,46.532787,0.07342653858418367,0.13830815529336735
fzrt2k6r,Inlens,2,11,148.58458,47.512905,0.09043168048469388,0.11633051658163265
fzrt2k6r,Inlens,2,12,140.93372,50.089375,0.12840800382653061,0.07883250956632654
fzrt2k6r,Inlens,2,13,144.63821,47.487602,0.11524433992346939,0.06905193718112244
fzrt2k6r,Inlens,2,14,130.99335,44.79431,0.11683872767857142,0.03308852838010204
fzrt2k6r,Inlens,3,0,138.05594,29.492456,0.043093311543367346,0.023442482461734693
fzrt2k6r,Inlens,3,1,132.42949,45.00525,0.08002830038265306,0.06109992825255102
fzrt2k6r,Inlens,3,2,157.0948,44.08433,0.03396544164540816,0.16774453922193877
fzrt2k6r,Inlens,3,3,130.35168,39.933876,0.10885184151785714,0.03753288424744898
fzrt2k6r,Inlens,3,4,133.78127,36.551037,0.0650161431760204,0.037253866390306124
fzrt2k6r,Inlens,3,5,121.820435,49.455395,0.16198979591836735,0.03854432397959184
fzrt2k6r,Inlens,3,6,134.65594,31.735718,0.04272959183673469,0.023073780293367346
fzrt2k6r,Inlens,3,7,142.09308,37.214073,0.05138412786989796,0.06586316167091837
fzrt2k6r,Inlens,3,8,129.45471,37.590816,0.10853794642857142,0.03011898118622449
fzrt2k6r,Inlens,3,9,124.90365,37.93765,0.11562798947704081,0.0205875318877551
fzrt2k6r,Inlens,3,10,141.60265,39.15413,0.061712771045918366,0.07305783641581633
fzrt2k6r,Inlens,3,11,136.11673,39.279602,0.06365094866071429,0.05671037946428571
fzrt2k6r,Inlens,3,12,139.2702,40.739048,0.06969965720663265,0.07514050542091837
fzrt2k6r,Inlens,3,13,127.73837,37.315716,0.07357601243622448,0.03653140943877551
fzrt2k6r,Inlens,3,14,129.17964,35.72971,0.09168227838010204,0.0221370774872449
iv6g2oq0,BSE,0,0,50.98152,22.926983,0.14568718112244897,0.057537468112244895
iv6g2oq0,BSE,0,1,51.590298,19.071447,0.10100446428571429,0.024453922193877552
iv6g2oq0,BSE,0,2,49.181026,19.90072,0.1415168606505102,0.022216796875
iv6g2oq0,BSE,0,3,52.225994,25.036547,0.15010662468112246,0.08110949457908163
iv6g2oq0,BSE,0,4,48.345768,20.859528,0.15770487882653061,0.02355209661989796
iv6g2oq0,BSE,0,5,62.516834,34.354614,0.12343550701530612,0.25314891581632654
iv6g2oq0,BSE,0,6,51.882275,21.803513,0.11647002551020408,0.055943080357142856
iv6g2oq0,BSE,0,7,48.010086,25.65194,0.20111706792091838,0.05673529177295918
iv6g2oq0,BSE,0,8,55.13637,29.905127,0.1564044563137755,0.14036591198979592
iv6g2oq0,BSE,0,9,48.352913,21.3996,0.14001215720663265,0.04135443239795918
iv6g2oq0,BSE,0,10,51.481205,24.46541,0.1327277981505102,0.06654575892857142
iv6g2oq0,BSE,0,11,48.736282,27.050707,0.19722078284438777,0.06939074457908163
iv6g2oq0,BSE,0,12,50.043842,27.35176,0.19095782844387754,0.06752730389030612
iv6g2oq0,BSE,0,13,66.62604,34.14074,0.11489556760204081,0.26583924585459184
iv6g2oq0,BSE,0,14,58.968098,24.193018,0.08213588169642858,0.10438755580357142
iv6g2oq0,BSE,1,0,56.68621,22.287474,0.07974430006377552,0.07025271045918367
iv6g2oq0,BSE,1,1,52.2423,24.863712,0.14613560267857142,0.05470742984693878
iv6g2oq0,BSE,1,2,57.60889,21.941639,0.06615214445153061,0.078857421875
iv6g2oq0,BSE,1,3,62.762794,27.103361,0.0623405612244898,0.16144670758928573
iv6g2oq0,BSE,1,4,56.135044,17.531607,0.05439851721938776,0.04427913743622449
iv6g2oq0,BSE,1,5,56.056915,23.21633,0.09494579081632654,0.07699896364795919
iv6g2oq0,BSE,1,6,52.69444,20.216711,0.11911073022959184,0.03248565051020408
iv6g2oq0,BSE,1,7,53.667202,18.229021,0.08853834502551021,0.028195750956632654
iv6g2oq0,BSE,1,8,59.837032,26.282352,0.09094985650510204,0.13251853475765307
iv6g2oq0,BSE,1,9,60.274345,19.787033,0.031195192920918366,0.0882144850127551
iv6g2oq0,BSE,1,10,58.81529,20.353018,0.0531379544005102,0.07583306760204081
iv6g2oq0,BSE,1,11,65.22124,28.872614,0.05972476881377551,0.1792590082908163
iv6g2oq0,BSE,1,12,67.40535,27.086592,0.03186782525510204,0.1839923469387755
iv6g2oq0,BSE,1,13,65.47989,32.666218,0.09375,0.20086296237244897
iv6g2oq0,BSE,1,14,57.057907,16.883005,0.05506616709183673,0.040113799426020405
iv6g2oq0,BSE,2,0,54.889874,25.036604,0.14130261479591838,0.07888731664540816
iv6g2oq0,BSE,2,1,59.841972,14.036483,0.017299107142857144,0.04884307238520408
iv6g2oq0,BSE,2,2,58.83857,13.002637,0.016357421875,0.02684052136479592
iv6g2oq0,BSE,2,3,57.540318,18.488855,0.07160295758928571,0.05674525669642857
iv6g2oq0,BSE,2,4,55.374294,22.291553,0.11540876116071429,0.06337691326530612
iv6g2oq0,BSE,2,5,57.311584,23.192734,0.10880201690051021,0.09113420758928571
iv6g2oq0,BSE,2,6,57.819748,19.931301,0.0774673150510204,0.06389508928571429
iv6g2oq0,BSE,2,7,58.488937,21.90614,0.07229551977040816,0.07870296556122448
iv6g2oq0,BSE,2,8,61.99215,25.706123,0.07535475127551021,0.12490533322704081
iv6g2oq0,BSE,2,9,61.297646,25.382652,0.07884745695153061,0.11658462213010204
iv6g2oq0,BSE,2,10,57.052544,19.119028,0.07776626275510204,0.05035275829081633
iv6g2oq0,BSE,2,11,58.265923,25.727022,0.11283781090561225,0.10329141422193877
iv6g2oq0,BSE,2,12,62.056854,30.275215,0.11892139668367346,0.1599071269132653
iv6g2oq0,BSE,2,13,60.30578,27.211254,0.1126285475127551,0.12812898596938777
iv6g2oq0,BSE,2,14,57.910706,18.725,0.07388990752551021,0.05391521843112245
iv6g2oq0,ETD,0,0,68.937485,35.469692,0.1499621332908163,0.10492067920918367
iv6g2oq0,ETD,0,1,72.15361,26.443445,0.09286312181122448,0.04046755420918367
iv6g2oq0,ETD,0,2,68.22277,34.240356,0.16188018176020408,0.06832449776785714
iv6g2oq0,ETD,0,3,71.299,39.037518,0.1672961176658163,0.12470105229591837
iv6g2oq0,ETD,0,4,66.90826,31.397224,0.14596619897959184,0.04456812021683673
iv6g2oq0,ETD,0,5,79.991714,37.337082,0.10331632653061225,0.2473742426658163
iv6g2oq0,ETD,0,6,70.233604,32.585423,0.11805444834183673,0.0921207350127551
iv6g2oq0,ETD,0,7,66.952515,36.248764,0.18513333067602042,0.08632114955357142
iv6g2oq0,ETD,0,8,73.832,37.358112,0.14944893973214285,0.16496930803571427
iv6g2oq0,ETD,0,9,67.269875,31.816698,0.12502491230867346,0.07292829241071429
iv6g2oq0,ETD,0,10,70.38858,32.86223,0.12131297831632654,0.09459203603316327
iv6g2oq0,ETD,0,11,69.723526,39.486507,0.17783900669642858,0.11822883450255102
iv6g2oq0,ETD,0,12,67.217224,36.553947,0.18040497448979592,0.09232999840561225
iv6g2oq0,ETD,0,13,81.17516,37.627766,0.11956413424744898,0.2657894212372449
iv6g2oq0,ETD,0,14,74.888565,27.915886,0.08692402742346939,0.09298768335459184
iv6g2oq0,ETD,1,0,74.58898,28.769276,0.09657007334183673,0.07286850286989796
iv6g2oq0,ETD,1,1,69.45637,31.047943,0.13855727838010204,0.057293327487244895
iv6g2oq0,ETD,1,2,75.413025,29.053871,0.07728794642857142,0.09371512276785714
iv6g2oq0,ETD,1,3,81.80072,30.476286,0.059939014668367346,0.1791942362882653
iv6g2oq0,ETD,1,4,74.81241,24.934044,0.055674027423469385,0.058673469387755105
iv6g2oq0,ETD,1,5,74.57227,31.083036,0.10053113042091837,0.090087890625
iv6g2oq0,ETD,1,6,71.012886,28.332985,0.11179647640306123,0.036058075573979595
iv6g2oq0,ETD,1,7,72.301384,26.280874,0.09043666294642858,0.036366988201530615
iv6g2oq0,ETD,1,8,78.67438,34.015865,0.09912109375,0.15881098533163265
iv6g2oq0,ETD,1,9,80.38817,22.45208,0.02761280293367347,0.08876255580357142
iv6g2oq0,ETD,1,10,77.53661,25.13378,0.05048728475765306,0.07670998086734694
iv6g2oq0,ETD,1,11,81.32597,29.128736,0.05618223852040816,0.16496930803571427
iv6g2oq0,ETD,1,12,83.32439,25.089537,0.028096101721938774,0.15132234534438777
iv6g2oq0,ETD,1,13,78.985016,34.091064,0.09604193239795919,0.18959761639030612
iv6g2oq0,ETD,1,14,72.90481,22.987787,0.06494140625,0.030691964285714284
iv6g2oq0,ETD,2,0,71.80889,34.295364,0.1444714604591837,0.08063117825255102
iv6g2oq0,ETD,2,1,78.06415,16.948708,0.0194515306122449,0.030896245216836735
iv6g2oq0,ETD,2,2,77.13547,13.825813,0.014937420280612245,0.01250099649234694
iv6g2oq0,ETD,2,3,75.267746,24.854767,0.07255460778061225,0.046441525829081634
iv6g2oq0,ETD,2,4,71.76147,30.44251,0.12256855867346939,0.05319276147959184
iv6g2oq0,ETD,2,5,74.5317,33.646774,0.12554308832908162,0.10000797193877552
iv6g2oq0,ETD,2,6,74.89127,26.144823,0.08306261957908163,0.047607421875
iv6g2oq0,ETD,2,7,75.77869,26.63497,0.07732780612244898,0.06836435746173469
iv6g2oq0,ETD,2,8,79.53801,28.72816,0.07105986926020408,0.10665457589285714
iv6g2oq0,ETD,2,9,77.97998,27.994833,0.07514050542091837,0.10133828922193877
iv6g2oq0,ETD,2,10,72.272354,25.669155,0.08640585140306123,0.03628228635204082
iv6g2oq0,ETD,2,11,72.66238,31.264738,0.11629563934948979,0.08422353316326531
iv6g2oq0,ETD,2,12,76.60309,33.822468,0.11694834183673469,0.13286730707908162
iv6g2oq0,ETD,2,13,73.46119,31.728453,0.11665437659438775,0.09014768016581633
iv6g2oq0,ETD,2,14,72.316414,25.515984,0.08201132015306123,0.03707948022959184
iv6g2oq0,Inlens,0,0,124.90258,49.606503,0.0872379225127551,0.16600566007653061
iv6g2oq0,Inlens,0,1,115.787926,41.572643,0.04269471460459184,0.11325135522959184
iv6g2oq0,Inlens,0,2,122.98313,41.978466,0.05184749681122449,0.12100406568877552
iv6g2oq0,Inlens,0,3,126.41267,49.740547,0.06861846301020408,0.17883549904336735
iv6g2oq0,Inlens,0,4,102.31752,44.81933,0.16988699776785715,0.06814014668367346
iv6g2oq0,Inlens,0,5,115.02474,61.86012,0.23249162946428573,0.24215760522959184
iv6g2oq0,Inlens,0,6,118.606606,54.73551,0.15484992825255103,0.18568638392857142
iv6g2oq0,Inlens,0,7,111.80212,55.222572,0.17665816326530612,0.12844288105867346
iv6g2oq0,Inlens,0,8,121.66152,50.36816,0.09517498405612244,0.1704998405612245
iv6g2oq0,Inlens,0,9,104.10951,56.437977,0.21365294164540816,0.12891621492346939
iv6g2oq0,Inlens,0,10,112.308075,57.960747,0.17444595025510204,0.1530163823341837
iv6g2oq0,Inlens,0,11,102.215485,55.285892,0.21234753667091838,0.12110371492346939
iv6g2oq0,Inlens,0,12,117.15535,55.12988,0.15234375,0.15886080994897958
iv6g2oq0,Inlens,0,13,140.2821,44.246033,0.038255341198979595,0.26364198022959184
iv6g2oq0,Inlens,0,14,133.80525,39.548416,0.02317841198979592,0.16254783163265307
iv6g2oq0,Inlens,1,0,114.26305,34.467216,0.023596938775510203,0.0877262037627551
iv6g2oq0,Inlens,1,1,108.23466,45.560234,0.10308713329081633,0.08469686702806123
iv6g2oq0,Inlens,1,2,124.351524,40.570263,0.03098094706632653,0.12836316167091838
iv6g2oq0,Inlens,1,3,124.78671,39.208553,0.02749820631377551,0.12858737244897958
iv6g2oq0,Inlens,1,4,117.35162,36.24831,0.008769132653061224,0.10014748086734694
iv6g2oq0,Inlens,1,5,118.41368,38.42576,0.024932238520408163,0.11160216039540816
iv6g2oq0,Inlens,1,6,118.386826,37.53785,0.04110530931122449,0.09837870695153061
iv6g2oq0,Inlens,1,7,107.543564,32.328735,0.043043486926020405,0.05386539381377551
iv6g2oq0,Inlens,1,8,126.569954,37.757526,0.02573441485969388,0.14105847417091838
iv6g2oq0,Inlens,1,9,117.74817,34.366444,0.01669124681122449,0.08835897640306123
iv6g2oq0,Inlens,1,10,116.43044,31.858711,0.025654695471938774,0.06919642857142858
iv6g2oq0,Inlens,1,11,115.37285,33.15533,0.03578404017857143,0.07803033322704081
iv6g2oq0,Inlens,1,12,121.208244,34.03071,0.018360371492346938,0.11309689891581633
iv6g2oq0,Inlens,1,13,127.354126,43.4128,0.045220822704081634,0.19177495216836735
iv6g2oq0,Inlens,1,14,119.4167,32.392685,0.015370894451530613,0.08494599011479592
iv6g2oq0,Inlens,2,0,96.065865,38.34449,0.10625099649234694,0.03588368941326531
iv6g2oq0,Inlens,2,1,91.68399,18.505371,0.0054807079081632655,0.008624641262755101
iv6g2oq0,Inlens,2,2,88.26357,19.612099,0.008081552933673469,0.009267378826530613
iv6g2oq0,Inlens,2,3,96.69847,31.902533,0.024458904655612245,0.038230428890306124
iv6g2oq0,Inlens,2,4,95.950615,35.631847,0.056695432079081634,0.05034279336734694
iv6g2oq0,Inlens,2,5,108.44583,37.18821,0.03699976084183673,0.07669503348214286
iv6g2oq0,Inlens,2,6,100.70478,31.001045,0.030069156568877552,0.04181780133928571
iv6g2oq0,Inlens,2,7,98.58725,33.70616,0.03955078125,0.04438376913265306
iv6g2oq0,Inlens,2,8,103.855804,34.261948,0.03807099011479592,0.046795280612244895
iv6g2oq0,Inlens,2,9,92.459206,30.214523,0.0494758450255102,0.018310546875
iv6g2oq0,Inlens,2,10,96.527466,31.273016,0.03799625318877551,0.029296875
iv6g2oq0,Inlens,2,11,91.12198,35.088043,0.07595762914540816,0.028071189413265307
iv6g2oq0,Inlens,2,12,94.879105,34.825527,0.08890206473214286,0.014987244897959183
iv6g2oq0,Inlens,2,13,99.67822,37.7631,0.07409418845663265,0.04471759406887755
iv6g2oq0,Inlens,2,14,95.75393,26.006218,0.03721898915816327,0.01767777423469388
uhdslk0o,BSE,0,0,58.672283,18.474892,0.07399453922193877,0.05321767378826531
uhdslk0o,BSE,0,1,58.949398,19.863356,0.09354571906887756,0.049769810267857144
uhdslk0o,BSE,0,2,58.910694,26.509256,0.1500866948341837,0.09621133609693877
uhdslk0o,BSE,0,3,59.963245,18.719624,0.07814492984693877,0.03440888073979592
uhdslk0o,BSE,0,4,60.748425,17.183136,0.06510084502551021,0.04903240593112245
uhdslk0o,BSE,0,5,59.428707,20.764133,0.07349131058673469,0.06382035235969388
uhdslk0o,BSE,0,6,58.258106,19.007332,0.07165278220663265,0.04918686224489796
uhdslk0o,BSE,0,7,57.15269,17.710575,0.08612683354591837,0.03623744419642857
uhdslk0o,BSE,0,8,57.210827,16.931015,0.07266422193877552,0.03113540338010204
uhdslk0o,BSE,0,9,52.50278,23.39536,0.17413703762755103,0.03818060427295918
uhdslk0o,BSE,0,10,58.39982,28.610144,0.14258808992346939,0.11803451849489796
uhdslk0o,BSE,0,11,63.677982,29.295471,0.10862264827806123,0.1607940051020408
uhdslk0o,BSE,0,12,53.72867,21.629976,0.14427714445153061,0.032550422512755105
uhdslk0o,BSE,0,13,59.271416,19.770733,0.07325713488520408,0.06558912627551021
uhdslk0o,BSE,0,14,61.507633,24.189404,0.07538464604591837,0.10868742028061225
uhdslk0o,BSE,1,0,69.65896,32.34886,0.09743203922193877,0.2605030293367347
uhdslk0o,BSE,1,1,51.24559,26.469149,0.22905871332908162,0.06980428890306123
uhdslk0o,BSE,1,2,64.13362,19.10936,0.04820531728316327,0.09012276785714286
uhdslk0o,BSE,1,3,61.167526,20.801271,0.09042669802295919,0.07285355548469388
uhdslk0o,BSE,1,4,63.852314,12.420676,0.006631656568877551,0.03456333705357143
uhdslk0o,BSE,1,5,55.238525,24.133385,0.15070452008928573,0.06283382493622448
uhdslk0o,BSE,1,6,63.9258,34.823647,0.17006138392857142,0.22509765625
uhdslk0o,BSE,1,7,59.999023,23.279821,0.08384984853316327,0.09107441804846939
uhdslk0o,BSE,1,8,62.499416,24.180103,0.07863819355867346,0.1309390943877551
uhdslk0o,BSE,1,9,57.888885,17.338032,0.05524055325255102,0.040671835140306124
uhdslk0o,BSE,1,10,54.707176,18.465448,0.0938247369260204,0.025360730229591837
uhdslk0o,BSE,1,11,70.86024,36.47388,0.14438675860969388,0.3350854990433674
uhdslk0o,BSE,1,12,56.884834,23.816622,0.12237922512755102,0.06640126753826531
uhdslk0o,BSE,1,13,64.456566,29.457933,0.12526905293367346,0.22062838807397958
uhdslk0o,BSE,1,14,57.770634,28.44396,0.15809351084183673,0.14033103475765307
uhdslk0o,BSE,2,0,55.77246,21.341543,0.11528419961734694,0.052011918048469385
uhdslk0o,BSE,2,1,54.553593,21.311607,0.13197544642857142,0.0474479830994898
uhdslk0o,BSE,2,2,59.859314,20.444096,0.08942024075255102,0.054652622767857144
uhdslk0o,BSE,2,3,65.21102,14.225566,0.015216438137755101,0.05740294164540816
uhdslk0o,BSE,2,4,61.408295,17.596006,0.0580207669005102,0.0498893893494898
uhdslk0o,BSE,2,5,59.208866,31.613514,0.17681261957908162,0.1615613042091837
uhdslk0o,BSE,2,6,53.86624,20.645058,0.13304169323979592,0.04205197704081633
uhdslk0o,BSE,2,7,54.543964,18.330847,0.10946468431122448,0.026013432716836735
uhdslk0o,BSE,2,8,47.4959,24.950783,0.2650619818239796,0.03063217474489796
uhdslk0o,BSE,2,9,59.10778,22.401243,0.08621153539540816,0.07928093112244898
uhdslk0o,BSE,2,10,60.826622,26.47651,0.10033681441326531,0.11878188775510204
uhdslk0o,BSE,2,11,71.763695,35.418266,0.1183284837372449,0.29970005580357145
uhdslk0o,BSE,2,12,57.4862,16.97733,0.058070591517857144,0.031075613839285716
uhdslk0o,BSE,2,13,56.795815,16.638775,0.06836435746173469,0.026815609056122448
uhdslk0o,BSE,2,14,58.096897,13.835568,0.035031688456632654,0.018310546875
uhdslk0o,BSE,3,0,66.83007,25.96617,0.057696906887755105,0.16020607461734693
uhdslk0o,BSE,3,1,57.846073,16.804289,0.057542450573979595,0.03028340242346939
uhdslk0o,BSE,3,2,62.244877,24.683258,0.07553910235969388,0.11123345822704081
uhdslk0o,BSE,3,3,61.710373,25.305676,0.10755640146683673,0.11815409757653061
uhdslk0o,BSE,3,4,75.973946,37.48656,0.12266820790816327,0.35496053890306123
uhdslk0o,BSE,3,5,70.27269,34.918385,0.12032146843112244,0.29037786989795916
uhdslk0o,BSE,3,6,60.863705,18.292551,0.04879823022959184,0.06819993622448979
uhdslk0o,BSE,3,7,61.60217,28.879671,0.13849250637755103,0.15947365274234693
uhdslk0o,BSE,3,8,58.08827,17.664412,0.07184709821428571,0.03819056919642857
uhdslk0o,BSE,3,9,55.525803,18.236832,0.09679926658163265,0.02243602519132653
uhdslk0o,BSE,3,10,58.5739,18.175945,0.08646065848214286,0.04603794642857143
uhdslk0o,BSE,3,11,60.63502,24.362732,0.10088986766581633,0.10308713329081633
uhdslk0o,BSE,3,12,67.286385,25.832361,0.02743343431122449,0.14627012914540816
uhdslk0o,BSE,3,13,56.02725,17.243113,0.08424346301020408,0.025729432397959183
uhdslk0o,BSE,3,14,60.167713,23.181946,0.08255939094387756,0.08025251116071429
uhdslk0o,ETD,0,0,82.35545,27.0918,0.062445192920918366,0.07726303411989796
uhdslk0o,ETD,0,1,80.1522,29.977924,0.09760144292091837,0.07102000956632654
uhdslk0o,ETD,0,2,77.93461,35.39737,0.14671356823979592,0.07846380739795919
uhdslk0o,ETD,0,3,79.10716,25.21918,0.07763173628826531,0.022899394132653062
uhdslk0o,ETD,0,4,78.14932,27.472757,0.08533960459183673,0.057696906887755105
uhdslk0o,ETD,0,5,83.863464,28.504194,0.06582330197704081,0.08957967952806123
uhdslk0o,ETD,0,6,79.33804,23.827444,0.06578842474489796,0.04686005261479592
uhdslk0o,ETD,0,7,76.37392,26.253391,0.09090999681122448,0.0406120455994898
uhdslk0o,ETD,0,8,78.503654,24.90705,0.06933095503826531,0.04933633609693878
uhdslk0o,ETD,0,9,74.20325,36.821106,0.1650988520408163,0.07680464764030612
uhdslk0o,ETD,0,10,79.1712,34.131847,0.11863739636479592,0.10977857940051021
uhdslk0o,ETD,0,11,86.15602,37.635323,0.10618124202806123,0.1959652024872449
uhdslk0o,ETD,0,12,75.14863,32.442398,0.1358019770408163,0.06020806760204082
uhdslk0o,ETD,0,13,79.87314,24.613672,0.06968470982142858,0.056431361607142856
uhdslk0o,ETD,0,14,83.13902,27.780413,0.06187719228316327,0.11655970982142858
uhdslk0o,ETD,1,0,90.65456,37.318977,0.09443259725765306,0.28746811224489793
uhdslk0o,ETD,1,1,65.91814,42.557533,0.2644889987244898,0.11411332110969388
uhdslk0o,ETD,1,2,83.07065,30.2764,0.06001375159438776,0.08244977678571429
uhdslk0o,ETD,1,3,80.24146,33.13878,0.1058773118622449,0.08261918048469388
uhdslk0o,ETD,1,4,84.39645,11.1644125,0.003497688137755102,0.008520009566326531
uhdslk0o,ETD,1,5,75.13937,36.37622,0.15679308832908162,0.09216059470663265
uhdslk0o,ETD,1,6,80.35958,40.986004,0.17013113839285715,0.2147839604591837
uhdslk0o,ETD,1,7,82.43495,29.681614,0.07277383609693877,0.11572265625
uhdslk0o,ETD,1,8,83.2544,28.969381,0.06522042410714286,0.12634526466836735
uhdslk0o,ETD,1,9,78.661766,21.26731,0.046531210140306124,0.03950593909438776
uhdslk0o,ETD,1,10,77.35806,25.132317,0.07362085459183673,0.03921695631377551
uhdslk0o,ETD,1,11,89.27722,41.148014,0.1306102519132653,0.2931381536989796
uhdslk0o,ETD,1,12,76.26928,30.17807,0.10936503507653061,0.07325215242346939
uhdslk0o,ETD,1,13,81.8761,33.327637,0.11407844387755102,0.17626953125
uhdslk0o,ETD,1,14,79.40886,33.14445,0.10436762595663265,0.13856226084183673
uhdslk0o,ETD,2,0,74.30429,32.74333,0.13082449776785715,0.08229033801020408
uhdslk0o,ETD,2,1,76.094536,32.540512,0.11023198341836735,0.09069575095663265
uhdslk0o,ETD,2,2,78.830734,29.429314,0.089599609375,0.05523557079081633
uhdslk0o,ETD,2,3,84.33434,19.174486,0.027682557397959183,0.03198740433673469
uhdslk0o,ETD,2,4,82.21469,24.105093,0.05926139987244898,0.044468470982142856
uhdslk0o,ETD,2,5,76.10232,40.509655,0.183837890625,0.17096320950255103
uhdslk0o,ETD,2,6,72.108406,29.958765,0.1253985969387755,0.057716836734693876
uhdslk0o,ETD,2,7,71.18982,29.541826,0.1320850605867347,0.04753766741071429
uhdslk0o,ETD,2,8,61.05952,37.879528,0.28797632334183676,0.05008868781887755
uhdslk0o,ETD,2,9,74.70399,30.386444,0.13182099011479592,0.06600765306122448
uhdslk0o,ETD,2,10,79.29915,34.099957,0.13108856823979592,0.12888133769132654
uhdslk0o,ETD,2,11,85.08207,38.60429,0.1307796556122449,0.2596012037627551
uhdslk0o,ETD,2,12,76.24209,21.8714,0.053297393176020405,0.033322704081632654
uhdslk0o,ETD,2,13,77.10234,21.919516,0.059869260204081634,0.027941645408163265
uhdslk0o,ETD,2,14,78.32439,14.9785,0.02248584980867347,0.013039102359693877
uhdslk0o,ETD,3,0,84.776726,30.383345,0.06230070153061224,0.1582878268494898
uhdslk0o,ETD,3,1,75.435455,22.932446,0.055494658801020405,0.03772720025510204
uhdslk0o,ETD,3,2,77.6979,28.85587,0.08355090082908163,0.10230488679846939
uhdslk0o,ETD,3,3,78.99916,34.449608,0.11891641422193877,0.11234952965561225
uhdslk0o,ETD,3,4,89.20038,42.701,0.14847237723214285,0.3457081074617347
uhdslk0o,ETD,3,5,82.19485,39.249165,0.15719168526785715,0.25239656409438777
uhdslk0o,ETD,3,6,79.81332,24.389462,0.04591836734693878,0.07556401466836735
uhdslk0o,ETD,3,7,75.632774,36.2758,0.16151147959183673,0.1389110331632653
uhdslk0o,ETD,3,8,74.43179,24.353748,0.08203125,0.03020866549744898
uhdslk0o,ETD,3,9,74.93034,24.106024,0.08433812978316327,0.024867466517857144
uhdslk0o,ETD,3,10,75.72194,27.57953,0.09809968909438775,0.04920180963010204
uhdslk0o,ETD,3,11,78.73981,31.164667,0.10925542091836735,0.10391422193877552
uhdslk0o,ETD,3,12,85.30162,23.018198,0.0182308274872449,0.13156688456632654
uhdslk0o,ETD,3,13,73.18403,22.031923,0.08204121492346939,0.014837771045918368
uhdslk0o,ETD,3,14,78.15419,26.633505,0.07849868463010204,0.06725825095663265
uhdslk0o,Inlens,0,0,151.79428,53.52665,0.04922173947704082,0.1879284917091837
uhdslk0o,Inlens,0,1,154.17241,49.37388,0.06080596301020408,0.14644949776785715
uhdslk0o,Inlens,0,2,148.3448,51.625675,0.11949936224489796,0.11221500318877552
uhdslk0o,Inlens,0,3,150.26418,39.337067,0.058469188456632654,0.05613241390306122
uhdslk0o,Inlens,0,4,162.98538,48.48663,0.0174137037627551,0.19607979910714285
uhdslk0o,Inlens,0,5,146.6063,49.74324,0.045046436543367346,0.14851223692602042
uhdslk0o,Inlens,0,6,138.42728,43.390858,0.031165298150510203,0.08482641103316327
uhdslk0o,Inlens,0,7,144.14081,47.174812,0.03773218271683673,0.1217464524872449
uhdslk0o,Inlens,0,8,143.81961,46.20605,0.02658641581632653,0.12509964923469388
uhdslk0o,Inlens,0,9,134.03964,57.7735,0.1349300462372449,0.10697843590561225
uhdslk0o,Inlens,0,10,134.7003,56.24592,0.12949418048469388,0.10590720663265306
uhdslk0o,Inlens,0,11,159.94505,57.136288,0.05399493781887755,0.23671177455357142
uhdslk0o,Inlens,0,12,139.87901,53.67492,0.09186662946428571,0.10892657844387756
uhdslk0o,Inlens,0,13,137.57532,39.957287,0.03285435267857143,0.08384984853316327
uhdslk0o,Inlens,0,14,145.9289,51.247456,0.047687141262755105,0.15482501594387754
uhdslk0o,Inlens,1,0,170.03313,57.366642,0.04652124521683673,0.3192163584183674
uhdslk0o,Inlens,1,1,134.22908,61.45979,0.19333446269132654,0.10086495535714286
uhdslk0o,Inlens,1,2,162.28906,50.524902,0.0191226881377551,0.2101253587372449
uhdslk0o,Inlens,1,3,163.98346,50.943844,0.04193239795918367,0.20346878985969388
uhdslk0o,Inlens,1,4,143.05127,28.549725,0.004753268494897959,0.019047951211734693
uhdslk0o,Inlens,1,5,142.69083,54.286102,0.07604233099489796,0.14707728794642858
uhdslk0o,Inlens,1,6,141.42094,59.138172,0.16231365593112246,0.12100904815051021
uhdslk0o,Inlens,1,7,141.34363,45.53924,0.05386041135204082,0.08790058992346939
uhdslk0o,Inlens,1,8,150.73674,52.046703,0.04065688775510204,0.18193957270408162
uhdslk0o,Inlens,1,9,130.6457,41.73869,0.028280452806122448,0.07733777104591837
uhdslk0o,Inlens,1,10,125.63173,44.42597,0.078369140625,0.060467155612244895
uhdslk0o,Inlens,1,11,146.30312,55.533833,0.13275769292091838,0.08818459024234694
uhdslk0o,Inlens,1,12,135.01334,47.947422,0.0890316087372449,0.07832429846938775
uhdslk0o,Inlens,1,13,129.51411,63.412754,0.24586953922193877,0.09650031887755102
uhdslk0o,Inlens,1,14,111.459175,68.80046,0.37862224968112246,0.09037687340561225
uhdslk0o,Inlens,2,0,136.19142,46.595345,0.05868841677295918,0.09024234693877552
uhdslk0o,Inlens,2,1,126.578445,50.86616,0.16566187021683673,0.07141860650510204
uhdslk0o,Inlens,2,2,138.708,41.01026,0.07474190848214286,0.047861527423469385
uhdslk0o,Inlens,2,3,154.15263,35.754543,0.004185267857142857,0.09171217315051021
uhdslk0o,Inlens,2,4,140.11836,40.74458,0.0352409518494898,0.07708366549744898
uhdslk0o,Inlens,2,5,139.67064,60.307518,0.11885164221938775,0.16138691804846939
uhdslk0o,Inlens,2,6,121.50326,50.58073,0.15265266262755103,0.07119937818877552
uhdslk0o,Inlens,2,7,139.71687,45.267036,0.04287906568877551,0.08869280133928571
uhdslk0o,Inlens,2,8,116.284874,52.07635,0.17640904017857142,0.04660096460459184
uhdslk0o,Inlens,2,9,126.518364,41.72373,0.061089963329081634,0.05269451530612245
uhdslk0o,Inlens,2,10,132.84914,48.692917,0.09208087531887756,0.11720742984693877
uhdslk0o,Inlens,2,11,160.15411,60.803127,0.07346639827806123,0.2999990035076531
uhdslk0o,Inlens,2,12,132.6243,38.76922,0.034677933673469385,0.0460578762755102
uhdslk0o,Inlens,2,13,125.084526,35.828773,0.05329241071428571,0.03442881058673469
uhdslk0o,Inlens,2,14,128.62747,29.070501,0.016287667410714284,0.03154396524234694
uhdslk0o,Inlens,3,0,131.4722,47.240044,0.07699896364795919,0.09352578922193877
uhdslk0o,Inlens,3,1,110.222534,35.344746,0.13800422512755103,0.030303332270408163
uhdslk0o,Inlens,3,2,118.52858,45.43425,0.12575235172193877,0.07589285714285714
uhdslk0o,Inlens,3,3,120.16321,46.747078,0.16236348054846939,0.040248325892857144
uhdslk0o,Inlens,3,4,144.53928,47.900375,0.1016372369260204,0.06707888233418367
uhdslk0o,Inlens,3,5,132.89148,48.037094,0.09736228475765306,0.046556122448979595
uhdslk0o,Inlens,3,6,121.35346,43.295624,0.0935805963010204,0.06794084821428571
uhdslk0o,Inlens,3,7,126.356766,47.781425,0.11858258928571429,0.06289859693877552
uhdslk0o,Inlens,3,8,117.95992,40.318455,0.11951929209183673,0.049505739795918366
uhdslk0o,Inlens,3,9,106.497925,30.416334,0.14651426977040816,0.010787029655612245
uhdslk0o,Inlens,3,10,116.9659,34.635452,0.14336037149234693,0.02233139349489796
uhdslk0o,Inlens,3,11,116.93097,43.163525,0.17721121651785715,0.0323860012755102
uhdslk0o,Inlens,3,12,124.27412,42.2119,0.07015306122448979,0.0863460618622449
uhdslk0o,Inlens,3,13,106.716156,22.33836,0.09503547512755102,0.0033930564413265306
uhdslk0o,Inlens,3,14,114.999405,37.32715,0.11620097257653061,0.020448022959183673
3806gxp0,BSE,0,0,47.438362,20.059427,0.10143295599489796,0.05437360491071429
3806gxp0,BSE,0,1,45.72293,17.438913,0.09830397002551021,0.028160873724489797
3806gxp0,BSE,0,2,62.55541,35.861588,0.11786013233418367,0.30384048150510207
3806gxp0,BSE,0,3,57.651592,30.321037,0.08039202008928571,0.20099250637755103
3806gxp0,BSE,0,4,60.588707,30.828705,0.07854352678571429,0.25916274713010207
3806gxp0,BSE,0,5,55.82884,30.472683,0.09068080357142858,0.19044961734693877
3806gxp0,BSE,0,6,44.998295,23.566595,0.160888671875,0.07641103316326531
3806gxp0,BSE,0,7,42.32785,19.298845,0.15376375159438777,0.026312380420918366
3806gxp0,BSE,0,8,48.635666,29.392393,0.15979253029336735,0.1294842155612245
3806gxp0,BSE,0,9,63.183556,34.82297,0.08646065848214286,0.2851064253826531
3806gxp0,BSE,0,10,41.1999,20.527205,0.17845184948979592,0.03076171875
3806gxp0,BSE,0,11,47.932766,20.295927,0.08665497448979592,0.066650390625
3806gxp0,BSE,0,12,47.16566,16.483534,0.06698421556122448,0.03391063456632653
3806gxp0,BSE,0,13,44.4568,16.81318,0.0978256536989796,0.02294921875
3806gxp0,BSE,0,14,51.66706,29.66054,0.1272869499362245,0.13845264668367346
3806gxp0,BSE,1,0,48.807686,16.961246,0.07598752391581633,0.029919682716836735
3806gxp0,BSE,1,1,49.908134,16.842281,0.05638153698979592,0.03710439253826531
3806gxp0,BSE,1,2,48.83752,19.993067,0.08160275829081633,0.059156768176020405
3806gxp0,BSE,1,3,49.27578,14.288502,0.0467155612244898,0.01930205676020408
3806gxp0,BSE,1,4,46.950703,18.80295,0.08558374521683673,0.04159359056122449
3806gxp0,BSE,1,5,49.847458,20.29681,0.03814572704081633,0.07567362882653061
3806gxp0,BSE,1,6,51.811356,25.56068,0.08662009725765306,0.13416274713010204
3806gxp0,BSE,1,7,41.982338,19.170729,0.17323521205357142,0.01846500318877551
3806gxp0,BSE,1,8,44.716515,17.668741,0.1185726243622449,0.01669124681122449
3806gxp0,BSE,1,9,45.424282,17.326172,0.09560845822704081,0.02097118144132653
3806gxp0,BSE,1,10,43.04476,18.761925,0.1451042330994898,0.016108298788265307
3806gxp0,BSE,1,11,45.854103,18.803463,0.08373525191326531,0.04119499362244898
3806gxp0,BSE,1,12,43.12926,17.884705,0.12476084183673469,0.016262755102040817
3806gxp0,BSE,1,13,41.229507,18.239544,0.16014130261479592,0.013328085140306123
3806gxp0,BSE,1,14,44.527683,16.40675,0.09603196747448979,0.020383250956632654
3806gxp0,BSE,2,0,52.73867,19.038645,0.06322743941326531,0.0694156568877551
3806gxp0,BSE,2,1,50.960094,24.03713,0.10744678730867346,0.09528459821428571
3806gxp0,BSE,2,2,47.4403,18.410975,0.10318180006377552,0.03990453603316327
3806gxp0,BSE,2,3,44.99734,19.348001,0.14177594866071427,0.03591856664540816
3806gxp0,BSE,2,4,53.97546,20.76823,0.03699477838010204,0.09753667091836735
3806gxp0,BSE,2,5,55.960888,22.813822,0.04930145886479592,0.11888651945153061
3806gxp0,BSE,2,6,51.506054,16.424395,0.049171914859693876,0.04774693080357143
3806gxp0,BSE,2,7,50.03399,16.040216,0.05951052295918367,0.032371053890306124
3806gxp0,BSE,2,8,49.542706,16.3041,0.05840939891581633,0.03014389349489796
3806gxp0,BSE,2,9,43.746357,19.416914,0.16272221779336735,0.030368104272959183
3806gxp0,BSE,2,10,54.902245,28.584946,0.11517956792091837,0.18278659119897958
3806gxp0,BSE,2,11,51.428093,19.582088,0.050571986607142856,0.07117446588010204
3806gxp0,BSE,2,12,50.632946,17.515461,0.054677535076530615,0.053212691326530615
3806gxp0,BSE,2,13,57.772667,27.891037,0.08547413105867346,0.19266681281887754
3806gxp0,BSE,2,14,44.883854,18.896063,0.12584701849489796,0.03597835618622449
3806gxp0,BSE,3,0,56.576183,32.768295,0.1377899792729592,0.20381257971938777
3806gxp0,BSE,3,1,59.302544,29.047262,0.08106465242346939,0.18809789540816327
3806gxp0,BSE,3,2,53.759445,21.34531,0.08299784757653061,0.09355568399234694
3806gxp0,BSE,3,3,55.058025,14.3210125,0.009446747448979591,0.06020806760204082
3806gxp0,BSE,3,4,54.14334,22.357866,0.07639110331632654,0.10755640146683673
3806gxp0,BSE,3,5,53.31595,23.129747,0.08830915178571429,0.1031020806760204
3806gxp0,BSE,3,6,54.900917,23.83634,0.07800043845663265,0.11392398756377552
3806gxp0,BSE,3,7,52.25906,14.853089,0.03742327008928571,0.036277303890306124
3806gxp0,BSE,3,8,47.95741,25.017536,0.16779934630102042,0.08337651466836735
3806gxp0,BSE,3,9,50.14885,23.918001,0.11307198660714286,0.0962661431760204
3806gxp0,BSE,3,10,60.8868,26.803898,0.03802614795918367,0.18161571269132654
3806gxp0,BSE,3,11,49.51426,20.4748,0.1053940130739796,0.0616828762755102
3806gxp0,BSE,3,12,62.922035,34.631733,0.1160415338010204,0.2820571588010204
3806gxp0,BSE,3,13,47.995197,16.109985,0.07274892378826531,0.028853435905612245
3806gxp0,BSE,3,14,48.614246,20.723364,0.10511001275510204,0.06293845663265306
3806gxp0,ETD,0,0,73.686386,32.891113,0.10629583864795919,0.08385483099489796
3806gxp0,ETD,0,1,70.45925,27.377935,0.09844846141581633,0.03290915975765306
3806gxp0,ETD,0,2,87.43829,40.83442,0.111328125,0.30295360331632654
3806gxp0,ETD,0,3,82.562996,36.189846,0.08767139668367346,0.20490373883928573
3806gxp0,ETD,0,4,83.38507,34.26297,0.08243482940051021,0.2161441725127551
3806gxp0,ETD,0,5,79.182846,36.57614,0.08916115274234694,0.18715621014030612
3806gxp0,ETD,0,6,64.20468,38.699383,0.2098812181122449,0.08700374681122448
3806gxp0,ETD,0,7,68.64359,39.799465,0.16638930963010204,0.09884705835459184
3806gxp0,ETD,0,8,72.916855,38.85988,0.1482830436862245,0.15419722576530612
3806gxp0,ETD,0,9,85.793304,38.163643,0.08828922193877552,0.27950115593112246
3806gxp0,ETD,0,10,60.49492,36.5072,0.20916374362244897,0.061025191326530615
3806gxp0,ETD,0,11,73.67213,34.871826,0.10134327168367346,0.10348074776785714
3806gxp0,ETD,0,12,73.32428,28.349041,0.06804547991071429,0.06187719228316327
3806gxp0,ETD,0,13,75.75945,35.11092,0.07845882493622448,0.09200115593112244
3806gxp0,ETD,0,14,74.09153,40.830296,0.15700235172193877,0.17533282844387754
3806gxp0,ETD,1,0,74.95756,24.59912,0.06983418367346939,0.031245017538265307
3806gxp0,ETD,1,1,76.15178,23.033766,0.055873325892857144,0.02699996014030612
3806gxp0,ETD,1,2,74.180084,26.474072,0.07339166135204081,0.05748764349489796
3806gxp0,ETD,1,3,77.02423,20.566862,0.043491908482142856,0.016815808354591837
3806gxp0,ETD,1,4,71.1045,28.222965,0.09134845344387756,0.04960040656887755
3806gxp0,ETD,1,5,76.28126,24.008768,0.032794563137755105,0.08394451530612244
3806gxp0,ETD,1,6,78.55141,35.8355,0.09745196906887756,0.16242825255102042
3806gxp0,ETD,1,7,67.161354,36.437725,0.18337452168367346,0.05157844387755102
3806gxp0,ETD,1,8,69.89343,29.061012,0.11978336256377552,0.03090621014030612
3806gxp0,ETD,1,9,72.14261,28.706692,0.09289799904336735,0.04494678730867347
3806gxp0,ETD,1,10,68.17524,32.30726,0.14377391581632654,0.0416633450255102
3806gxp0,ETD,1,11,72.689766,27.363482,0.06979930644132654,0.057373046875
3806gxp0,ETD,1,12,68.83496,32.54969,0.12089943399234694,0.0595703125
3806gxp0,ETD,1,13,64.59367,35.6401,0.17393773915816327,0.06258968431122448
3806gxp0,ETD,1,14,69.57236,28.766272,0.10018235809948979,0.04507633131377551
3806gxp0,ETD,2,0,78.89575,27.654476,0.06566386320153061,0.06653579400510204
3806gxp0,ETD,2,1,75.32399,32.73345,0.11267338966836735,0.08801518654336735
3806gxp0,ETD,2,2,73.72453,29.835648,0.09866270727040816,0.05053212691326531
3806gxp0,ETD,2,3,68.72918,34.49398,0.15816326530612246,0.05519072863520408
3806gxp0,ETD,2,4,80.92623,25.11602,0.03770727040816327,0.08680943080357142
3806gxp0,ETD,2,5,82.62221,29.595194,0.05197704081632653,0.11869220344387756
3806gxp0,ETD,2,6,77.446365,22.526728,0.04783661511479592,0.03724888392857143
3806gxp0,ETD,2,7,73.95513,24.030754,0.07387994260204081,0.024782764668367346
3806gxp0,ETD,2,8,76.772766,24.102158,0.0572136080994898,0.03368642378826531
3806gxp0,ETD,2,9,64.66686,35.178257,0.17786890146683673,0.05685487085459184
3806gxp0,ETD,2,10,78.374916,37.748005,0.12747130102040816,0.15965302136479592
3806gxp0,ETD,2,11,78.57846,27.917017,0.04690489477040816,0.08477658641581633
3806gxp0,ETD,2,12,73.91903,26.967268,0.06369080835459184,0.05941585618622449
3806gxp0,ETD,2,13,84.31338,37.488457,0.08245974170918367,0.20549665178571427
3806gxp0,ETD,2,14,64.86894,35.002243,0.17117247289540816,0.05810048628826531
3806gxp0,ETD,3,0,79.107254,43.72747,0.15806859853316327,0.20339405293367346
3806gxp0,ETD,3,1,82.642555,35.482513,0.0955387037627551,0.16727120535714285
3806gxp0,ETD,3,2,80.35919,30.741175,0.08886220503826531,0.08075573979591837
3806gxp0,ETD,3,3,81.53069,15.798907,0.011474609375,0.028968032525510203
3806gxp0,ETD,3,4,79.157364,26.801847,0.07123923788265306,0.06742267219387756
3806gxp0,ETD,3,5,78.255844,33.82393,0.09683414381377552,0.10404874840561225
3806gxp0,ETD,3,6,79.61638,31.602016,0.08643076371173469,0.10966896524234694
3806gxp0,ETD,3,7,76.49142,18.084263,0.03362663424744898,0.014673349808673469
3806gxp0,ETD,3,8,73.74836,43.409325,0.1915706712372449,0.13852738360969388
3806gxp0,ETD,3,9,70.260216,36.379326,0.1644610969387755,0.0939194036989796
3806gxp0,ETD,3,10,85.45368,27.55001,0.03617765465561224,0.1599170918367347
3806gxp0,ETD,3,11,74.53988,34.81592,0.12212013711734694,0.08546416613520408
3806gxp0,ETD,3,12,85.019295,38.69367,0.10961415816326531,0.24049844547193877
3806gxp0,ETD,3,13,69.763435,24.661217,0.08301279496173469,0.020712093431122448
3806gxp0,ETD,3,14,71.65878,31.588505,0.12115353954081633,0.062265824298469385
3806gxp0,Inlens,0,0,115.126335,62.728683,0.09893176020408163,0.1646404655612245
3806gxp0,Inlens,0,1,102.02525,55.222256,0.1407196667729592,0.09764130261479592
3806gxp0,Inlens,0,2,129.32869,62.879166,0.11983816964285714,0.16224390146683673
3806gxp0,Inlens,0,3,119.618004,61.38684,0.12571747448979592,0.1221500318877551
3806gxp0,Inlens,0,4,115.439064,53.98794,0.12284757653061225,0.09281329719387756
3806gxp0,Inlens,0,5,97.98766,61.768627,0.2676578443877551,0.086181640625
3806gxp0,Inlens,0,6,93.078476,68.95069,0.32467713647959184,0.12674386160714285
3806gxp0,Inlens,0,7,94.575096,76.7817,0.36269830197704084,0.17883549904336735
3806gxp0,Inlens,0,8,118.00235,71.756615,0.21061862244897958,0.21324936224489796
3806gxp0,Inlens,0,9,132.79,59.651848,0.07399453922193877,0.19077347735969388
3806gxp0,Inlens,0,10,96.33889,73.48182,0.2852260044642857,0.1638233418367347
3806gxp0,Inlens,0,11,115.071556,76.143654,0.1715411750637755,0.2447933274872449
3806gxp0,Inlens,0,12,116.8409,68.01326,0.08751694036989796,0.1996123644770408
3806gxp0,Inlens,0,13,87.89949,58.16028,0.17804827008928573,0.08661511479591837
3806gxp0,Inlens,0,14,121.15879,60.520348,0.09661989795918367,0.14061503507653061
3806gxp0,Inlens,1,0,118.57171,38.19193,0.02434929049744898,0.06441824776785714
3806gxp0,Inlens,1,1,116.03038,36.995285,0.015012157206632654,0.06410435267857142
3806gxp0,Inlens,1,2,111.405785,40.657692,0.029242067920918366,0.06777144451530612
3806gxp0,Inlens,1,3,116.80453,32.93682,0.005814532844387755,0.056560905612244895
3806gxp0,Inlens,1,4,112.346085,58.694992,0.08409897161989796,0.12565768494897958
3806gxp0,Inlens,1,5,97.7509,54.26861,0.12181620695153061,0.07784099968112244
3806gxp0,Inlens,1,6,122.870514,64.29201,0.09810965401785714,0.1740124760841837
3806gxp0,Inlens,1,7,114.46477,52.51868,0.06273915816326531,0.11842315051020408
3806gxp0,Inlens,1,8,124.21129,48.691,0.03346221301020408,0.12591179049744897
3806gxp0,Inlens,1,9,109.22822,46.714245,0.06045220822704082,0.07719327965561225
3806gxp0,Inlens,1,10,105.71317,52.9498,0.07915636957908163,0.10307716836734694
3806gxp0,Inlens,1,11,94.28611,58.707993,0.1443718112244898,0.09959442761479592
3806gxp0,Inlens,1,12,109.96259,52.404488,0.07339664381377552,0.0997737962372449
3806gxp0,Inlens,1,13,110.01174,58.09944,0.14718191964285715,0.11168686224489796
3806gxp0,Inlens,1,14,99.915634,52.473007,0.09024732940051021,0.09259406887755102
3806gxp0,Inlens,2,0,128.36034,44.8178,0.024727957589285716,0.11174665178571429
3806gxp0,Inlens,2,1,104.21824,49.621635,0.11965880102040816,0.05581353635204082
3806gxp0,Inlens,2,2,117.35964,52.136295,0.06502610809948979,0.11672413105867346
3806gxp0,Inlens,2,3,113.28093,55.123795,0.09022241709183673,0.10782047193877552
3806gxp0,Inlens,2,4,124.082825,40.691586,0.00890365911989796,0.09052634725765306
3806gxp0,Inlens,2,5,123.764465,39.9237,0.01622787786989796,0.07946528220663265
3806gxp0,Inlens,2,6,113.1556,38.349564,0.018614477040816327,0.05792111766581633
3806gxp0,Inlens,2,7,115.29156,36.488377,0.02637715242346939,0.0562370455994898
3806gxp0,Inlens,2,8,106.58702,38.586395,0.037562779017857144,0.04755759725765306
3806gxp0,Inlens,2,9,118.51162,56.792824,0.07486647002551021,0.13854731345663265
3806gxp0,Inlens,2,10,129.44315,53.462955,0.04208685427295918,0.15158143335459184
3806gxp0,Inlens,2,11,117.50537,51.9797,0.03554986447704082,0.12237424266581633
3806gxp0,Inlens,2,12,126.1177,50.396175,0.008265904017857142,0.14977279974489796
3806gxp0,Inlens,2,13,139.16925,47.13154,0.022196867028061226,0.16260762117346939
3806gxp0,Inlens,2,14,117.797455,52.531033,0.05031788105867347,0.11226482780612244
3806gxp0,Inlens,3,0,104.350845,55.332657,0.13059032206632654,0.07483159279336735
3806gxp0,Inlens,3,1,118.63092,49.237827,0.04404994419642857,0.10439752072704081
3806gxp0,Inlens,3,2,118.84034,41.29135,0.018290617028061226,0.07319236288265306
3806gxp0,Inlens,3,3,109.65576,32.266426,0.000817123724489796,0.04059211575255102
3806gxp0,Inlens,3,4,105.54983,37.082367,0.044553172831632654,0.02342753507653061
3806gxp0,Inlens,3,5,106.05395,43.29966,0.06525031887755102,0.05508609693877551
3806gxp0,Inlens,3,6,118.50562,40.829414,0.01886360012755102,0.06408442283163265
3806gxp0,Inlens,3,7,99.083115,28.799856,0.015764508928571428,0.018514827806122448
3806gxp0,Inlens,3,8,115.50315,52.60799,0.07144351881377552,0.09988341039540816
3806gxp0,Inlens,3,9,111.713905,45.211838,0.02743343431122449,0.06831453284438775
3806gxp0,Inlens,3,10,112.029335,36.234875,0.00907306281887755,0.03894790338010204
3806gxp0,Inlens,3,11,117.61338,47.66183,0.03689014668367347,0.09621631855867346
3806gxp0,Inlens,3,12,123.57338,47.999866,0.05599788743622449,0.08216577646683673
3806gxp0,Inlens,3,13,109.542274,39.665615,0.0074338329081632655,0.06434849330357142
3806gxp0,Inlens,3,14,112.0513,48.167664,0.043955277423469385,0.07764170121173469
avn74qx1,BSE,0,0,44.28821,14.440259,0.05996392697704082,0.024209781568877552
avn74qx1,BSE,0,1,44.182255,15.951934,0.07380022321428571,0.03567442602040816
avn74qx1,BSE,0,2,44.55034,17.762022,0.08480149872448979,0.043955277423469385
avn74qx1,BSE,0,3,50.313416,22.474966,0.05795101243622449,0.10043646364795919
avn74qx1,BSE,0,4,43.452217,17.55773,0.11577248086734694,0.03500677614795918
avn74qx1,BSE,0,5,47.286022,17.428186,0.07019790338010204,0.056605747767857144
avn74qx1,BSE,0,6,45.308346,14.738775,0.06265445631377552,0.02748824139030612
avn74qx1,BSE,0,7,42.65122,18.230406,0.11543367346938775,0.03241091358418367
avn74qx1,BSE,0,8,43.98791,15.930832,0.08846360809948979,0.027787189094387755
avn74qx1,BSE,0,9,40.156326,18.866446,0.17010124362244897,0.02423469387755102
avn74qx1,BSE,0,10,48.37555,22.583166,0.06904197225765306,0.08815469547193877
avn74qx1,BSE,0,11,41.78462,19.244904,0.17803332270408162,0.04225625797193878
avn74qx1,BSE,0,12,43.323895,16.511898,0.09820930325255102,0.03294403698979592
avn74qx1,BSE,0,13,48.089695,26.51255,0.14914999202806123,0.1172672193877551
avn74qx1,BSE,0,14,61.07751,35.07443,0.12075494260204081,0.3006118463010204
avn74qx1,BSE,1,0,45.592476,12.366501,0.029999402104591837,0.0167659837372449
avn74qx1,BSE,1,1,40.888466,18.130693,0.14634486607142858,0.02965561224489796
avn74qx1,BSE,1,2,46.51974,23.582773,0.12839803890306123,0.08671974649234694
avn74qx1,BSE,1,3,46.1876,23.658058,0.13857222576530612,0.08415876116071429
avn74qx1,BSE,1,4,41.821545,17.250763,0.12148238201530612,0.024498764349489797
avn74qx1,BSE,1,5,47.300068,21.101847,0.09966418207908163,0.06742267219387756
avn74qx1,BSE,1,6,47.551105,17.57264,0.08474669164540816,0.05015844228316327
avn74qx1,BSE,1,7,49.734486,20.181353,0.07391980229591837,0.07333187181122448
avn74qx1,BSE,1,8,48.28825,15.528529,0.062330596301020405,0.04071169483418367
avn74qx1,BSE,1,9,47.640152,15.259646,0.06227578922193878,0.03378109056122449
avn74qx1,BSE,1,10,43.242664,18.86117,0.14646942761479592,0.02902782206632653
avn74qx1,BSE,1,11,45.603012,17.237303,0.09952467315051021,0.03329779177295918
avn74qx1,BSE,1,12,50.70886,26.70054,0.12993761957908162,0.12475087691326531
avn74qx1,BSE,1,13,57.245117,31.181166,0.11746651785714286,0.22646285076530612
avn74qx1,BSE,1,14,50.10485,22.07024,0.08731265943877552,0.1035953443877551
avn74qx1,BSE,2,0,41.76415,20.560593,0.16923429528061223,0.04636180644132653
avn74qx1,BSE,2,1,43.093094,22.314371,0.1795230787627551,0.07214604591836735
avn74qx1,BSE,2,2,45.575375,22.849289,0.15748066804846939,0.07350127551020408
avn74qx1,BSE,2,3,42.751526,19.647757,0.15439652423469388,0.04696468431122449
avn74qx1,BSE,2,4,44.912445,27.381783,0.2133739237882653,0.10047134088010204
avn74qx1,BSE,2,5,48.033737,17.475588,0.08858318718112244,0.047527702487244895
avn74qx1,BSE,2,6,48.976776,16.911783,0.07431839923469388,0.051877391581632654
avn74qx1,BSE,2,7,57.108948,25.246483,0.05177275988520408,0.15954838966836735
avn74qx1,BSE,2,8,49.42914,17.440283,0.08018275669642858,0.05499641262755102
avn74qx1,BSE,2,9,44.636414,21.294157,0.1858806999362245,0.054941605548469385
avn74qx1,BSE,2,10,51.148205,15.380153,0.049550581951530615,0.05546476403061224
avn74qx1,BSE,2,11,55.535446,25.632687,0.07940051020408163,0.15260283801020408
avn74qx1,BSE,2,12,59.698994,30.665539,0.08627132493622448,0.21852080676020408
avn74qx1,BSE,2,13,54.455482,20.809654,0.04828005420918367,0.11396384725765306
avn74qx1,BSE,2,14,50.469982,17.38922,0.07679468271683673,0.06982421875
avn74qx1,BSE,3,0,50.711357,20.607615,0.07900689572704081,0.10136818399234694
avn74qx1,BSE,3,1,45.085205,19.315008,0.13783980389030612,0.049306441326530615
avn74qx1,BSE,3,2,51.829994,28.82689,0.14141222895408162,0.15428691007653061
avn74qx1,BSE,3,3,54.057095,22.079529,0.052101602359693876,0.11138293207908163
avn74qx1,BSE,3,4,53.29648,15.553755,0.027453364158163265,0.08083047672193877
avn74qx1,BSE,3,5,53.266815,18.393335,0.05120475924744898,0.09232999840561225
avn74qx1,BSE,3,6,50.89635,17.673532,0.07686443718112244,0.07802036830357142
avn74qx1,BSE,3,7,53.716667,16.5167,0.037762077487244895,0.09227020886479592
avn74qx1,BSE,3,8,50.69155,17.679901,0.07086555325255102,0.06994379783163265
avn74qx1,BSE,3,9,47.632107,21.21284,0.1350894850127551,0.07156808035714286
avn74qx1,BSE,3,10,64.64949,37.43751,0.14823820153061223,0.37046595982142855
avn74qx1,BSE,3,11,54.27426,22.078306,0.06939074457908163,0.12111866230867346
avn74qx1,BSE,3,12,56.252785,24.857979,0.08104472257653061,0.17672791772959184
avn74qx1,BSE,3,13,54.705223,19.295782,0.06155333227040816,0.13899075255102042
avn74qx1,BSE,3,14,57.31001,20.801245,0.04447843590561224,0.14729153380102042
avn74qx1,ETD,0,0,69.55508,21.682028,0.05218630420918367,0.05112005739795918
avn74qx1,ETD,0,1,67.94938,24.445604,0.07247488839285714,0.058469188456632654
avn74qx1,ETD,0,2,65.551,24.24419,0.09193638392857142,0.04833984375
avn74qx1,ETD,0,3,73.63184,26.57751,0.05610251913265306,0.12320133131377552
avn74qx1,ETD,0,4,66.22589,28.624311,0.11928511639030612,0.0677066725127551
avn74qx1,ETD,0,5,69.14754,26.601326,0.07865812340561225,0.08028738839285714
avn74qx1,ETD,0,6,69.53433,24.622492,0.06431859853316327,0.06265943877551021
avn74qx1,ETD,0,7,63.596912,26.612082,0.11110889668367346,0.05352658641581633
avn74qx1,ETD,0,8,67.07773,25.570145,0.08690409757653061,0.055051219706632654
avn74qx1,ETD,0,9,60.073883,31.227922,0.18870077327806123,0.05133928571428571
avn74qx1,ETD,0,10,73.17668,27.067383,0.05131935586734694,0.12078981983418367
avn74qx1,ETD,0,11,60.092014,37.284878,0.23197843590561223,0.08908641581632654
avn74qx1,ETD,0,12,66.670845,26.252634,0.10624103156887756,0.056361607142857144
avn74qx1,ETD,0,13,70.421005,35.330566,0.16011140784438777,0.1386120854591837
avn74qx1,ETD,0,14,81.28448,39.9167,0.1303113042091837,0.31850884885204084
avn74qx1,ETD,1,0,69.3901,14.0178175,0.016442123724489797,0.01657665019132653
avn74qx1,ETD,1,1,64.325836,32.09921,0.146240234375,0.0756088568239796
avn74qx1,ETD,1,2,70.776405,32.513752,0.12031648596938775,0.12480070153061225
avn74qx1,ETD,1,3,68.063,35.552986,0.14869658801020408,0.12697803730867346
avn74qx1,ETD,1,4,64.75169,29.829817,0.12865214445153061,0.06280891262755102
avn74qx1,ETD,1,5,68.579666,26.52571,0.09572305484693877,0.07095025510204081
avn74qx1,ETD,1,6,71.68831,25.579363,0.08379005899234694,0.06430365114795919
avn74qx1,ETD,1,7,71.41864,24.448952,0.07188695790816327,0.07266920440051021
avn74qx1,ETD,1,8,74.15198,25.966465,0.061936981823979595,0.06776646205357142
avn74qx1,ETD,1,9,73.20754,22.596128,0.059814453125,0.04596320950255102
avn74qx1,ETD,1,10,64.57783,30.821012,0.16167590082908162,0.05084103954081633
avn74qx1,ETD,1,11,68.99648,27.105312,0.10064572704081633,0.04999900350765306
avn74qx1,ETD,1,12,74.0422,33.33552,0.1266491948341837,0.13507453762755103
avn74qx1,ETD,1,13,82.390656,38.54702,0.11531907684948979,0.2712452168367347
avn74qx1,ETD,1,14,71.271835,30.063915,0.10661969866071429,0.11993283641581633
avn74qx1,ETD,2,0,65.72346,37.674847,0.17003148915816327,0.09647540656887756
avn74qx1,ETD,2,1,62.21084,34.43964,0.20765405771683673,0.07945531728316327
avn74qx1,ETD,2,2,67.61256,33.646473,0.16755022321428573,0.09647042410714286
avn74qx1,ETD,2,3,63.342865,30.73943,0.16942362882653061,0.06473214285714286
avn74qx1,ETD,2,4,63.82656,38.333748,0.2307178730867347,0.11968371332908163
avn74qx1,ETD,2,5,70.13983,23.970655,0.08356086575255102,0.03765744579081633
avn74qx1,ETD,2,6,74.02893,26.197094,0.07131397480867346,0.06488659917091837
avn74qx1,ETD,2,7,78.25343,27.084887,0.05674525669642857,0.14769511320153061
avn74qx1,ETD,2,8,73.63578,24.287455,0.07189692283163265,0.048703563456632654
avn74qx1,ETD,2,9,66.65618,35.283848,0.1915906010841837,0.07660036670918367
avn74qx1,ETD,2,10,73.80201,19.92008,0.04700454400510204,0.030487683354591837
avn74qx1,ETD,2,11,77.53702,27.889448,0.07036232461734694,0.12432238520408163
avn74qx1,ETD,2,12,80.86727,31.165344,0.07830436862244898,0.19484913105867346
avn74qx1,ETD,2,13,78.967,23.709906,0.04351682079081633,0.10108916613520408
avn74qx1,ETD,2,14,72.24581,23.562988,0.07509566326530612,0.04172811702806122
avn74qx1,ETD,3,0,74.538765,26.28994,0.07588787468112244,0.09347596460459184
avn74qx1,ETD,3,1,67.42526,30.191471,0.14481525031887754,0.05856883769132653
avn74qx1,ETD,3,2,75.50878,38.51295,0.14944893973214285,0.1676349250637755
avn74qx1,ETD,3,3,79.039154,25.879095,0.0511848294005102,0.11131317761479592
avn74qx1,ETD,3,4,77.28122,18.55232,0.021773357780612245,0.06063655931122449
avn74qx1,ETD,3,5,75.27583,21.101088,0.04686005261479592,0.057298309948979595
avn74qx1,ETD,3,6,71.879326,26.753773,0.10299246651785714,0.05147381218112245
avn74qx1,ETD,3,7,76.115654,21.221018,0.04101064253826531,0.06689453125
avn74qx1,ETD,3,8,72.475006,24.320498,0.07668506855867346,0.0533820950255102
avn74qx1,ETD,3,9,69.77019,31.726994,0.14213468590561223,0.06993383290816327
avn74qx1,ETD,3,10,82.066185,39.36643,0.13896584024234693,0.3418118223852041
avn74qx1,ETD,3,11,74.40293,24.794357,0.06629165338010204,0.08382493622448979
avn74qx1,ETD,3,12,77.08137,30.237804,0.08304268973214286,0.14947883450255103
avn74qx1,ETD,3,13,76.38211,23.447266,0.06043726084183673,0.06660056600765306
avn74qx1,ETD,3,14,78.288345,21.993687,0.03974509725765306,0.08303770727040816
avn74qx1,Inlens,0,0,80.89493,55.728188,0.18966737085459184,0.08004823022959184
avn74qx1,Inlens,0,1,79.19208,64.562485,0.27543048469387754,0.11834841358418367
avn74qx1,Inlens,0,2,80.32074,59.248047,0.2524563536352041,0.0930923150510204
avn74qx1,Inlens,0,3,103.75787,58.13449,0.0965152662627551,0.13860212053571427
avn74qx1,Inlens,0,4,94.61936,60.155697,0.15900031887755103,0.11790995695153061
avn74qx1,Inlens,0,5,109.39695,64.876434,0.09621631855867346,0.16916952327806123
avn74qx1,Inlens,0,6,101.84642,59.212334,0.09084522480867346,0.1406847895408163
avn74qx1,Inlens,0,7,80.465324,60.707176,0.29106046715561223,0.09140326052295919
avn74qx1,Inlens,0,8,97.07679,63.837395,0.18761957908163265,0.13172134088010204
avn74qx1,Inlens,0,9,99.158844,72.6392,0.22978615274234693,0.17750019929846939
avn74qx1,Inlens,0,10,92.36801,65.397934,0.17742047991071427,0.1333605707908163
avn74qx1,Inlens,0,11,111.07119,64.428894,0.10757134885204081,0.17138671875
avn74qx1,Inlens,0,12,80.02099,62.02357,0.24236686862244897,0.10696847098214286
avn74qx1,Inlens,0,13,111.3223,56.441875,0.07253966039540816,0.13837790975765307
avn74qx1,Inlens,0,14,127.51944,54.475525,0.05107521524234694,0.15582649075255103
avn74qx1,Inlens,1,0,74.99143,36.967342,0.13786969866071427,0.02621273118622449
avn74qx1,Inlens,1,1,89.767296,67.75376,0.19602499202806123,0.14538823341836735
avn74qx1,Inlens,1,2,119.80362,58.40278,0.05434869260204082,0.16242327008928573
avn74qx1,Inlens,1,3,116.33301,50.623116,0.07330197704081633,0.11892637914540816
avn74qx1,Inlens,1,4,84.56423,61.572113,0.22628348214285715,0.10647022480867346
avn74qx1,Inlens,1,5,110.452614,47.038116,0.052166374362244895,0.09784060108418367
avn74qx1,Inlens,1,6,123.779495,45.10658,0.019102758290816327,0.12050581951530612
avn74qx1,Inlens,1,7,119.508766,41.83965,0.027383609693877552,0.094482421875
avn74qx1,Inlens,1,8,131.06367,44.402817,0.019252232142857144,0.1397381218112245
avn74qx1,Inlens,1,9,118.812164,37.14953,0.01617805325255102,0.08183693399234694
avn74qx1,Inlens,1,10,118.86882,49.11645,0.05822006536989796,0.11666932397959184
avn74qx1,Inlens,1,11,110.52542,39.782837,0.044508330676020405,0.05984434789540816
avn74qx1,Inlens,1,12,116.49294,46.420685,0.06592295121173469,0.08093510841836735
avn74qx1,Inlens,1,13,144.52382,54.000618,0.05087093431122449,0.2756198182397959
avn74qx1,Inlens,1,14,133.0148,49.351418,0.02003447863520408,0.18333964445153061
avn74qx1,Inlens,2,0,89.46093,57.10779,0.17206931600765307,0.08456732302295919
avn74qx1,Inlens,2,1,104.006996,62.831512,0.14084921077806123,0.13278260522959184
avn74qx1,Inlens,2,2,105.53876,50.622963,0.10227499202806123,0.08506058673469388
avn74qx1,Inlens,2,3,92.22933,58.946255,0.2272002551020408,0.09186662946428571
avn74qx1,Inlens,2,4,113.93686,51.43287,0.1187320631377551,0.07745236766581633
avn74qx1,Inlens,2,5,120.03394,38.798115,0.03416474011479592,0.06740772480867346
avn74qx1,Inlens,2,6,134.04012,44.744087,0.022789779974489797,0.14024135044642858
avn74qx1,Inlens,2,7,138.01617,41.56763,0.016168088329081634,0.16199976084183673
avn74qx1,Inlens,2,8,120.49797,41.297676,0.04065688775510204,0.0769790338010204
avn74qx1,Inlens,2,9,115.14104,42.34073,0.04805086096938776,0.06743263711734694
avn74qx1,Inlens,2,10,115.1535,35.128403,0.03124003507653061,0.05055205676020408
avn74qx1,Inlens,2,11,115.568054,39.299995,0.05491669323979592,0.046620894451530615
avn74qx1,Inlens,2,12,122.12482,39.927265,0.04303850446428571,0.0868343431122449
avn74qx1,Inlens,2,13,123.30303,42.8014,0.030642139668367346,0.10277323820153061
avn74qx1,Inlens,2,14,121.01758,39.164043,0.02359195631377551,0.07543447066326531
avn74qx1,Inlens,3,0,107.15033,53.887173,0.1018813775510204,0.08888213488520408
avn74qx1,Inlens,3,1,99.209404,49.316826,0.12066525829081633,0.06391501913265306
avn74qx1,Inlens,3,2,103.89132,47.969383,0.1109145806760204,0.0572136080994898
avn74qx1,Inlens,3,3,107.470695,33.553757,0.021100725446428572,0.03033820950255102
avn74qx1,Inlens,3,4,109.45144,33.844917,0.01227180325255102,0.046067841198979595
avn74qx1,Inlens,3,5,105.84988,32.267056,0.013990752551020409,0.033880739795918366
avn74qx1,Inlens,3,6,110.03067,40.965298,0.028913225446428572,0.06299326371173469
avn74qx1,Inlens,3,7,112.817566,40.254654,0.012426259566326531,0.07802535076530612
avn74qx1,Inlens,3,8,105.94696,36.41134,0.027642697704081634,0.04781170280612245
avn74qx1,Inlens,3,9,103.219246,48.54049,0.1024593431122449,0.06678491709183673
avn74qx1,Inlens,3,10,115.52372,54.570366,0.12411810427295919,0.06791593590561225
avn74qx1,Inlens,3,11,102.56282,39.52032,0.0396354830994898,0.04820033482142857
avn74qx1,Inlens,3,12,113.34,45.21326,0.03755281409438776,0.07782106983418367
avn74qx1,Inlens,3,13,108.67146,41.697235,0.039869658801020405,0.05677016900510204
avn74qx1,Inlens,3,14,120.18594,36.269493,0.026611328125,0.04697963169642857
b3esycq1,BSE,0,0,67.92167,28.166134,0.09814453125,0.18363859215561223
b3esycq1,BSE,0,1,60.215782,19.507666,0.0847915338010204,0.03633709343112245
b3esycq1,BSE,0,2,57.282963,18.29965,0.09180185746173469,0.01525131536989796
b3esycq1,BSE,0,3,57.651314,15.638592,0.07473692602040816,0.006870814732142857
b3esycq1,BSE,0,4,68.24405,25.62941,0.053123007015306124,0.16872608418367346
b3esycq1,BSE,0,5,57.293633,31.401918,0.22366270727040816,0.1263103874362245
b3esycq1,BSE,0,6,69.374794,30.614693,0.10598692602040816,0.22718032525510204
b3esycq1,BSE,0,7,56.04751,20.79134,0.12031150350765306,0.02749820631377551
b3esycq1,BSE,0,8,62.295654,26.910408,0.11912567761479592,0.11709781568877552
b3esycq1,BSE,0,9,61.433483,21.220781,0.0768295599489796,0.06446308992346939
b3esycq1,BSE,0,10,58.20583,22.054842,0.12041613520408163,0.04556461256377551
b3esycq1,BSE,0,11,58.927464,19.386831,0.08814971301020408,0.04212671396683673
b3esycq1,BSE,0,12,64.941795,29.44753,0.11919044961734694,0.16766980229591838
b3esycq1,BSE,0,13,67.193504,32.16958,0.15357441804846939,0.2154815051020408
b3esycq1,BSE,0,14,62.71287,29.685488,0.15823301977040816,0.16059968909438777
b3esycq1,BSE,1,0,57.082874,27.902319,0.18596540178571427,0.07727798150510204
b3esycq1,BSE,1,1,57.46879,22.27358,0.12327108577806123,0.029575892857142856
b3esycq1,BSE,1,2,59.710056,17.988886,0.07683952487244898,0.02391581632653061
b3esycq1,BSE,1,3,63.738,26.453661,0.10209064094387756,0.1114078443877551
b3esycq1,BSE,1,4,67.25396,24.290014,0.04974489795918367,0.1442073899872449
b3esycq1,BSE,1,5,66.24921,28.992413,0.11302714445153061,0.16320053411989796
b3esycq1,BSE,1,6,65.04926,18.940332,0.01886360012755102,0.07474689094387756
b3esycq1,BSE,1,7,60.761147,28.56309,0.17565170599489796,0.1216617506377551
b3esycq1,BSE,1,8,62.012722,18.59558,0.05142398756377551,0.05025310905612245
b3esycq1,BSE,1,9,61.008476,22.90568,0.09744698660714286,0.06835439253826531
b3esycq1,BSE,1,10,64.83212,22.04675,0.061443718112244895,0.09525968590561225
b3esycq1,BSE,1,11,62.49617,18.094746,0.05128946109693878,0.054722377232142856
b3esycq1,BSE,1,12,60.451008,24.459612,0.10268355389030612,0.09234992825255102
b3esycq1,BSE,1,13,60.106823,17.635292,0.06849888392857142,0.03189273756377551
b3esycq1,BSE,1,14,62.388496,18.69524,0.04763731664540816,0.05233577806122449
b3esycq1,BSE,2,0,62.900185,14.462553,0.01930205676020408,0.02536571269132653
b3esycq1,BSE,2,1,57.13597,19.724417,0.11537388392857142,0.018918407206632654
b3esycq1,BSE,2,2,59.111996,22.257164,0.12804428411989796,0.049072265625
b3esycq1,BSE,2,3,67.00391,27.20631,0.08204619738520408,0.12944435586734693
b3esycq1,BSE,2,4,61.935986,24.824324,0.09392438616071429,0.07748724489795919
b3esycq1,BSE,2,5,59.689957,17.567598,0.08614178093112244,0.018330476721938774
b3esycq1,BSE,2,6,58.238804,17.69724,0.09047154017857142,0.012172154017857142
b3esycq1,BSE,2,7,59.229134,21.93825,0.11058573820153061,0.044822225765306124
b3esycq1,BSE,2,8,65.521835,24.724789,0.06814014668367346,0.11483577806122448
b3esycq1,BSE,2,9,62.54667,14.052138,0.02294921875,0.020707110969387755
b3esycq1,BSE,2,10,62.92984,20.096458,0.06163305165816327,0.05793108258928571
b3esycq1,BSE,2,11,62.002476,19.082653,0.06023796237244898,0.04745794802295918
b3esycq1,BSE,2,12,65.38511,25.029264,0.07642598054846939,0.10970384247448979
b3esycq1,BSE,2,13,55.733044,21.593016,0.15612543845663265,0.017528300382653062
b3esycq1,BSE,2,14,61.977715,15.166845,0.039007692920918366,0.023153499681122448
b3esycq1,BSE,3,0,73.71879,36.96504,0.15282206632653061,0.3010353555484694
b3esycq1,BSE,3,1,60.462185,20.565454,0.09461196588010204,0.05312798947704082
b3esycq1,BSE,3,2,61.56045,17.865019,0.06468730070153061,0.02707469706632653
b3esycq1,BSE,3,3,65.71509,20.172478,0.037109375,0.07494618941326531
b3esycq1,BSE,3,4,66.82571,26.024426,0.0819515306122449,0.1309191645408163
b3esycq1,BSE,3,5,63.22882,25.983364,0.12074497767857142,0.09908621651785714
b3esycq1,BSE,3,6,76.41937,28.799107,0.048902861926020405,0.26948640784438777
b3esycq1,BSE,3,7,63.400173,26.943855,0.12216497927295919,0.11069535235969388
b3esycq1,BSE,3,8,77.31143,33.9739,0.08776108099489796,0.32247987085459184
b3esycq1,BSE,3,9,57.50785,24.48901,0.15217434630102042,0.04080137914540816
b3esycq1,BSE,3,10,58.233723,21.837227,0.12017697704081633,0.03803611288265306
b3esycq1,BSE,3,11,69.75263,24.839907,0.0691665338010204,0.1590900031887755
b3esycq1,BSE,3,12,71.75003,24.609455,0.03438396843112245,0.15654894770408162
b3esycq1,BSE,3,13,61.5169,14.494563,0.04120994100765306,0.014972297512755101
b3esycq1,BSE,3,14,58.697033,23.190672,0.13465102838010204,0.046351841517857144
b3esycq1,ETD,0,0,89.53534,36.802612,0.09477638711734694,0.1910076530612245
b3esycq1,ETD,0,1,74.73434,30.764364,0.10965401785714286,0.045265664859693876
b3esycq1,ETD,0,2,76.43212,25.769188,0.0835758131377551,0.022759885204081634
b3esycq1,ETD,0,3,75.32447,21.27784,0.06716358418367346,0.010916573660714286
b3esycq1,ETD,0,4,90.634285,29.169878,0.0362175143494898,0.16808832908163265
b3esycq1,ETD,0,5,71.87367,42.171528,0.21765884088010204,0.09099968112244898
b3esycq1,ETD,0,6,93.30688,41.816784,0.09713807397959184,0.2616440130739796
b3esycq1,ETD,0,7,76.46505,32.33507,0.10795998086734694,0.06731804049744898
b3esycq1,ETD,0,8,78.490906,34.692917,0.11565290178571429,0.09860790019132654
b3esycq1,ETD,0,9,85.13232,31.00507,0.06474210778061225,0.10110909598214286
b3esycq1,ETD,0,10,73.88429,32.383953,0.12541354432397958,0.05447325414540816
b3esycq1,ETD,0,11,76.37468,29.957092,0.11582728794642858,0.04803093112244898
b3esycq1,ETD,0,12,84.99218,36.564262,0.10027204241071429,0.15475027901785715
b3esycq1,ETD,0,13,86.71969,53.337307,0.16744060905612246,0.23528679049744897
b3esycq1,ETD,0,14,73.74281,41.939594,0.21232760682397958,0.13816366390306123
b3esycq1,ETD,1,0,72.50511,39.062553,0.19260702327806123,0.09080038265306123
b3esycq1,ETD,1,1,71.81314,32.434383,0.15624003507653061,0.03275968590561224
b3esycq1,ETD,1,2,79.18494,27.853163,0.0768295599489796,0.05123963647959184
b3esycq1,ETD,1,3,80.22488,34.484005,0.10908103475765306,0.10262874681122448
b3esycq1,ETD,1,4,85.141785,27.810837,0.04403997927295918,0.08620655293367346
b3esycq1,ETD,1,5,82.20424,35.329624,0.10136818399234694,0.1407744738520408
b3esycq1,ETD,1,6,89.19974,20.966904,0.009137834821428572,0.079345703125
b3esycq1,ETD,1,7,76.97608,44.387535,0.20530233577806123,0.16477997448979592
b3esycq1,ETD,1,8,80.5719,25.071259,0.04445850605867347,0.049416055484693876
b3esycq1,ETD,1,9,80.99173,32.046387,0.09093989158163265,0.08651048309948979
b3esycq1,ETD,1,10,82.17967,28.820314,0.06382533482142858,0.07981405452806123
b3esycq1,ETD,1,11,81.24919,25.468117,0.04308334661989796,0.05204181281887755
b3esycq1,ETD,1,12,81.84963,33.8251,0.09262396364795919,0.09959442761479592
b3esycq1,ETD,1,13,77.1225,24.103968,0.06172273596938776,0.03860411352040816
b3esycq1,ETD,1,14,78.78794,23.59419,0.045335419323979595,0.049351283482142856
b3esycq1,ETD,2,0,80.85659,18.592295,0.018494897959183673,0.03151905293367347
b3esycq1,ETD,2,1,72.90415,33.4303,0.14717195471938777,0.040273238201530615
b3esycq1,ETD,2,2,71.417915,34.23921,0.16218411192602042,0.059714803890306124
b3esycq1,ETD,2,3,83.467636,34.958992,0.09598214285714286,0.13735152264030612
b3esycq1,ETD,2,4,78.97159,32.152233,0.08913624043367346,0.08507055165816327
b3esycq1,ETD,2,5,76.99025,29.914705,0.09575294961734694,0.049685108418367346
b3esycq1,ETD,2,6,78.8077,29.803175,0.09921077806122448,0.04002411511479592
b3esycq1,ETD,2,7,74.98639,31.676752,0.1259715800382653,0.05568399234693878
b3esycq1,ETD,2,8,83.17617,32.2588,0.06734295280612244,0.11949437978316327
b3esycq1,ETD,2,9,81.77294,19.566662,0.022366270727040817,0.030477718431122448
b3esycq1,ETD,2,10,80.8277,28.867203,0.07244499362244898,0.061070033482142856
b3esycq1,ETD,2,11,80.640274,25.412565,0.05414939413265306,0.04831991390306122
b3esycq1,ETD,2,12,81.184364,30.742178,0.08668985172193877,0.09238480548469388
b3esycq1,ETD,2,13,73.99915,37.2911,0.16259765625,0.07730787627551021
b3esycq1,ETD,2,14,78.73433,22.688648,0.047353316326530615,0.035011758609693876
b3esycq1,ETD,3,0,88.06426,44.8112,0.1612224968112245,0.2779117506377551
b3esycq1,ETD,3,1,74.45723,32.350277,0.11803950095663265,0.057298309948979595
b3esycq1,ETD,3,2,77.614815,25.492794,0.0685237962372449,0.03420958227040816
b3esycq1,ETD,3,3,84.202225,28.868362,0.042779416454081634,0.09133848852040816
b3esycq1,ETD,3,4,81.19065,32.70564,0.09479133450255102,0.10534917091836735
b3esycq1,ETD,3,5,81.57691,38.456863,0.13669882015306123,0.12083466198979592
b3esycq1,ETD,3,6,94.38216,33.663937,0.055494658801020405,0.22847576530612246
b3esycq1,ETD,3,7,79.14836,37.590084,0.13140246332908162,0.11870715082908163
b3esycq1,ETD,3,8,95.61629,38.758266,0.08256437340561225,0.29667071906887754
b3esycq1,ETD,3,9,72.90361,34.248783,0.1549396125637755,0.04152383609693878
b3esycq1,ETD,3,10,74.15236,31.00797,0.12824358258928573,0.041050502232142856
b3esycq1,ETD,3,11,89.89662,40.15376,0.08457230548469388,0.16359414859693877
b3esycq1,ETD,3,12,88.5816,32.84717,0.04702945631377551,0.13010204081632654
b3esycq1,ETD,3,13,78.57664,20.559944,0.04634685905612245,0.02072704081632653
b3esycq1,ETD,3,14,75.80422,33.83682,0.12691326530612246,0.06274912308673469
b3esycq1,Inlens,0,0,183.01297,51.166492,0.04181780133928571,0.31552933673469385
b3esycq1,Inlens,0,1,166.33833,42.445568,0.04538026147959184,0.1329669563137755
b3esycq1,Inlens,0,2,158.52888,41.78217,0.06656070631377552,0.07693917410714286
b3esycq1,Inlens,0,3,161.3925,31.181166,0.03137954400510204,0.04880321269132653
b3esycq1,Inlens,0,4,174.60683,46.58457,0.04254524075255102,0.2512306680484694
b3esycq1,Inlens,0,5,150.66068,62.345207,0.16240334024234693,0.13855727838010204
b3esycq1,Inlens,0,6,173.42456,49.508034,0.06229571906887755,0.2580416932397959
b3esycq1,Inlens,0,7,150.98798,51.70918,0.07716836734693877,0.12107880261479592
b3esycq1,Inlens,0,8,160.89024,43.001873,0.06138891103316327,0.0826889349489796
b3esycq1,Inlens,0,9,164.247,46.678104,0.061025191326530615,0.15025609853316327
b3esycq1,Inlens,0,10,163.0661,51.72916,0.08663006218112244,0.15701231664540816
b3esycq1,Inlens,0,11,158.70537,43.913383,0.05918666294642857,0.11894630899234694
b3esycq1,Inlens,0,12,164.41444,51.765106,0.08007314253826531,0.18843172034438777
b3esycq1,Inlens,0,13,146.19135,61.403397,0.1942412707270408,0.13392358896683673
b3esycq1,Inlens,0,14,170.08351,48.27138,0.07475685586734694,0.16435148278061223
b3esycq1,Inlens,1,0,152.0641,56.924004,0.13178113042091838,0.12862224968112246
b3esycq1,Inlens,1,1,154.64905,53.159096,0.10088488520408163,0.09499063297193877
b3esycq1,Inlens,1,2,159.46678,37.04474,0.04267478475765306,0.06898716517857142
b3esycq1,Inlens,1,3,157.43407,47.209045,0.08128388073979592,0.09680424904336735
b3esycq1,Inlens,1,4,171.44826,45.721874,0.04307338169642857,0.20873026945153061
b3esycq1,Inlens,1,5,162.13725,53.404194,0.10320671237244898,0.15890066964285715
b3esycq1,Inlens,1,6,159.63802,28.674213,0.02326809630102041,0.05393016581632653
b3esycq1,Inlens,1,7,155.92668,43.266914,0.07516043526785714,0.09146305006377552
b3esycq1,Inlens,1,8,161.81013,41.31491,0.05626694036989796,0.10702826052295919
b3esycq1,Inlens,1,9,162.31177,50.69524,0.07989377391581633,0.1384227519132653
b3esycq1,Inlens,1,10,171.01949,44.8049,0.03850446428571429,0.18119718590561223
b3esycq1,Inlens,1,11,162.96684,44.738518,0.059869260204081634,0.15102339764030612
b3esycq1,Inlens,1,12,148.06467,52.432343,0.15376873405612246,0.10056102519132654
b3esycq1,Inlens,1,13,149.29054,35.035465,0.059934032206632654,0.042724609375
b3esycq1,Inlens,1,14,158.2455,30.926353,0.021524234693877552,0.05734315210459184
b3esycq1,Inlens,2,0,149.47722,25.159475,0.016352439413265307,0.03125
b3esycq1,Inlens,2,1,141.3316,40.692394,0.09501554528061225,0.029755261479591837
b3esycq1,Inlens,2,2,153.08907,43.197475,0.06262954400510204,0.09307238520408163
b3esycq1,Inlens,2,3,161.36723,48.899204,0.05724350286989796,0.1607342155612245
b3esycq1,Inlens,2,4,151.17711,52.476276,0.09739217952806123,0.12293227838010204
b3esycq1,Inlens,2,5,141.89583,34.137512,0.05904217155612245,0.037542849170918366
b3esycq1,Inlens,2,6,144.49876,36.137375,0.04425920758928571,0.049904336734693876
b3esycq1,Inlens,2,7,145.37349,42.619087,0.0800033880739796,0.06956014827806123
b3esycq1,Inlens,2,8,158.23376,44.953983,0.06230568399234694,0.13524394132653061
b3esycq1,Inlens,2,9,157.78233,31.923954,0.010777064732142858,0.0806461256377551
b3esycq1,Inlens,2,10,160.82982,41.2726,0.03908741230867347,0.11341079400510204
b3esycq1,Inlens,2,11,154.16418,40.439354,0.05516083386479592,0.08516023596938775
b3esycq1,Inlens,2,12,158.2447,40.556747,0.04982959980867347,0.11679886798469388
b3esycq1,Inlens,2,13,148.62018,45.568718,0.08880739795918367,0.07012316645408163
b3esycq1,Inlens,2,14,153.69817,34.72009,0.032351124043367346,0.07418387276785714
b3esycq1,Inlens,3,0,133.78636,52.655636,0.17273198341836735,0.0526496731505102
b3esycq1,Inlens,3,1,125.28287,40.368958,0.11917550223214286,0.043048469387755105
b3esycq1,Inlens,3,2,126.41145,33.075336,0.06929607780612244,0.02109574298469388
b3esycq1,Inlens,3,3,135.92235,36.71961,0.05056202168367347,0.05229093590561224
b3esycq1,Inlens,3,4,134.19597,48.052032,0.11671416613520408,0.0846420599489796
b3esycq1,Inlens,3,5,110.75056,38.76143,0.1770069355867347,0.013258330676020409
b3esycq1,Inlens,3,6,119.06189,35.489986,0.13991749043367346,0.011364995216836735
b3esycq1,Inlens,3,7,111.289856,47.594685,0.26199278539540816,0.02840999681122449
b3esycq1,Inlens,3,8,128.99437,49.245846,0.15373883928571427,0.05236069036989796
b3esycq1,Inlens,3,9,121.12435,43.67505,0.1321747448979592,0.02505680006377551
b3esycq1,Inlens,3,10,121.38207,44.418953,0.14628009406887754,0.03660116390306122
b3esycq1,Inlens,3,11,134.25185,42.318356,0.08114437181122448,0.059934032206632654
b3esycq1,Inlens,3,12,135.67595,39.822372,0.06267936862244898,0.0601432955994898
b3esycq1,Inlens,3,13,130.87263,29.031042,0.04015365911989796,0.02117546237244898
b3esycq1,Inlens,3,14,124.12927,49.353985,0.17257752710459184,0.05775669642857143
epqdaau9,BSE,0,0,55.63768,21.580273,0.05449318399234694,0.11657465720663265
epqdaau9,BSE,0,1,49.979042,16.693445,0.06922632334183673,0.03326291454081633
epqdaau9,BSE,0,2,65.5819,31.383102,0.05731325733418367,0.2693718112244898
epqdaau9,BSE,0,3,50.964,16.20355,0.05775669642857143,0.03695491868622449
epqdaau9,BSE,0,4,55.00076,24.339197,0.07574836575255102,0.11758111447704081
epqdaau9,BSE,0,5,49.760338,18.782074,0.09921576052295919,0.045529735331632654
epqdaau9,BSE,0,6,55.803055,31.747177,0.15870137117346939,0.18798828125
epqdaau9,BSE,0,7,49.70491,20.797186,0.10842334980867346,0.06572863520408163
epqdaau9,BSE,0,8,55.131313,24.719856,0.0888671875,0.13155691964285715
epqdaau9,BSE,0,9,51.674107,24.495043,0.12527901785714285,0.09938018176020408
epqdaau9,BSE,0,10,52.24004,21.109339,0.07646584024234694,0.07734773596938775
epqdaau9,BSE,0,11,49.68957,14.441669,0.05107521524234694,0.027926698022959183
epqdaau9,BSE,0,12,51.703953,19.001083,0.07250478316326531,0.06343172034438775
epqdaau9,BSE,0,13,52.856407,19.97003,0.06556919642857142,0.07869798309948979
epqdaau9,BSE,0,14,59.840233,29.487381,0.07704380580357142,0.204345703125
epqdaau9,BSE,1,0,50.260834,14.873357,0.06263452646683673,0.024658203125
epqdaau9,BSE,1,1,54.802715,23.637262,0.08934052136479592,0.11292251275510204
epqdaau9,BSE,1,2,55.830727,26.549997,0.09469168526785714,0.13214983258928573
epqdaau9,BSE,1,3,48.996075,26.839598,0.20134626116071427,0.09455217633928571
epqdaau9,BSE,1,4,49.215027,18.764257,0.10924545599489796,0.03853435905612245
epqdaau9,BSE,1,5,51.110252,14.122082,0.04627710459183673,0.022909359056122448
epqdaau9,BSE,1,6,48.80951,18.78092,0.11833844866071429,0.03976502710459184
epqdaau9,BSE,1,7,49.413864,21.972904,0.13933952487244897,0.06534000318877552
epqdaau9,BSE,1,8,51.976337,21.122816,0.11861248405612244,0.07756696428571429
epqdaau9,BSE,1,9,48.549477,17.747597,0.10337113360969388,0.028948102678571428
epqdaau9,BSE,1,10,50.101696,19.040956,0.10556839923469388,0.04780173788265306
epqdaau9,BSE,1,11,48.841614,19.11695,0.11581732302295919,0.03811583227040816
epqdaau9,BSE,1,12,49.554085,24.86174,0.16892040019132654,0.08053651147959184
epqdaau9,BSE,1,13,49.778877,14.076671,0.057427853954081634,0.017378826530612245
epqdaau9,BSE,1,14,63.646484,36.109146,0.14390345982142858,0.2900290975765306
epqdaau9,BSE,2,0,63.355827,34.72229,0.14155173788265307,0.288265306122449
epqdaau9,BSE,2,1,56.171112,21.813988,0.06629663584183673,0.11509486607142858
epqdaau9,BSE,2,2,59.123062,28.684303,0.0830078125,0.17543247767857142
epqdaau9,BSE,2,3,55.033596,23.490873,0.07125418526785714,0.09586256377551021
epqdaau9,BSE,2,4,51.31893,24.061192,0.12497508769132654,0.07825454400510204
epqdaau9,BSE,2,5,52.949913,21.991753,0.12111866230867346,0.09226024394132654
epqdaau9,BSE,2,6,45.31855,20.97159,0.17736069036989796,0.027737364477040817
epqdaau9,BSE,2,7,48.9612,22.608744,0.1526725924744898,0.06214624521683673
epqdaau9,BSE,2,8,49.690506,14.500206,0.06023796237244898,0.017069913903061226
epqdaau9,BSE,2,9,49.59195,19.31874,0.11517458545918367,0.04323282047193878
epqdaau9,BSE,2,10,52.782375,14.936777,0.04150888871173469,0.03835499043367347
epqdaau9,BSE,2,11,48.81886,17.121315,0.09914102359693877,0.025026905293367346
epqdaau9,BSE,2,12,50.35101,18.788834,0.10642040019132654,0.048195352359693876
epqdaau9,BSE,2,13,46.862663,22.631205,0.16363899075255103,0.04250538105867347
epqdaau9,BSE,2,14,47.951664,24.181581,0.16974250637755103,0.0670589524872449
epqdaau9,BSE,3,0,70.861015,32.656147,0.0585090481505102,0.3250707509566326
epqdaau9,BSE,3,1,54.697105,21.45108,0.08083047672193877,0.08861308195153061
epqdaau9,BSE,3,2,59.856266,25.457502,0.0511848294005102,0.14944893973214285
epqdaau9,BSE,3,3,61.018555,26.623508,0.043043486926020405,0.15833266900510204
epqdaau9,BSE,3,4,54.60195,17.988014,0.04518594547193878,0.06452287946428571
epqdaau9,BSE,3,5,53.027992,14.268097,0.03481744260204082,0.033855827487244895
epqdaau9,BSE,3,6,64.946396,29.647974,0.06793088329081633,0.23841577646683673
epqdaau9,BSE,3,7,50.20055,17.239595,0.10277822066326531,0.03369140625
epqdaau9,BSE,3,8,51.525,14.687495,0.05078623246173469,0.02481265943877551
epqdaau9,BSE,3,9,61.071033,27.530262,0.06706891741071429,0.18385782047193877
epqdaau9,BSE,3,10,53.821995,20.267212,0.09170220822704081,0.08426837531887756
epqdaau9,BSE,3,11,56.88334,26.24881,0.09496073820153061,0.13941924426020408
epqdaau9,BSE,3,12,47.980732,19.186495,0.12902084661989796,0.027533083545918366
epqdaau9,BSE,3,13,46.537624,20.63992,0.16310586734693877,0.02967055963010204
epqdaau9,BSE,3,14,50.196896,15.906189,0.06880779655612244,0.02297413105867347
epqdaau9,ETD,0,0,82.701096,24.547909,0.03399533641581633,0.08319714604591837
epqdaau9,ETD,0,1,76.1358,20.83816,0.04128467793367347,0.025918765943877552
epqdaau9,ETD,0,2,90.58652,33.36937,0.04849430006377551,0.23271085778061223
epqdaau9,ETD,0,3,77.029564,22.63676,0.04352678571428571,0.0370246731505102
epqdaau9,ETD,0,4,82.17458,32.390217,0.07452268016581633,0.12437719228316327
epqdaau9,ETD,0,5,77.69832,30.031042,0.08075573979591837,0.07146344866071429
epqdaau9,ETD,0,6,82.67875,42.979954,0.15334024234693877,0.20012555803571427
epqdaau9,ETD,0,7,79.346375,30.813772,0.08088030133928571,0.08522500797193877
epqdaau9,ETD,0,8,83.20636,34.85485,0.08641083386479592,0.1487663424744898
epqdaau9,ETD,0,9,78.78876,33.533794,0.10399394132653061,0.11165696747448979
epqdaau9,ETD,0,10,79.5445,29.427364,0.06011838329081633,0.09753667091836735
epqdaau9,ETD,0,11,78.70632,23.781324,0.029107541454081634,0.05430385044642857
epqdaau9,ETD,0,12,79.23197,27.796953,0.05380062181122449,0.08188177614795919
epqdaau9,ETD,0,13,82.56369,29.298532,0.04025330835459184,0.10808952487244898
epqdaau9,ETD,0,14,84.18457,32.012833,0.06311284279336735,0.1681331712372449
epqdaau9,ETD,1,0,76.6582,21.206686,0.04228117028061224,0.025281010841836735
epqdaau9,ETD,1,1,79.54121,29.863745,0.07705377072704081,0.08007314253826531
epqdaau9,ETD,1,2,79.96943,30.982346,0.07513054049744898,0.10765106823979592
epqdaau9,ETD,1,3,69.582214,39.592857,0.21872508769132654,0.08739237882653061
epqdaau9,ETD,1,4,74.75774,28.717533,0.10184151785714286,0.03410993303571429
epqdaau9,ETD,1,5,78.498314,20.454622,0.03501674107142857,0.0220523756377551
epqdaau9,ETD,1,6,76.324745,34.1896,0.1333057637117347,0.07150829081632654
epqdaau9,ETD,1,7,71.83242,36.969116,0.16670818718112246,0.08622150031887756
epqdaau9,ETD,1,8,81.572624,40.41602,0.1280841438137755,0.1321747448979592
epqdaau9,ETD,1,9,72.98144,26.975365,0.09545400191326531,0.030512595663265307
epqdaau9,ETD,1,10,74.96069,31.175608,0.11406349649234694,0.06552435427295919
epqdaau9,ETD,1,11,72.898254,29.932411,0.11648995535714286,0.04372110172193878
epqdaau9,ETD,1,12,73.220375,40.01765,0.2037677375637755,0.10642040019132654
epqdaau9,ETD,1,13,75.43791,19.635668,0.04063695790816327,0.019680723852040817
epqdaau9,ETD,1,14,85.020226,43.508987,0.16279197225765307,0.24972098214285715
epqdaau9,ETD,2,0,85.39837,41.733673,0.1438885124362245,0.22895408163265307
epqdaau9,ETD,2,1,80.64019,28.035984,0.06670021524234694,0.074951171875
epqdaau9,ETD,2,2,84.719406,33.608967,0.06955018335459184,0.16043526785714285
epqdaau9,ETD,2,3,78.46787,28.788858,0.06653579400510204,0.08510044642857142
epqdaau9,ETD,2,4,74.43561,32.487198,0.12790477519132654,0.08009307238520408
epqdaau9,ETD,2,5,79.11636,39.995747,0.14108338647959184,0.1084781568877551
epqdaau9,ETD,2,6,70.73421,38.00425,0.18874561543367346,0.061623086734693876
epqdaau9,ETD,2,7,69.51967,36.98481,0.19680723852040816,0.08575314891581633
epqdaau9,ETD,2,8,73.155624,20.483948,0.07239516900510204,0.008888711734693877
epqdaau9,ETD,2,9,73.64046,31.472952,0.12433235012755102,0.04808075573979592
epqdaau9,ETD,2,10,79.023964,20.986515,0.03429428411989796,0.0364616549744898
epqdaau9,ETD,2,11,72.109055,26.00447,0.09805484693877552,0.02245097257653061
epqdaau9,ETD,2,12,73.677734,33.573013,0.14375896843112246,0.0636409837372449
epqdaau9,ETD,2,13,71.041916,36.462368,0.17107780612244897,0.06537986288265306
epqdaau9,ETD,2,14,70.26408,39.074936,0.2010921556122449,0.08205616230867346
epqdaau9,ETD,3,0,94.39742,35.595367,0.0611198580994898,0.2705825494260204
epqdaau9,ETD,3,1,78.123856,30.40936,0.0950454400510204,0.07339664381377552
epqdaau9,ETD,3,2,83.757355,28.17757,0.04270467952806122,0.12700793207908162
epqdaau9,ETD,3,3,84.39483,27.567158,0.03693498883928571,0.12879165338010204
epqdaau9,ETD,3,4,78.83093,24.554768,0.05462771045918367,0.055698939732142856
epqdaau9,ETD,3,5,79.454346,20.984613,0.03179807079081633,0.03731365593112245
epqdaau9,ETD,3,6,92.75478,36.555885,0.06924625318877552,0.22651267538265307
epqdaau9,ETD,3,7,71.441086,31.821018,0.1494140625,0.047443000637755105
epqdaau9,ETD,3,8,77.54714,20.364872,0.040163624043367346,0.023492307079081634
epqdaau9,ETD,3,9,86.694534,34.59963,0.07322225765306123,0.16748046875
epqdaau9,ETD,3,10,80.55707,37.658924,0.10918566645408163,0.12546835140306123
epqdaau9,ETD,3,11,79.712074,33.240993,0.09991330516581633,0.11465640943877552
epqdaau9,ETD,3,12,65.59248,31.077118,0.18046974649234693,0.032082071109693876
epqdaau9,ETD,3,13,70.56614,34.07709,0.16645408163265307,0.043158083545918366
epqdaau9,ETD,3,14,74.796455,22.552116,0.06540477519132654,0.019959741709183673
epqdaau9,Inlens,0,0,152.17606,51.5792,0.03662607621173469,0.19192940848214285
epqdaau9,Inlens,0,1,135.57742,40.164955,0.029780173788265307,0.06611228475765306
epqdaau9,Inlens,0,2,152.45917,46.61552,0.020218829719387755,0.16846699617346939
epqdaau9,Inlens,0,3,137.16689,42.173885,0.01700015943877551,0.10083506058673469
epqdaau9,Inlens,0,4,147.89957,47.50439,0.025385642538265307,0.15107322225765307
epqdaau9,Inlens,0,5,145.89465,48.5201,0.04188257334183673,0.14333047672193877
epqdaau9,Inlens,0,6,143.50456,65.29131,0.13358478156887754,0.2058155293367347
epqdaau9,Inlens,0,7,123.990204,60.54816,0.1804797114158163,0.12754105548469388
epqdaau9,Inlens,0,8,156.06456,54.33866,0.03245575573979592,0.23039899553571427
epqdaau9,Inlens,0,9,154.31548,52.512123,0.040407764668367346,0.22344347895408162
epqdaau9,Inlens,0,10,154.85715,47.689384,0.015256297831632654,0.1928760762117347
epqdaau9,Inlens,0,11,142.62265,43.588406,0.01129524075255102,0.12172154017857142
epqdaau9,Inlens,0,12,154.23273,46.068855,0.010622608418367346,0.17467514349489796
epqdaau9,Inlens,0,13,152.32416,46.65358,0.011853276466836735,0.16768474968112246
epqdaau9,Inlens,0,14,157.89032,49.282574,0.01987503985969388,0.23213787468112246
epqdaau9,Inlens,1,0,145.45894,39.190914,0.02256058673469388,0.07756696428571429
epqdaau9,Inlens,1,1,149.93144,41.675053,0.029989437181122448,0.11401865433673469
epqdaau9,Inlens,1,2,142.15063,44.345142,0.053765744579081634,0.08446767378826531
epqdaau9,Inlens,1,3,130.3018,52.521065,0.11852778220663265,0.0853694993622449
epqdaau9,Inlens,1,4,131.03204,42.039536,0.06679986447704081,0.05275430484693878
epqdaau9,Inlens,1,5,144.46898,33.821712,0.009556361607142858,0.06767179528061225
epqdaau9,Inlens,1,6,144.66396,42.981815,0.027129504145408163,0.11827367665816327
epqdaau9,Inlens,1,7,140.8979,53.595478,0.07660036670918367,0.14447644292091838
epqdaau9,Inlens,1,8,152.44153,54.348083,0.05930624202806122,0.1878388073979592
epqdaau9,Inlens,1,9,139.9722,46.533985,0.05280412946428571,0.10326151945153061
epqdaau9,Inlens,1,10,145.01883,49.959526,0.050128547512755105,0.14782963966836735
epqdaau9,Inlens,1,11,137.12834,46.340622,0.049440967793367346,0.09422333386479592
epqdaau9,Inlens,1,12,146.89777,47.465466,0.04709921077806122,0.14159159757653061
epqdaau9,Inlens,1,13,138.82454,34.327915,0.010378467793367346,0.06825972576530612
epqdaau9,Inlens,1,14,148.1875,58.717888,0.10557338169642858,0.17874083227040816
epqdaau9,Inlens,2,0,132.2578,61.854187,0.17909956951530612,0.1333954480229592
epqdaau9,Inlens,2,1,136.88118,45.679173,0.0414192044005102,0.10746671715561225
epqdaau9,Inlens,2,2,130.3465,56.7628,0.13602120535714285,0.12636519451530612
epqdaau9,Inlens,2,3,134.26035,42.228058,0.05914182079081633,0.06903200733418367
epqdaau9,Inlens,2,4,128.38452,46.891018,0.06607740752551021,0.0904964524872449
epqdaau9,Inlens,2,5,136.1556,52.629913,0.08000837053571429,0.11974848533163265
epqdaau9,Inlens,2,6,116.00221,42.47455,0.12037129304846939,0.03326291454081633
epqdaau9,Inlens,2,7,124.90105,46.014626,0.08974908322704081,0.05511100924744898
epqdaau9,Inlens,2,8,114.44146,24.244434,0.019182477678571428,0.010014748086734694
epqdaau9,Inlens,2,9,126.3011,43.841972,0.05959522480867347,0.06658063616071429
epqdaau9,Inlens,2,10,135.5319,39.61725,0.01311882174744898,0.08675462372448979
epqdaau9,Inlens,2,11,125.07727,39.21733,0.03593849649234694,0.05546974649234694
epqdaau9,Inlens,2,12,138.70204,49.349045,0.03177814094387755,0.1299724968112245
epqdaau9,Inlens,2,13,121.84317,48.665604,0.10648517219387756,0.05579858896683673
epqdaau9,Inlens,2,14,118.4636,62.69925,0.17632433832908162,0.10639548788265306
epqdaau9,Inlens,3,0,124.50313,46.338314,0.06308294802295919,0.054607780612244895
epqdaau9,Inlens,3,1,103.40989,37.01402,0.09086017219387756,0.015450613839285714
epqdaau9,Inlens,3,2,103.48028,38.054497,0.059181680484693876,0.024717992665816327
epqdaau9,Inlens,3,3,108.40064,39.097626,0.05705915178571429,0.02415995695153061
epqdaau9,Inlens,3,4,104.675,31.72017,0.03192263233418367,0.023960658482142856
epqdaau9,Inlens,3,5,97.444214,26.84967,0.03764748086734694,0.013208506058673469
epqdaau9,Inlens,3,6,116.138176,44.682663,0.07151327327806123,0.046710578762755105
epqdaau9,Inlens,3,7,103.98056,33.878277,0.07187201052295919,0.01774752869897959
epqdaau9,Inlens,3,8,95.22776,29.280361,0.06947544642857142,0.011947943239795918
epqdaau9,Inlens,3,9,118.84722,48.174473,0.04985451211734694,0.0707260443239796
epqdaau9,Inlens,3,10,108.64349,44.115555,0.09034199617346939,0.042649872448979595
epqdaau9,Inlens,3,11,109.83795,41.782272,0.0652652662627551,0.033925581951530615
epqdaau9,Inlens,3,12,102.67174,37.0317,0.08250956632653061,0.010258888711734694
epqdaau9,Inlens,3,13,96.47607,41.48247,0.12746133609693877,0.027204241071428572
epqdaau9,Inlens,3,14,94.14415,29.596092,0.06729312818877552,0.012640505420918368
i9jiqjwl,BSE,0,0,51.839092,19.110575,0.12328105070153061,0.03993443080357143
i9jiqjwl,BSE,0,1,46.86612,22.267807,0.23520707110969388,0.036875199298469385
i9jiqjwl,BSE,0,2,61.697536,25.849918,0.0975765306122449,0.17539261798469388
i9jiqjwl,BSE,0,3,73.1933,30.931297,0.07018793845663265,0.34020248724489793
i9jiqjwl,BSE,0,4,56.50225,17.732069,0.06289859693877552,0.057871293048469385
i9jiqjwl,BSE,0,5,57.244045,24.18315,0.10243941326530612,0.1077407525510204
i9jiqjwl,BSE,0,6,59.175175,19.246086,0.05145388233418367,0.10400888871173469
i9jiqjwl,BSE,0,7,60.045017,21.837318,0.06633649553571429,0.11456174266581633
i9jiqjwl,BSE,0,8,66.91864,29.187717,0.08379005899234694,0.2412707270408163
i9jiqjwl,BSE,0,9,59.58795,20.588654,0.06880281409438775,0.12623066804846939
i9jiqjwl,BSE,0,10,59.294064,24.456047,0.08795041454081633,0.13288723692602042
i9jiqjwl,BSE,0,11,61.000225,28.158836,0.11591697225765306,0.17426159917091838
i9jiqjwl,BSE,0,12,55.300175,22.085133,0.12057059151785714,0.08010303730867346
i9jiqjwl,BSE,0,13,62.39567,27.539389,0.09080536511479592,0.18540736607142858
i9jiqjwl,BSE,0,14,59.618626,22.183456,0.07021783322704081,0.12181620695153061
i9jiqjwl,BSE,1,0,50.90112,17.241873,0.10751654177295919,0.01864437181122449
i9jiqjwl,BSE,1,1,52.404984,14.937961,0.05717873086734694,0.02329300860969388
i9jiqjwl,BSE,1,2,53.45978,16.07112,0.04698959661989796,0.03886818399234694
i9jiqjwl,BSE,1,3,59.258392,30.037489,0.14058015784438777,0.17841697225765307
i9jiqjwl,BSE,1,4,52.43882,13.747354,0.047109175701530615,0.014807876275510204
i9jiqjwl,BSE,1,5,55.80477,26.863632,0.12990274234693877,0.12083466198979592
i9jiqjwl,BSE,1,6,49.256107,19.644182,0.14308135363520408,0.024842554209183673
i9jiqjwl,BSE,1,7,59.642673,28.33117,0.10928033322704081,0.15945372289540816
i9jiqjwl,BSE,1,8,55.521534,31.324528,0.18670280612244897,0.15499441964285715
i9jiqjwl,BSE,1,9,51.82941,16.612883,0.08501574457908163,0.02643195950255102
i9jiqjwl,BSE,1,10,53.4666,18.547714,0.09513014190051021,0.044020049426020405
i9jiqjwl,BSE,1,11,61.17226,28.13829,0.0856186224489796,0.1642169563137755
i9jiqjwl,BSE,1,12,56.555008,27.151058,0.14578683035714285,0.13016681281887754
i9jiqjwl,BSE,1,13,69.9742,33.163002,0.1031967474489796,0.3528679049744898
i9jiqjwl,BSE,1,14,54.965336,27.344149,0.15523357780612246,0.11601662149234694
i9jiqjwl,BSE,2,0,56.121197,19.940693,0.05697943239795918,0.06727818080357142
i9jiqjwl,BSE,2,1,63.133118,27.962992,0.07132892219387756,0.17893016581632654
i9jiqjwl,BSE,2,2,54.123817,21.079912,0.09615154655612244,0.06591298628826531
i9jiqjwl,BSE,2,3,57.019096,23.956575,0.09637077487244898,0.11098433514030612
i9jiqjwl,BSE,2,4,55.433544,15.958686,0.0556640625,0.03884825414540816
i9jiqjwl,BSE,2,5,51.39949,17.800386,0.09907625159438775,0.02040816326530612
i9jiqjwl,BSE,2,6,52.337677,19.417894,0.09707330197704081,0.04115513392857143
i9jiqjwl,BSE,2,7,50.768185,20.394234,0.12693817761479592,0.03562460140306122
i9jiqjwl,BSE,2,8,53.76851,22.89688,0.12013711734693877,0.07614198022959184
i9jiqjwl,BSE,2,9,59.65988,27.453854,0.09030711894132654,0.15916474011479592
i9jiqjwl,BSE,2,10,50.768555,22.663591,0.16281688456632654,0.06344168526785714
i9jiqjwl,BSE,2,11,53.270054,24.073736,0.14192044005102042,0.07656548947704081
i9jiqjwl,BSE,2,12,51.107704,21.228893,0.15354452327806123,0.05741788903061224
i9jiqjwl,BSE,2,13,51.369823,16.447834,0.10239955357142858,0.02107083067602041
i9jiqjwl,BSE,2,14,51.605186,16.612062,0.09136838329081633,0.02159897161989796
i9jiqjwl,BSE,3,0,54.164173,16.553343,0.0670589524872449,0.032146843112244895
i9jiqjwl,BSE,3,1,54.08621,19.148584,0.09511021205357142,0.047816685267857144
i9jiqjwl,BSE,3,2,60.219044,25.09354,0.10560825892857142,0.15181062659438777
i9jiqjwl,BSE,3,3,59.928772,21.765352,0.06154834980867347,0.10923050860969388
i9jiqjwl,BSE,3,4,54.202038,19.968842,0.10191127232142858,0.05375079719387755
i9jiqjwl,BSE,3,5,56.44352,15.193267,0.02849968112244898,0.037786989795918366
i9jiqjwl,BSE,3,6,51.01247,26.511824,0.20561124840561223,0.08092016103316327
i9jiqjwl,BSE,3,7,50.77467,17.814968,0.1149105149872449,0.028250558035714284
i9jiqjwl,BSE,3,8,54.36478,21.19631,0.10207569355867346,0.06738779496173469
i9jiqjwl,BSE,3,9,53.61804,18.079317,0.0807358099489796,0.03346221301020408
i9jiqjwl,BSE,3,10,53.246002,16.90588,0.08193658322704081,0.030537507971938774
i9jiqjwl,BSE,3,11,57.204166,23.325073,0.08202626753826531,0.1007553411989796
i9jiqjwl,BSE,3,12,59.755245,25.407558,0.06061164700255102,0.13138253348214285
i9jiqjwl,BSE,3,13,58.215054,23.468298,0.08111945950255102,0.10562818877551021
i9jiqjwl,BSE,3,14,58.95329,25.905382,0.0884586256377551,0.13054049744897958
i9jiqjwl,BSE,4,0,57.243412,20.352806,0.06201670121173469,0.07813994738520408
i9jiqjwl,BSE,4,1,55.547756,19.836954,0.09362045599489796,0.06695930325255102
i9jiqjwl,BSE,4,2,58.842365,17.506374,0.04217653858418367,0.08416374362244898
i9jiqjwl,BSE,4,3,55.73996,17.863562,0.07115951849489796,0.04685507015306122
i9jiqjwl,BSE,4,4,69.487976,31.20981,0.08035714285714286,0.2848573022959184
i9jiqjwl,BSE,4,5,57.173855,18.445917,0.07265923947704081,0.07080078125
i9jiqjwl,BSE,4,6,65.10434,30.695581,0.10630580357142858,0.2348034917091837
i9jiqjwl,BSE,4,7,56.113228,14.654759,0.037164182079081634,0.03452845982142857
i9jiqjwl,BSE,4,8,59.49567,25.915876,0.08223553093112244,0.12568259725765307
i9jiqjwl,BSE,4,9,53.76504,19.238905,0.10797991071428571,0.046022999043367346
i9jiqjwl,BSE,4,10,56.01566,19.454496,0.08557876275510204,0.06545459980867346
i9jiqjwl,BSE,4,11,56.575558,18.671099,0.06350147480867346,0.062420280612244895
i9jiqjwl,BSE,4,12,53.859493,17.35212,0.07547433035714286,0.03378109056122449
i9jiqjwl,BSE,4,13,56.46121,22.051336,0.08905153858418367,0.08222556600765306
i9jiqjwl,BSE,4,14,51.675213,18.251799,0.11084482621173469,0.02561981823979592
i9jiqjwl,ETD,0,0,73.14055,34.2005,0.15300143494897958,0.06354631696428571
i9jiqjwl,ETD,0,1,67.044205,41.58544,0.2713099888392857,0.0738052056760204
i9jiqjwl,ETD,0,2,89.61914,46.70306,0.1123046875,0.19854113520408162
i9jiqjwl,ETD,0,3,100.876175,42.227592,0.07580317283163265,0.32004344706632654
i9jiqjwl,ETD,0,4,79.31906,29.124283,0.07638612085459184,0.07346639827806123
i9jiqjwl,ETD,0,5,81.436935,36.54389,0.11193100286989796,0.13202527104591838
i9jiqjwl,ETD,0,6,91.65563,37.187737,0.03728874362244898,0.14490493463010204
i9jiqjwl,ETD,0,7,91.09558,37.73198,0.06659558354591837,0.16964285714285715
i9jiqjwl,ETD,0,8,92.21081,39.95264,0.09373505261479592,0.24554069674744897
i9jiqjwl,ETD,0,9,94.655594,47.01392,0.06641621492346939,0.20045440051020408
i9jiqjwl,ETD,0,10,93.00049,48.524414,0.08843371332908163,0.19170021524234693
i9jiqjwl,ETD,0,11,93.17281,48.779636,0.11236447704081633,0.21800263073979592
i9jiqjwl,ETD,0,12,79.481895,37.79598,0.12828344228316327,0.09654017857142858
i9jiqjwl,ETD,0,13,88.686264,39.010242,0.09128866390306123,0.18384785554846939
i9jiqjwl,ETD,0,14,84.431244,37.841774,0.07625657684948979,0.1302913743622449
i9jiqjwl,ETD,1,0,74.661575,26.234097,0.09524972098214286,0.029854910714285716
i9jiqjwl,ETD,1,1,76.29674,19.474567,0.0400390625,0.026073222257653062
i9jiqjwl,ETD,1,2,77.625755,19.603254,0.022705078125,0.04130959024234694
i9jiqjwl,ETD,1,3,80.86728,37.56278,0.1326580436862245,0.15653898278061223
i9jiqjwl,ETD,1,4,74.84164,17.141249,0.026730907206632654,0.013397839604591837
i9jiqjwl,ETD,1,5,79.16588,35.41708,0.11534897161989796,0.13344029017857142
i9jiqjwl,ETD,1,6,69.32807,31.022724,0.14598612882653061,0.037966358418367346
i9jiqjwl,ETD,1,7,82.22691,35.214577,0.11184630102040816,0.16441127232142858
i9jiqjwl,ETD,1,8,74.99059,40.910854,0.19870057397959184,0.15898537149234693
i9jiqjwl,ETD,1,9,74.7975,27.322279,0.08824936224489796,0.04798608896683673
i9jiqjwl,ETD,1,10,76.47891,30.034666,0.11473612882653061,0.06008350605867347
i9jiqjwl,ETD,1,11,85.48959,35.670395,0.08985869738520408,0.18065409757653061
i9jiqjwl,ETD,1,12,78.27547,41.96654,0.17794363839285715,0.15482003348214285
i9jiqjwl,ETD,1,13,89.322525,38.765144,0.12039122289540816,0.27804627710459184
i9jiqjwl,ETD,1,14,77.186455,39.909184,0.17136180644132654,0.1476104113520408
i9jiqjwl,ETD,2,0,79.89934,21.634047,0.03457330197704082,0.05421914859693878
i9jiqjwl,ETD,2,1,85.606476,29.864037,0.055499641262755105,0.14801399075255103
i9jiqjwl,ETD,2,2,76.59848,28.462105,0.08846360809948979,0.058429328762755105
i9jiqjwl,ETD,2,3,79.13201,31.575386,0.10147281568877552,0.09437280771683673
i9jiqjwl,ETD,2,4,76.86594,19.60047,0.044468470982142856,0.011937978316326531
i9jiqjwl,ETD,2,5,75.61455,25.231615,0.08355090082908163,0.023636798469387755
i9jiqjwl,ETD,2,6,73.449165,25.62786,0.08905652104591837,0.03966039540816327
i9jiqjwl,ETD,2,7,70.794945,28.998474,0.13042091836734693,0.0349968112244898
i9jiqjwl,ETD,2,8,74.74763,30.865948,0.12772540656887754,0.06879783163265306
i9jiqjwl,ETD,2,9,81.16348,32.499805,0.09525470344387756,0.14052535076530612
i9jiqjwl,ETD,2,10,71.986855,36.91133,0.18230329241071427,0.08056142378826531
i9jiqjwl,ETD,2,11,76.65224,35.554348,0.13929468271683673,0.09864277742346939
i9jiqjwl,ETD,2,12,70.773026,37.00384,0.21097735969387754,0.08874760841836735
i9jiqjwl,ETD,2,13,74.58168,29.394865,0.10354053730867346,0.04403499681122449
i9jiqjwl,ETD,2,14,73.64853,23.920677,0.08784080038265306,0.021399673150510203
i9jiqjwl,ETD,3,0,77.51292,21.115873,0.049994021045918366,0.023009008290816327
i9jiqjwl,ETD,3,1,76.51641,27.105488,0.08971918845663265,0.03729372608418367
i9jiqjwl,ETD,3,2,82.05084,34.15994,0.12268813775510204,0.11252889827806123
i9jiqjwl,ETD,3,3,82.679016,26.270369,0.05779157366071429,0.08283342633928571
i9jiqjwl,ETD,3,4,74.79353,27.809233,0.09946488360969388,0.045619419642857144
i9jiqjwl,ETD,3,5,80.820915,16.631508,0.013283242984693877,0.02660136320153061
i9jiqjwl,ETD,3,6,70.023346,40.734474,0.22928292410714285,0.07518534757653061
i9jiqjwl,ETD,3,7,71.09851,27.545639,0.12685347576530612,0.026118064413265307
i9jiqjwl,ETD,3,8,78.02957,31.049559,0.09484614158163265,0.07445292570153061
i9jiqjwl,ETD,3,9,76.72111,24.114365,0.06745256696428571,0.03440389827806122
i9jiqjwl,ETD,3,10,76.614265,26.022526,0.07229551977040816,0.03552993463010204
i9jiqjwl,ETD,3,11,80.61306,30.713873,0.08779595822704081,0.10461674904336735
i9jiqjwl,ETD,3,12,82.49932,28.148966,0.047731983418367346,0.13151705994897958
i9jiqjwl,ETD,3,13,80.81102,29.067465,0.07663524394132654,0.09012775031887756
i9jiqjwl,ETD,3,14,81.26513,30.425062,0.08130879304846939,0.11912069515306123
i9jiqjwl,ETD,4,0,80.48478,26.01886,0.04975984534438776,0.05370595503826531
i9jiqjwl,ETD,4,1,76.67364,30.172829,0.10855787627551021,0.05014349489795918
i9jiqjwl,ETD,4,2,81.608215,22.850702,0.03585877710459184,0.037652463329081634
i9jiqjwl,ETD,4,3,79.884186,28.114176,0.07188197544642858,0.05872329400510204
i9jiqjwl,ETD,4,4,88.9343,34.68285,0.09265385841836735,0.22736965880102042
i9jiqjwl,ETD,4,5,79.669525,29.83861,0.08793546715561225,0.05859873246173469
i9jiqjwl,ETD,4,6,83.2329,38.074776,0.14405293367346939,0.18901965082908162
i9jiqjwl,ETD,4,7,77.85513,18.239975,0.030577367665816327,0.021155532525510203
i9jiqjwl,ETD,4,8,82.59735,32.952686,0.09714305644132654,0.14281230070153061
i9jiqjwl,ETD,4,9,76.81104,33.316074,0.13018176020408162,0.07642099808673469
i9jiqjwl,ETD,4,10,75.3671,27.494823,0.09328164859693877,0.039560746173469385
i9jiqjwl,ETD,4,11,80.766365,25.353695,0.058185188137755105,0.06054189253826531
i9jiqjwl,ETD,4,12,75.29724,25.394447,0.08062121332908163,0.03798130580357143
i9jiqjwl,ETD,4,13,80.13488,31.25521,0.09529954559948979,0.09889190051020408
i9jiqjwl,ETD,4,14,71.90357,31.428623,0.1505500637755102,0.04641661352040816
i9jiqjwl,Inlens,0,0,160.91837,50.229095,0.06906688456632654,0.20837153220663265
i9jiqjwl,Inlens,0,1,143.36855,50.877266,0.16429169323979592,0.12967853156887754
i9jiqjwl,Inlens,0,2,168.83366,48.61386,0.06631656568877552,0.2391980229591837
i9jiqjwl,Inlens,0,3,175.93391,49.617134,0.05255002391581633,0.3003427933673469
i9jiqjwl,Inlens,0,4,171.1303,41.28946,0.04352180325255102,0.1903400031887755
i9jiqjwl,Inlens,0,5,165.14186,49.823574,0.08438297193877552,0.20990613042091838
i9jiqjwl,Inlens,0,6,149.45721,53.406662,0.1661053093112245,0.1336993781887755
i9jiqjwl,Inlens,0,7,170.72704,40.193523,0.03318817761479592,0.18915417729591838
i9jiqjwl,Inlens,0,8,167.25496,35.327538,0.04299366230867347,0.1415118781887755
i9jiqjwl,Inlens,0,9,166.30835,35.697887,0.030074139030612245,0.14106843909438777
i9jiqjwl,Inlens,0,10,165.63275,47.82026,0.059645049426020405,0.1773307955994898
i9jiqjwl,Inlens,0,11,163.65826,53.197186,0.10166214923469388,0.20989118303571427
i9jiqjwl,Inlens,0,12,157.76083,44.6424,0.10128846460459184,0.12379922672193877
i9jiqjwl,Inlens,0,13,176.60503,50.13656,0.054941605548469385,0.2941346460459184
i9jiqjwl,Inlens,0,14,165.81584,41.173763,0.035699338329081634,0.17299605389030612
i9jiqjwl,Inlens,1,0,145.4108,35.994576,0.06549944196428571,0.05773178411989796
i9jiqjwl,Inlens,1,1,138.3673,27.523432,0.0294612962372449,0.0419921875
i9jiqjwl,Inlens,1,2,142.95293,30.531626,0.022416095344387755,0.0595703125
i9jiqjwl,Inlens,1,3,155.30025,55.166473,0.10702327806122448,0.21216816804846939
i9jiqjwl,Inlens,1,4,142.53288,26.944319,0.01931202168367347,0.03711435746173469
i9jiqjwl,Inlens,1,5,150.7912,48.636852,0.10422811702806123,0.15164122289540816
i9jiqjwl,Inlens,1,6,146.15054,42.38911,0.11000279017857142,0.07181222098214286
i9jiqjwl,Inlens,1,7,163.5574,48.179546,0.06561403858418367,0.20267657844387754
i9jiqjwl,Inlens,1,8,146.0526,47.50562,0.12439213966836735,0.10851303411989796
i9jiqjwl,Inlens,1,9,148.61336,38.09718,0.05601283482142857,0.09119897959183673
i9jiqjwl,Inlens,1,10,156.88885,37.041225,0.04399015465561224,0.10309709821428571
i9jiqjwl,Inlens,1,11,166.40298,42.002647,0.05201690051020408,0.21165497448979592
i9jiqjwl,Inlens,1,12,162.88208,51.075714,0.11322644292091837,0.2247588488520408
i9jiqjwl,Inlens,1,13,180.70403,51.770397,0.05894252232142857,0.3894142617984694
i9jiqjwl,Inlens,1,14,158.02278,48.25871,0.08780094068877552,0.1604900749362245
i9jiqjwl,Inlens,2,0,131.818,30.49956,0.05685487085459184,0.024149992028061226
i9jiqjwl,Inlens,2,1,139.97546,38.61598,0.09020248724489796,0.03559470663265306
i9jiqjwl,Inlens,2,2,135.69351,43.899242,0.0923648756377551,0.07421875
i9jiqjwl,Inlens,2,3,138.94751,45.751877,0.10518973214285714,0.10123365752551021
i9jiqjwl,Inlens,2,4,139.83255,29.013992,0.06167789381377551,0.01886360012755102
i9jiqjwl,Inlens,2,5,131.96844,37.08937,0.09189652423469388,0.01818100286989796
i9jiqjwl,Inlens,2,6,136.28613,33.529892,0.06037248883928571,0.04415955835459184
i9jiqjwl,Inlens,2,7,138.95618,41.551125,0.10047632334183673,0.052654655612244895
i9jiqjwl,Inlens,2,8,141.98361,40.540863,0.0992904974489796,0.07242506377551021
i9jiqjwl,Inlens,2,9,139.86223,36.900238,0.07640106823979592,0.05251016422193878
i9jiqjwl,Inlens,2,10,138.26315,43.560165,0.15775470344387754,0.06321249202806123
i9jiqjwl,Inlens,2,11,146.26367,41.365578,0.08372528698979592,0.08016282684948979
i9jiqjwl,Inlens,2,12,146.01505,41.752346,0.07601243622448979,0.09953962053571429
i9jiqjwl,Inlens,2,13,147.72987,33.912174,0.0681899713010204,0.06334203603316327
i9jiqjwl,Inlens,2,14,142.06322,36.23003,0.06431361607142858,0.061070033482142856
i9jiqjwl,Inlens,3,0,138.31259,32.917156,0.06766681281887756,0.04181281887755102
i9jiqjwl,Inlens,3,1,134.13254,35.781353,0.10753148915816327,0.022829639668367346
i9jiqjwl,Inlens,3,2,139.28029,50.627403,0.17956293845663265,0.11293746014030612
i9jiqjwl,Inlens,3,3,139.63684,32.542053,0.07040218431122448,0.035724250637755105
i9jiqjwl,Inlens,3,4,138.57161,41.017986,0.11190609056122448,0.056271922831632654
i9jiqjwl,Inlens,3,5,138.94942,25.024069,0.017438616071428572,0.03449358258928571
i9jiqjwl,Inlens,3,6,122.659,54.255672,0.2606176259566326,0.042156608737244895
i9jiqjwl,Inlens,3,7,131.0365,33.320877,0.07882752710459184,0.02014907525510204
i9jiqjwl,Inlens,3,8,138.09503,34.467674,0.07985889668367346,0.03107063137755102
i9jiqjwl,Inlens,3,9,139.88199,35.485737,0.07968451052295919,0.044025031887755105
i9jiqjwl,Inlens,3,10,139.99538,35.191967,0.06255480707908163,0.05499641262755102
i9jiqjwl,Inlens,3,11,143.5714,42.199894,0.07914640465561225,0.111328125
i9jiqjwl,Inlens,3,12,144.8129,38.56592,0.04715900031887755,0.12143753985969388
i9jiqjwl,Inlens,3,13,143.98973,37.167133,0.054433394451530615,0.09235491071428571
i9jiqjwl,Inlens,3,14,144.58156,43.85349,0.06307298309948979,0.1369579081632653
i9jiqjwl,Inlens,4,0,118.66129,33.491325,0.18723094706632654,0.0071548150510204085
i9jiqjwl,Inlens,4,1,123.09632,38.4263,0.20934311224489796,0.024100167410714284
i9jiqjwl,Inlens,4,2,129.72612,35.007217,0.12506477200255103,0.0259586256377551
i9jiqjwl,Inlens,4,3,122.05827,40.021618,0.19600007971938777,0.031394491390306124
i9jiqjwl,Inlens,4,4,135.10258,37.401127,0.1251544563137755,0.028121014030612245
i9jiqjwl,Inlens,4,5,124.94296,36.650833,0.16240334024234693,0.034677933673469385
i9jiqjwl,Inlens,4,6,131.34264,41.844555,0.2071857063137755,0.032171755420918366
i9jiqjwl,Inlens,4,7,126.09824,28.53314,0.1277702487244898,0.01504703443877551
i9jiqjwl,Inlens,4,8,125.873276,35.159767,0.15504424426020408,0.023482342155612245
i9jiqjwl,Inlens,4,9,127.43742,42.087498,0.1756218112244898,0.05266462053571429
i9jiqjwl,Inlens,4,10,128.17393,35.475945,0.14336535395408162,0.04201709980867347
i9jiqjwl,Inlens,4,11,130.20592,33.45243,0.09344606983418367,0.04168825733418367
i9jiqjwl,Inlens,4,12,123.63227,28.33704,0.09823421556122448,0.019655811543367346
i9jiqjwl,Inlens,4,13,125.19862,37.48153,0.16823780293367346,0.03427435427295918
i9jiqjwl,Inlens,4,14,115.959366,36.826584,0.20877012914540816,0.024443957270408163
r17byphk,BSE,0,0,53.914646,23.360706,0.09933533960459184,0.10259885204081633
r17byphk,BSE,0,1,48.78839,23.15516,0.16784418845663265,0.07922114158163265
r17byphk,BSE,0,2,49.373074,21.317144,0.13528878348214285,0.06505600286989796
r17byphk,BSE,0,3,54.273434,26.672113,0.12367964764030612,0.14206493144132654
r17byphk,BSE,0,4,62.94997,32.771835,0.15156150350765307,0.25502730389030615
r17byphk,BSE,0,5,55.56572,21.044117,0.07398955676020408,0.10343092315051021
r17byphk,BSE,0,6,55.023743,18.656433,0.06099031409438776,0.076904296875
r17byphk,BSE,0,7,56.34722,19.389189,0.04383569834183673,0.09463687818877552
r17byphk,BSE,0,8,47.993946,19.600403,0.11216019610969388,0.03839983258928571
r17byphk,BSE,0,9,61.354992,24.981325,0.05727838010204082,0.16125239158163265
r17byphk,BSE,0,10,61.479317,24.879995,0.08069595025510204,0.16396285076530612
r17byphk,BSE,0,11,62.84276,26.739088,0.08614178093112244,0.18672771843112246
r17byphk,BSE,0,12,57.372383,22.887669,0.07970942283163265,0.1053043287627551
r17byphk,BSE,0,13,55.233475,16.313198,0.03983478156887755,0.055698939732142856
r17byphk,BSE,0,14,60.165165,22.82552,0.053347217793367346,0.13190070950255103
r17byphk,BSE,1,0,53.619934,17.025946,0.06192203443877551,0.03271484375
r17byphk,BSE,1,1,47.23647,25.117556,0.23143534757653061,0.043736049107142856
r17byphk,BSE,1,2,55.863644,21.444609,0.10926538584183673,0.07739756058673469
r17byphk,BSE,1,3,54.974384,21.718803,0.10819913903061225,0.07702387595663265
r17byphk,BSE,1,4,56.234486,23.345406,0.09627610809948979,0.10085499043367346
r17byphk,BSE,1,5,61.51517,24.310368,0.06551937181122448,0.15088887117346939
r17byphk,BSE,1,6,55.94116,19.958923,0.08994838169642858,0.06449796715561225
r17byphk,BSE,1,7,49.7751,20.346344,0.1285126355229592,0.050970583545918366
r17byphk,BSE,1,8,43.72109,28.629614,0.28062220982142855,0.07007832429846939
r17byphk,BSE,1,9,53.184032,28.388474,0.18938337053571427,0.11955915178571429
r17byphk,BSE,1,10,53.033596,23.596025,0.15766501913265307,0.06955018335459184
r17byphk,BSE,1,11,57.97464,19.25548,0.07718331473214286,0.058429328762755105
r17byphk,BSE,1,12,63.21287,20.510078,0.05148875956632653,0.12221480389030612
r17byphk,BSE,1,13,62.184013,22.460571,0.050771285076530615,0.12143255739795919
r17byphk,BSE,1,14,70.229416,28.662378,0.04709422831632653,0.2549675143494898
r17byphk,BSE,2,0,54.53524,23.200794,0.15046037946428573,0.07046197385204081
r17byphk,BSE,2,1,58.108166,17.664145,0.06478694993622448,0.04847437021683673
r17byphk,BSE,2,2,57.267563,20.070421,0.09655014349489796,0.06157326211734694
r17byphk,BSE,2,3,57.68123,22.469894,0.10291772959183673,0.08422353316326531
r17byphk,BSE,2,4,56.7964,19.178185,0.08244977678571429,0.06123943718112245
r17byphk,BSE,2,5,53.15487,22.80111,0.1426628268494898,0.06493642378826531
r17byphk,BSE,2,6,54.81815,22.706295,0.11250896843112244,0.08050661670918367
r17byphk,BSE,2,7,56.42869,20.25845,0.07684450733418367,0.07556401466836735
r17byphk,BSE,2,8,58.344894,16.120178,0.03835997289540816,0.05297353316326531
r17byphk,BSE,2,9,58.132713,17.045868,0.034099968112244895,0.059580277423469385
r17byphk,BSE,2,10,55.81056,16.938004,0.06961495535714286,0.036411830357142856
r17byphk,BSE,2,11,55.46406,17.971262,0.08786571269132654,0.035853794642857144
r17byphk,BSE,2,12,63.57507,24.062834,0.04278938137755102,0.14985750159438777
r17byphk,BSE,2,13,59.817497,25.811747,0.08106465242346939,0.1303760762117347
r17byphk,BSE,2,14,48.304935,23.74242,0.20763911033163265,0.03542530293367347
r17byphk,BSE,3,0,52.488766,22.405903,0.123291015625,0.058583785076530615
r17byphk,BSE,3,1,54.786167,20.148224,0.08515027104591837,0.05271444515306122
r17byphk,BSE,3,2,62.381657,30.300013,0.08290318080357142,0.17712153220663265
r17byphk,BSE,3,3,57.5486,22.843596,0.07688934948979592,0.09369519292091837
r17byphk,BSE,3,4,64.95754,31.145716,0.09487603635204081,0.23329380580357142
r17byphk,BSE,3,5,49.935856,20.78649,0.136962890625,0.03086136798469388
r17byphk,BSE,3,6,50.672768,21.1561,0.14179587850765307,0.036830357142857144
r17byphk,BSE,3,7,59.96348,28.164036,0.10356046715561225,0.1553531568877551
r17byphk,BSE,3,8,55.20587,23.019432,0.10861268335459184,0.07839903539540816
r17byphk,BSE,3,9,50.407112,20.218552,0.14232401945153061,0.03216179049744898
r17byphk,BSE,3,10,51.889767,21.344168,0.11695830676020408,0.04423927774234694
r17byphk,BSE,3,11,51.63266,21.381435,0.13988261320153061,0.045330436862244895
r17byphk,BSE,3,12,57.140354,20.286863,0.09095982142857142,0.07047193877551021
r17byphk,BSE,3,13,56.066536,22.270557,0.08182198660714286,0.07755201690051021
r17byphk,BSE,3,14,57.775146,24.14178,0.10220025510204081,0.09817442602040816
r17byphk,ETD,0,0,69.26806,38.763405,0.1317761479591837,0.10731724330357142
r17byphk,ETD,0,1,64.009,39.413486,0.1898467394770408,0.08302774234693877
r17byphk,ETD,0,2,66.09418,36.34154,0.1439483019770408,0.07537966358418367
r17byphk,ETD,0,3,74.10277,44.225754,0.12137775031887756,0.1337890625
r17byphk,ETD,0,4,81.157135,46.511086,0.15548270089285715,0.2351672114158163
r17byphk,ETD,0,5,72.05424,34.351917,0.07557397959183673,0.10052614795918367
r17byphk,ETD,0,6,72.15158,29.704119,0.058803013392857144,0.06970962213010204
r17byphk,ETD,0,7,72.491234,29.893719,0.047926299426020405,0.08900669642857142
r17byphk,ETD,0,8,67.27308,32.731827,0.10069056919642858,0.0613639987244898
r17byphk,ETD,0,9,81.2774,37.05229,0.06335200095663265,0.15990214445153061
r17byphk,ETD,0,10,81.919945,42.693043,0.10651506696428571,0.1849788743622449
r17byphk,ETD,0,11,83.16898,35.791096,0.07832429846938775,0.1637386399872449
r17byphk,ETD,0,12,78.39887,34.341774,0.08126395089285714,0.11141282684948979
r17byphk,ETD,0,13,75.412895,28.30337,0.04245057397959184,0.07102499202806123
r17byphk,ETD,0,14,77.53914,33.586254,0.05701929209183673,0.1286023198341837
r17byphk,ETD,1,0,76.07606,25.490566,0.05017837213010204,0.025006975446428572
r17byphk,ETD,1,1,64.637474,40.105145,0.22062838807397958,0.03182796556122449
r17byphk,ETD,1,2,75.63036,38.771492,0.1334602200255102,0.06480189732142858
r17byphk,ETD,1,3,78.15611,38.687393,0.10903619260204081,0.08776108099489796
r17byphk,ETD,1,4,76.39633,37.937454,0.10941485969387756,0.10700334821428571
r17byphk,ETD,1,5,81.32608,37.799316,0.07983896683673469,0.16570671237244897
r17byphk,ETD,1,6,78.15189,31.569506,0.07569854113520408,0.07508071588010204
r17byphk,ETD,1,7,68.624405,36.873386,0.13171635841836735,0.064453125
r17byphk,ETD,1,8,58.45983,43.145103,0.2667211415816326,0.08624143016581633
r17byphk,ETD,1,9,71.27478,45.6776,0.19309530452806123,0.12772540656887754
r17byphk,ETD,1,10,74.89227,41.504665,0.16594088807397958,0.10313695790816327
r17byphk,ETD,1,11,80.01807,27.709812,0.07481664540816327,0.030816525829081634
r17byphk,ETD,1,12,88.17249,29.443024,0.05132932079081633,0.11158223054846939
r17byphk,ETD,1,13,84.10575,27.119024,0.04433892697704082,0.09683912627551021
r17byphk,ETD,1,14,88.38718,30.362812,0.053302375637755105,0.1936633051658163
r17byphk,ETD,2,0,78.93137,39.43322,0.14150191326530612,0.10134825414540816
r17byphk,ETD,2,1,83.25231,25.560299,0.05651108099489796,0.023726482780612245
r17byphk,ETD,2,2,79.85869,31.382593,0.11193100286989796,0.03497189891581633
r17byphk,ETD,2,3,78.76657,31.40739,0.0997737962372449,0.0682796556122449
r17byphk,ETD,2,4,80.58524,32.753555,0.0945571588010204,0.07606226084183673
r17byphk,ETD,2,5,74.62166,39.936756,0.14115314094387754,0.10551359215561225
r17byphk,ETD,2,6,74.600334,37.840137,0.11707788584183673,0.10291274713010204
r17byphk,ETD,2,7,80.398155,30.22434,0.07785096460459184,0.07910654496173469
r17byphk,ETD,2,8,83.74298,26.415127,0.04137436224489796,0.06864835778061225
r17byphk,ETD,2,9,82.84282,26.859243,0.034503547512755105,0.07581313775510204
r17byphk,ETD,2,10,79.92422,28.212599,0.06263452646683673,0.049724968112244895
r17byphk,ETD,2,11,76.49327,27.95887,0.09175203284438775,0.013891103316326531
r17byphk,ETD,2,12,85.75008,27.02942,0.03934650031887755,0.12790975765306123
r17byphk,ETD,2,13,81.08502,33.274334,0.07273397640306123,0.14971301020408162
r17byphk,ETD,2,14,67.14092,37.564796,0.19826709980867346,0.04433892697704082
r17byphk,ETD,3,0,73.59698,34.371716,0.12707270408163265,0.0779605787627551
r17byphk,ETD,3,1,77.799416,29.98275,0.08085538903061225,0.06101024394132653
r17byphk,ETD,3,2,82.68873,34.39871,0.08271384725765306,0.1762645487882653
r17byphk,ETD,3,3,78.340805,28.899908,0.07357601243622448,0.08685427295918367
r17byphk,ETD,3,4,87.71891,36.759403,0.07348134566326531,0.24254623724489796
r17byphk,ETD,3,5,71.11285,31.377666,0.11922532684948979,0.03127989477040816
r17byphk,ETD,3,6,73.36376,33.2371,0.12889628507653061,0.05854392538265306
r17byphk,ETD,3,7,83.299675,36.07856,0.0966049505739796,0.1736437739158163
r17byphk,ETD,3,8,76.07585,33.80562,0.09521982621173469,0.09567323022959184
r17byphk,ETD,3,9,71.7121,34.203938,0.13918008609693877,0.059978874362244895
r17byphk,ETD,3,10,73.8289,32.4004,0.11814413265306123,0.06260463169642858
r17byphk,ETD,3,11,72.73695,33.724472,0.13078463807397958,0.04831991390306122
r17byphk,ETD,3,12,80.868904,30.41788,0.07546934789540816,0.06447305484693877
r17byphk,ETD,3,13,78.454384,28.53055,0.06788105867346939,0.07411910076530612
r17byphk,ETD,3,14,80.11816,30.629097,0.08741230867346939,0.0835708306760204
r17byphk,Inlens,0,0,101.24335,79.094955,0.2371452487244898,0.21649792729591838
r17byphk,Inlens,0,1,94.199715,78.941345,0.26625777264030615,0.2022431042729592
r17byphk,Inlens,0,2,82.210014,72.912285,0.30286391900510207,0.15521863042091838
r17byphk,Inlens,0,3,94.02989,83.18372,0.34827407525510207,0.22024972098214285
r17byphk,Inlens,0,4,133.87524,64.95256,0.059316206951530615,0.227294921875
r17byphk,Inlens,0,5,105.916115,75.21789,0.1660754145408163,0.20802774234693877
r17byphk,Inlens,0,6,100.2969,70.70001,0.18915915975765307,0.16859155771683673
r17byphk,Inlens,0,7,101.04454,72.51791,0.20509805484693877,0.1860401387117347
r17byphk,Inlens,0,8,61.758327,59.999268,0.4385263871173469,0.08496591996173469
r17byphk,Inlens,0,9,124.39198,65.88143,0.1437390385841837,0.19435088488520408
r17byphk,Inlens,0,10,133.39758,60.81694,0.04300860969387755,0.22180923150510204
r17byphk,Inlens,0,11,133.38242,53.539593,0.04269969706632653,0.14294184470663265
r17byphk,Inlens,0,12,114.43136,60.11841,0.10999282525510204,0.12103894292091837
r17byphk,Inlens,0,13,99.27313,65.57292,0.14873146524234693,0.14348493303571427
r17byphk,Inlens,0,14,127.47441,70.82408,0.09414859693877552,0.24461395886479592
r17byphk,Inlens,1,0,82.11601,48.422466,0.18950294961734693,0.042779416454081634
r17byphk,Inlens,1,1,105.00875,57.663483,0.14499960140306123,0.10544383769132654
r17byphk,Inlens,1,2,125.198105,64.27255,0.05679508131377551,0.2027861926020408
r17byphk,Inlens,1,3,107.9876,62.03706,0.08464704241071429,0.1391551737882653
r17byphk,Inlens,1,4,109.875595,63.43625,0.1553531568877551,0.14685805963010204
r17byphk,Inlens,1,5,128.96841,54.64616,0.032884247448979595,0.16016621492346939
r17byphk,Inlens,1,6,117.81663,51.91396,0.07200653698979592,0.11363998724489796
r17byphk,Inlens,1,7,82.27468,58.33902,0.2580018335459184,0.07321229272959184
r17byphk,Inlens,1,8,74.498314,53.225483,0.2949069276147959,0.03475765306122449
r17byphk,Inlens,1,9,105.402504,56.87594,0.13073481345663265,0.09568817761479592
r17byphk,Inlens,1,10,127.55449,58.526337,0.0689273756377551,0.16799366230867346
r17byphk,Inlens,1,11,128.74182,40.513187,0.04739317602040816,0.05180265465561224
r17byphk,Inlens,1,12,144.90811,42.06876,0.011355030293367346,0.15117785395408162
r17byphk,Inlens,1,13,127.95465,42.59208,0.024548588966836735,0.08434311224489796
r17byphk,Inlens,1,14,130.69649,34.76748,0.011125837053571428,0.05773178411989796
r17byphk,Inlens,2,0,114.692665,40.437977,0.062086455676020405,0.044842155612244895
r17byphk,Inlens,2,1,115.11765,32.34116,0.03295400191326531,0.026681082589285716
r17byphk,Inlens,2,2,116.57175,32.896805,0.028928172831632654,0.0294612962372449
r17byphk,Inlens,2,3,117.43457,34.579792,0.03411989795918367,0.04224131058673469
r17byphk,Inlens,2,4,119.32917,43.561253,0.016481983418367346,0.09677933673469388
r17byphk,Inlens,2,5,118.16869,44.34809,0.036501514668367346,0.08260423309948979
r17byphk,Inlens,2,6,122.005806,51.40136,0.028669084821428572,0.12858737244897958
r17byphk,Inlens,2,7,111.81641,37.85159,0.010094467474489796,0.04900251116071429
r17byphk,Inlens,2,8,117.38032,39.30461,0.00845523756377551,0.08226044323979592
r17byphk,Inlens,2,9,110.77159,38.168373,0.008729272959183673,0.07074099170918367
r17byphk,Inlens,2,10,116.93943,39.61879,0.01160415338010204,0.08037209024234694
r17byphk,Inlens,2,11,111.8821,30.429695,0.013487523915816327,0.026402064732142856
r17byphk,Inlens,2,12,116.79299,34.79808,0.008624641262755101,0.04202208227040816
r17byphk,Inlens,2,13,119.06723,37.923702,0.008226044323979591,0.054209183673469385
r17byphk,Inlens,2,14,101.90053,44.446873,0.10805464764030612,0.03356186224489796
r17byphk,Inlens,3,0,96.98266,38.16404,0.044976682079081634,0.03917709661989796
r17byphk,Inlens,3,1,100.37841,39.120262,0.03113540338010204,0.04754763233418367
r17byphk,Inlens,3,2,110.50019,47.920853,0.03557975924744898,0.10378966039540816
r17byphk,Inlens,3,3,103.11735,38.428085,0.0206722337372449,0.045335419323979595
r17byphk,Inlens,3,4,116.43201,39.85963,0.03680544483418367,0.04800103635204082
r17byphk,Inlens,3,5,90.60354,35.36,0.07056660554846939,0.01865433673469388
r17byphk,Inlens,3,6,93.111725,35.265644,0.05257991868622449,0.02483757174744898
r17byphk,Inlens,3,7,111.41784,43.954033,0.044712611607142856,0.05662069515306122
r17byphk,Inlens,3,8,105.750694,39.772247,0.03790656887755102,0.053955078125
r17byphk,Inlens,3,9,98.33597,34.28011,0.03595344387755102,0.026397082270408163
r17byphk,Inlens,3,10,102.128975,43.804394,0.058030731823979595,0.06141880580357143
r17byphk,Inlens,3,11,102.49215,40.804356,0.05450314891581633,0.04367625956632653
r17byphk,Inlens,3,12,119.03639,39.55211,0.04048748405612245,0.05388532366071429
r17byphk,Inlens,3,13,106.962494,37.217552,0.023985570790816327,0.044378786670918366
r17byphk,Inlens,3,14,112.1588,45.99306,0.09192143654336735,0.04431899713010204
rxax5ozo,BSE,0,0,51.405926,18.817276,0.11101422991071429,0.04032804528061224
rxax5ozo,BSE,0,1,50.143696,20.373772,0.1551787707270408,0.04502650669642857
rxax5ozo,BSE,0,2,54.836185,21.439262,0.07419383769132654,0.07384506536989796
rxax5ozo,BSE,0,3,71.22979,34.929302,0.1205257493622449,0.35074039381377553
rxax5ozo,BSE,0,4,60.368626,25.793295,0.08588269292091837,0.14353974011479592
rxax5ozo,BSE,0,5,56.094887,18.15417,0.05446827168367347,0.06081592793367347
rxax5ozo,BSE,0,6,55.68133,19.26945,0.07437320631377552,0.0625797193877551
rxax5ozo,BSE,0,7,60.04889,19.855507,0.04791633450255102,0.0907455755739796
rxax5ozo,BSE,0,8,53.970737,20.664906,0.13639987244897958,0.07428850446428571
rxax5ozo,BSE,0,9,57.419434,28.444912,0.16523836096938777,0.14942402742346939
rxax5ozo,BSE,0,10,60.018604,26.927757,0.10675422512755102,0.16191007653061223
rxax5ozo,BSE,0,11,53.57245,14.73178,0.05002391581632653,0.028713926977040817
rxax5ozo,BSE,0,12,54.04587,17.325064,0.07659040178571429,0.04490194515306122
rxax5ozo,BSE,0,13,48.901215,16.380337,0.1321398676658163,0.020712093431122448
rxax5ozo,BSE,0,14,53.240547,19.417719,0.09774593431122448,0.05412946428571429
rxax5ozo,BSE,1,0,53.573597,25.100193,0.16618502869897958,0.08197644292091837
rxax5ozo,BSE,1,1,54.422997,17.615263,0.08728774713010204,0.03859414859693878
rxax5ozo,BSE,1,2,65.00415,32.04015,0.09640565210459184,0.2242805325255102
rxax5ozo,BSE,1,3,68.412735,32.68489,0.10224011479591837,0.2698351801658163
rxax5ozo,BSE,1,4,55.612793,19.36976,0.07275390625,0.0640445631377551
rxax5ozo,BSE,1,5,55.181896,21.401794,0.09453722895408163,0.07021285076530612
rxax5ozo,BSE,1,6,52.029476,18.22367,0.10975864955357142,0.035076530612244895
rxax5ozo,BSE,1,7,53.85033,17.549566,0.08855329241071429,0.04375099649234694
rxax5ozo,BSE,1,8,50.249744,15.568372,0.11644013073979592,0.020911391900510203
rxax5ozo,BSE,1,9,70.389084,30.471935,0.04405990911989796,0.271060865752551
rxax5ozo,BSE,1,10,53.68449,13.624006,0.041937380420918366,0.025579958545918366
rxax5ozo,BSE,1,11,49.757553,19.956142,0.17247289540816327,0.03746811224489796
rxax5ozo,BSE,1,12,53.827526,24.471367,0.1524035395408163,0.09335140306122448
rxax5ozo,BSE,1,13,49.15433,19.057642,0.14146703603316327,0.03201231664540816
rxax5ozo,BSE,1,14,50.923122,20.120558,0.14204500159438777,0.044797313456632654
rxax5ozo,BSE,2,0,50.47036,17.486185,0.11107900191326531,0.02927196269132653
rxax5ozo,BSE,2,1,59.77161,23.278173,0.06145368303571429,0.11504005899234694
rxax5ozo,BSE,2,2,52.962326,22.365484,0.1404705436862245,0.07043207908163265
rxax5ozo,BSE,2,3,60.478012,24.015867,0.07919124681122448,0.1256427375637755
rxax5ozo,BSE,2,4,57.86453,13.844789,0.0296207350127551,0.04474250637755102
rxax5ozo,BSE,2,5,58.002014,21.277975,0.06537986288265306,0.09435786033163265
rxax5ozo,BSE,2,6,53.688324,19.725708,0.14278240593112246,0.05831971460459184
rxax5ozo,BSE,2,7,53.576836,14.373603,0.05178272480867347,0.033322704081632654
rxax5ozo,BSE,2,8,61.438816,26.824577,0.09762137276785714,0.1771663743622449
rxax5ozo,BSE,2,9,51.644398,17.167757,0.11674904336734694,0.02977020886479592
rxax5ozo,BSE,2,10,49.96268,16.687567,0.1185776068239796,0.024523676658163265
rxax5ozo,BSE,2,11,49.031082,17.706362,0.13792948820153061,0.028081154336734693
rxax5ozo,BSE,2,12,50.94873,20.908154,0.13371930803571427,0.04720882493622449
rxax5ozo,BSE,2,13,55.373913,22.73653,0.08514528858418367,0.08331672512755102
rxax5ozo,BSE,2,14,56.231834,19.73844,0.06741768973214286,0.07733777104591837
rxax5ozo,BSE,3,0,55.304802,17.25574,0.07623166454081633,0.06346161511479592
rxax5ozo,BSE,3,1,58.638737,19.709003,0.06991888552295919,0.12983298788265307
rxax5ozo,BSE,3,2,53.966846,17.843878,0.08615672831632654,0.060133330676020405
rxax5ozo,BSE,3,3,61.154934,29.123495,0.11675402582908163,0.16899015465561223
rxax5ozo,BSE,3,4,55.077194,15.14904,0.05660076530612245,0.04057218590561224
rxax5ozo,BSE,3,5,71.20787,32.349293,0.06253985969387756,0.29738819355867346
rxax5ozo,BSE,3,6,61.688946,27.40426,0.08106963488520408,0.1612972337372449
rxax5ozo,BSE,3,7,61.30501,26.658,0.06459761639030612,0.15239357461734693
rxax5ozo,BSE,3,8,52.45932,18.603321,0.10950952646683673,0.052081672512755105
rxax5ozo,BSE,3,9,54.4515,19.32514,0.10982342155612244,0.08380002391581633
rxax5ozo,BSE,3,10,55.16628,18.584211,0.05772181919642857,0.05967992665816327
rxax5ozo,BSE,3,11,60.702145,28.055447,0.11265345982142858,0.16692243303571427
rxax5ozo,BSE,3,12,59.643078,20.686882,0.06555923150510204,0.11956911670918367
rxax5ozo,BSE,3,13,52.815533,19.39072,0.13049565529336735,0.05319276147959184
rxax5ozo,BSE,3,14,55.28009,20.88623,0.13117327008928573,0.07997847576530612
rxax5ozo,Inlens,0,0,93.618065,56.748146,0.11122349330357142,0.058095503826530615
rxax5ozo,Inlens,0,1,98.96843,61.77628,0.09922074298469388,0.08009805484693877
rxax5ozo,Inlens,0,2,93.98832,59.73891,0.08066107302295919,0.08616171077806123
rxax5ozo,Inlens,0,3,164.41689,62.689354,0.021389708227040817,0.24385662468112246
rxax5ozo,Inlens,0,4,138.93849,59.83726,0.041294642857142856,0.12132294323979592
rxax5ozo,Inlens,0,5,114.98546,56.86769,0.041982222576530615,0.08449258609693877
rxax5ozo,Inlens,0,6,118.186386,47.52224,0.03757274394132653,0.05635164221938776
rxax5ozo,Inlens,0,7,135.74738,44.69369,0.007717833227040816,0.08570830676020408
rxax5ozo,Inlens,0,8,125.41941,57.501102,0.045021524234693876,0.08320711096938775
rxax5ozo,Inlens,0,9,134.08733,64.09678,0.0784438775510204,0.12049087213010204
rxax5ozo,Inlens,0,10,124.158005,65.51154,0.07547931281887756,0.10816426179846939
rxax5ozo,Inlens,0,11,92.73643,44.856514,0.05052216198979592,0.02766262755102041
rxax5ozo,Inlens,0,12,100.4773,50.26697,0.1004165338010204,0.04058713329081633
rxax5ozo,Inlens,0,13,83.398315,51.387535,0.15040058992346939,0.04019351881377551
rxax5ozo,Inlens,0,14,103.44583,59.194614,0.09797014508928571,0.06883769132653061
rxax5ozo,Inlens,1,0,131.30269,60.86065,0.07124422034438775,0.12692821269132654
rxax5ozo,Inlens,1,1,117.90619,51.2734,0.04628208705357143,0.06744758450255102
rxax5ozo,Inlens,1,2,130.93137,70.81914,0.07159797512755102,0.199951171875
rxax5ozo,Inlens,1,3,166.59589,67.207275,0.042490433673469385,0.320980149872449
rxax5ozo,Inlens,1,4,110.79395,56.848694,0.06396982621173469,0.06407445790816327
rxax5ozo,Inlens,1,5,114.245094,62.261543,0.07477678571428571,0.09971400669642858
rxax5ozo,Inlens,1,6,103.3401,51.678223,0.06308793048469388,0.05179767219387755
rxax5ozo,Inlens,1,7,102.756256,53.126007,0.10657485650510204,0.04325275031887755
rxax5ozo,Inlens,1,8,92.8625,59.47226,0.11079998405612244,0.08458725286989796
rxax5ozo,Inlens,1,9,145.20087,71.36847,0.052076690051020405,0.22160993303571427
rxax5ozo,Inlens,1,10,86.47997,46.913414,0.12635522959183673,0.032550422512755105
rxax5ozo,Inlens,1,11,106.72687,62.034206,0.10290776466836735,0.08054149394132654
rxax5ozo,Inlens,1,12,114.535576,65.457275,0.11534897161989796,0.09219547193877552
rxax5ozo,Inlens,1,13,88.597115,60.975697,0.14066485969387754,0.07005341198979592
rxax5ozo,Inlens,1,14,103.7331,62.301975,0.0951401068239796,0.07973433514030612
rxax5ozo,Inlens,2,0,94.505165,55.250206,0.09664979272959184,0.05968490911989796
rxax5ozo,Inlens,2,1,129.4087,55.214535,0.029675542091836735,0.08273875956632654
rxax5ozo,Inlens,2,2,119.909256,62.228825,0.08853834502551021,0.10545878507653061
rxax5ozo,Inlens,2,3,143.26418,58.12639,0.027533083545918366,0.15973274075255103
rxax5ozo,Inlens,2,4,133.17519,48.323795,0.0036920041454081634,0.10746173469387756
rxax5ozo,Inlens,2,5,120.44856,52.480213,0.04385562818877551,0.0677913743622449
rxax5ozo,Inlens,2,6,127.262505,60.288372,0.06334701849489796,0.09990832270408163
rxax5ozo,Inlens,2,7,91.7044,56.911,0.09315210459183673,0.06277403539540816
rxax5ozo,Inlens,2,8,130.56897,64.78035,0.04535036670918367,0.13361965880102042
rxax5ozo,Inlens,2,9,121.84939,52.788788,0.028375119579081634,0.08082549426020408
rxax5ozo,Inlens,2,10,104.21933,60.168926,0.06687958386479592,0.10535913584183673
rxax5ozo,Inlens,2,11,85.68735,48.281017,0.11002272002551021,0.03180803571428571
rxax5ozo,Inlens,2,12,98.19248,55.72249,0.10918068399234694,0.054767219387755105
rxax5ozo,Inlens,2,13,106.13606,57.558483,0.05908701371173469,0.08808494100765306
rxax5ozo,Inlens,2,14,119.38114,62.10008,0.020223812181122448,0.12466617506377552
rxax5ozo,Inlens,3,0,105.70442,55.405804,0.09658003826530612,0.056760204081632654
rxax5ozo,Inlens,3,1,126.74687,74.045044,0.06551438934948979,0.19927355707908162
rxax5ozo,Inlens,3,2,106.77066,60.54367,0.054941605548469385,0.10082509566326531
rxax5ozo,Inlens,3,3,120.83759,58.40746,0.0659927056760204,0.10263372927295919
rxax5ozo,Inlens,3,4,114.10849,50.379066,0.033546914859693876,0.0736507493622449
rxax5ozo,Inlens,3,5,148.38704,64.10213,0.025824099170918366,0.15443140146683673
rxax5ozo,Inlens,3,6,134.85977,57.086334,0.021180444834183673,0.1303113042091837
rxax5ozo,Inlens,3,7,120.45305,59.86359,0.03721400669642857,0.11095942283163265
rxax5ozo,Inlens,3,8,91.97991,52.69283,0.15053013392857142,0.03566944355867347
rxax5ozo,Inlens,3,9,111.1333,66.16196,0.10008769132653061,0.11191605548469388
rxax5ozo,Inlens,3,10,102.97702,48.416214,0.06228575414540816,0.04482720822704082
rxax5ozo,Inlens,3,11,136.1118,58.36401,0.056521045918367346,0.10849808673469388
rxax5ozo,Inlens,3,12,135.52208,65.284615,0.028016382334183673,0.15300143494897958
rxax5ozo,Inlens,3,13,117.68822,55.445953,0.048329878826530615,0.08018773915816327
rxax5ozo,Inlens,3,14,129.10811,56.199245,0.06433354591836735,0.09342115752551021
rxax5ozo,SE,0,0,68.30717,27.63114,0.09906628667091837,0.05318279655612245
rxax5ozo,SE,0,1,67.45174,33.689465,0.14853714923469388,0.07802036830357142
rxax5ozo,SE,0,2,74.55427,25.400747,0.05063177614795918,0.08174724968112244
rxax5ozo,SE,0,3,84.8168,42.696526,0.14693777901785715,0.32035734215561223
rxax5ozo,SE,0,4,75.41609,30.060215,0.08282844387755102,0.11175661670918367
rxax5ozo,SE,0,5,72.730675,24.259754,0.05341697225765306,0.06288364955357142
rxax5ozo,SE,0,6,75.027245,24.23422,0.05931122448979592,0.053297393176020405
rxax5ozo,SE,0,7,79.509155,25.588125,0.059361049107142856,0.07621671715561225
rxax5ozo,SE,0,8,74.617905,38.519962,0.12110371492346939,0.1223941725127551
rxax5ozo,SE,0,9,69.01227,41.51147,0.20107222576530612,0.14099370216836735
rxax5ozo,SE,0,10,76.519905,32.977867,0.09314712213010204,0.13824836575255103
rxax5ozo,SE,0,11,74.59378,19.783342,0.03026347257653061,0.0347526705994898
rxax5ozo,SE,0,12,72.57896,26.688616,0.07470703125,0.05928631218112245
rxax5ozo,SE,0,13,65.04753,28.299168,0.13211495535714285,0.04046755420918367
rxax5ozo,SE,0,14,74.62382,30.77308,0.09437779017857142,0.08239995216836735
rxax5ozo,SE,1,0,71.43782,36.87444,0.15672831632653061,0.11213030133928571
rxax5ozo,SE,1,1,72.13542,26.594881,0.09331652582908163,0.04376096141581633
rxax5ozo,SE,1,2,83.33092,34.472855,0.08565848214285714,0.2215152662627551
rxax5ozo,SE,1,3,85.55495,38.210682,0.10052116549744898,0.26523138552295916
rxax5ozo,SE,1,4,72.141464,25.692722,0.06427375637755102,0.062425263073979595
rxax5ozo,SE,1,5,72.37429,29.234241,0.08987862723214286,0.07494618941326531
rxax5ozo,SE,1,6,69.49349,27.809303,0.10437260841836735,0.0463020169005102
rxax5ozo,SE,1,7,70.202515,25.994541,0.08932557397959184,0.042535275829081634
rxax5ozo,SE,1,8,67.22802,28.833347,0.12124322385204081,0.03968032525510204
rxax5ozo,SE,1,9,84.58554,31.463022,0.0464714205994898,0.2111766581632653
rxax5ozo,SE,1,10,71.33931,17.399084,0.026989995216836735,0.01954121492346939
rxax5ozo,SE,1,11,67.46152,34.009453,0.16179049744897958,0.05849908322704082
rxax5ozo,SE,1,12,70.07644,35.25741,0.14338528380102042,0.09606186224489796
rxax5ozo,SE,1,13,65.441444,30.806273,0.1394889987244898,0.04530552455357143
rxax5ozo,SE,1,14,69.429276,32.963474,0.13819355867346939,0.07189194036989796
rxax5ozo,SE,2,0,67.15262,27.154938,0.09603196747448979,0.04571906887755102
rxax5ozo,SE,2,1,78.283165,26.00111,0.057383011798469385,0.09814453125
rxax5ozo,SE,2,2,68.87492,33.440464,0.1329021843112245,0.08269889987244898
rxax5ozo,SE,2,3,77.0846,31.783005,0.08356584821428571,0.12484056122448979
rxax5ozo,SE,2,4,77.39264,22.141531,0.03993443080357143,0.04545001594387755
rxax5ozo,SE,2,5,75.57797,27.072191,0.06041234853316327,0.08629125478316327
rxax5ozo,SE,2,6,72.06474,34.80458,0.13396843112244897,0.07830436862244898
rxax5ozo,SE,2,7,70.20937,20.576937,0.03926678093112245,0.03149912308673469
rxax5ozo,SE,2,8,80.117195,34.40281,0.08922592474489796,0.17103794642857142
rxax5ozo,SE,2,9,70.221405,28.760948,0.09990832270408163,0.05186742665816327
rxax5ozo,SE,2,10,65.812416,29.189785,0.12204540019132654,0.04199716996173469
rxax5ozo,SE,2,11,63.750404,28.099272,0.14006198182397958,0.0294612962372449
rxax5ozo,SE,2,12,69.00245,30.506939,0.12350027901785714,0.056765186543367346
rxax5ozo,SE,2,13,73.316025,26.136436,0.06833446269132654,0.078369140625
rxax5ozo,SE,2,14,75.86044,26.743393,0.05723353794642857,0.08620655293367346
rxax5ozo,SE,3,0,71.58765,29.623426,0.09461196588010204,0.07259446747448979
rxax5ozo,SE,3,1,79.25643,36.187317,0.07541952327806123,0.13944415656887754
rxax5ozo,SE,3,2,70.12494,27.988562,0.07820970184948979,0.05601283482142857
rxax5ozo,SE,3,3,77.00452,35.299114,0.11353037308673469,0.15566206951530612
rxax5ozo,SE,3,4,72.93894,24.301872,0.05715381855867347,0.046949736926020405
rxax5ozo,SE,3,5,86.27818,34.609196,0.06564891581632654,0.28256038743622447
rxax5ozo,SE,3,6,77.80795,32.340427,0.08549904336734694,0.15549266581632654
rxax5ozo,SE,3,7,77.72629,28.160402,0.05231086575255102,0.14066984215561223
rxax5ozo,SE,3,8,67.5661,28.01801,0.11375458386479592,0.04796117665816327
rxax5ozo,SE,3,9,74.25605,36.18969,0.10642538265306123,0.11148756377551021
rxax5ozo,SE,3,10,75.37545,24.951824,0.04352678571428571,0.07416394292091837
rxax5ozo,SE,3,11,78.80367,33.14484,0.10394909917091837,0.14353974011479592
rxax5ozo,SE,3,12,79.34358,30.907393,0.0669692681760204,0.124755859375
rxax5ozo,SE,3,13,69.70991,32.637726,0.15102339764030612,0.06239038584183673
rxax5ozo,SE,3,14,73.26946,35.14432,0.14565230389030612,0.08006816007653061
0grcilhi,BSE,0,0,56.093555,18.684689,0.05488181600765306,0.07473194355867346
0grcilhi,BSE,0,1,52.854584,22.913454,0.1192153619260204,0.0807308274872449
0grcilhi,BSE,0,2,54.686737,18.248785,0.056032764668367346,0.055908203125
0grcilhi,BSE,0,3,54.19697,18.94565,0.06237045599489796,0.050706513073979595
0grcilhi,BSE,0,4,56.34525,28.62633,0.11395886479591837,0.11528918207908163
0grcilhi,BSE,0,5,71.604805,28.965824,0.03463807397959184,0.3031678491709184
0grcilhi,BSE,0,6,55.725266,27.582563,0.14954360650510204,0.14018654336734693
0grcilhi,BSE,0,7,57.33413,30.948545,0.17128208705357142,0.1823132573341837
0grcilhi,BSE,0,8,51.705425,23.407524,0.14887097417091838,0.07435825892857142
0grcilhi,BSE,0,9,54.32358,20.834696,0.09599709024234694,0.05998883928571429
0grcilhi,BSE,0,10,55.94199,18.867512,0.04640664859693878,0.05719866071428571
0grcilhi,BSE,0,11,56.53517,17.8684,0.04320790816326531,0.06045719068877551
0grcilhi,BSE,0,12,55.368927,14.095375,0.02662627551020408,0.02391083386479592
0grcilhi,BSE,0,13,56.772396,26.661287,0.10982342155612244,0.11261858258928571
0grcilhi,BSE,0,14,65.86114,30.894587,0.04220643335459184,0.21128627232142858
0grcilhi,BSE,1,0,56.638496,17.682379,0.03137954400510204,0.05213149713010204
0grcilhi,BSE,1,1,63.977196,24.735123,0.022854551977040817,0.1748993542729592
0grcilhi,BSE,1,2,72.782524,30.593277,0.033591757015306124,0.3236756616709184
0grcilhi,BSE,1,3,53.594803,24.587555,0.1267139668367347,0.09783063616071429
0grcilhi,BSE,1,4,54.573166,23.506733,0.10180165816326531,0.08742725605867346
0grcilhi,BSE,1,5,52.93975,19.438488,0.09608179209183673,0.04522580516581633
0grcilhi,BSE,1,6,56.823475,21.446985,0.056805046237244895,0.07870794802295919
0grcilhi,BSE,1,7,65.1995,35.31183,0.12403838488520408,0.2552913743622449
0grcilhi,BSE,1,8,55.17532,23.183636,0.08141840720663265,0.08092016103316327
0grcilhi,BSE,1,9,61.41175,27.343718,0.07019292091836735,0.15965800382653061
0grcilhi,BSE,1,10,54.771744,17.379719,0.05325255102040816,0.0372688137755102
0grcilhi,BSE,1,11,53.259098,23.647625,0.12260841836734694,0.06798569036989796
0grcilhi,BSE,1,12,47.270706,22.784828,0.16734095982142858,0.025634765625
0grcilhi,BSE,1,13,47.838623,21.686123,0.16013632015306123,0.03089126275510204
0grcilhi,BSE,1,14,55.013252,20.055607,0.07257453762755102,0.06847895408163265
0grcilhi,BSE,2,0,55.0277,17.589071,0.05515585140306122,0.04611268335459184
0grcilhi,BSE,2,1,67.5215,34.62637,0.09438775510204081,0.2782655054209184
0grcilhi,BSE,2,2,58.577805,21.01317,0.05244539221938776,0.09864775988520408
0grcilhi,BSE,2,3,56.391033,24.815786,0.09268873565051021,0.11530412946428571
0grcilhi,BSE,2,4,50.680862,19.181412,0.1153140943877551,0.0252262037627551
0grcilhi,BSE,2,5,54.90949,17.145706,0.04245555644132653,0.037233936543367346
0grcilhi,BSE,2,6,61.598293,20.892118,0.020786830357142856,0.11698321906887756
0grcilhi,BSE,2,7,54.72853,10.154142,0.002087651466836735,0.005206672512755102
0grcilhi,BSE,2,8,52.646244,12.763331,0.033213089923469385,0.007663026147959184
0grcilhi,BSE,2,9,52.284832,25.75672,0.14521384725765307,0.07879763233418367
0grcilhi,BSE,2,10,53.35215,26.079716,0.1724579480229592,0.10316685267857142
0grcilhi,BSE,2,11,50.83696,20.774649,0.12531887755102042,0.040158641581632654
0grcilhi,BSE,2,12,63.102104,25.362131,0.05921655771683673,0.1794383769132653
0grcilhi,BSE,2,13,60.32481,18.638424,0.02024872448979592,0.08900669642857142
0grcilhi,BSE,2,14,54.70899,21.219128,0.10369001116071429,0.0640395806760204
0grcilhi,BSE,3,0,55.94697,20.063065,0.06815011160714286,0.06985411352040816
0grcilhi,BSE,3,1,58.971115,27.163107,0.09383470184948979,0.1509636080994898
0grcilhi,BSE,3,2,56.29239,20.345955,0.048304966517857144,0.06940070950255102
0grcilhi,BSE,3,3,51.421402,33.328606,0.24549087213010204,0.14258808992346939
0grcilhi,BSE,3,4,44.144024,26.256252,0.25818618463010207,0.04781170280612245
0grcilhi,BSE,3,5,40.228626,26.094467,0.3088279257015306,0.03192263233418367
0grcilhi,BSE,3,6,43.514015,26.419838,0.25550562021683676,0.03917211415816327
0grcilhi,BSE,3,7,53.4173,16.69015,0.05937101403061224,0.02944136639030612
0grcilhi,BSE,3,8,44.041473,22.900856,0.24282027264030612,0.027159398915816327
0grcilhi,BSE,3,9,54.701534,21.025997,0.093994140625,0.06370575573979592
0grcilhi,BSE,3,10,56.59659,16.282858,0.032326211734693876,0.05228595344387755
0grcilhi,BSE,3,11,51.737072,20.577385,0.11669423628826531,0.051812619579081634
0grcilhi,BSE,3,12,55.033386,16.758005,0.05301837531887755,0.03315828284438776
0grcilhi,BSE,3,13,53.32201,19.29962,0.090576171875,0.040362922512755105
0grcilhi,BSE,3,14,51.960274,18.38904,0.0884536431760204,0.03850446428571429
0grcilhi,ETD,0,0,70.74178,31.644566,0.04788145727040816,0.0904067681760204
0grcilhi,ETD,0,1,62.5388,40.00039,0.12100406568877552,0.10302734375
0grcilhi,ETD,0,2,64.194466,32.998405,0.06123445471938776,0.07946528220663265
0grcilhi,ETD,0,3,65.290825,27.75389,0.06774653220663265,0.04922672193877551
0grcilhi,ETD,0,4,68.79124,33.09112,0.10263871173469388,0.12232940051020408
0grcilhi,ETD,0,5,82.84713,34.487072,0.030213647959183673,0.2603037308673469
0grcilhi,ETD,0,6,66.22774,44.36842,0.15921954719387754,0.15174087213010204
0grcilhi,ETD,0,7,64.005264,43.4347,0.1416015625,0.14888592155612246
0grcilhi,ETD,0,8,59.298336,37.06086,0.16182537468112246,0.08196149553571429
0grcilhi,ETD,0,9,64.99297,32.476055,0.08537946428571429,0.06873305963010204
0grcilhi,ETD,0,10,64.60808,25.993631,0.05797094228316327,0.034792530293367346
0grcilhi,ETD,0,11,68.39672,29.487034,0.04980966996173469,0.06982920121173469
0grcilhi,ETD,0,12,65.173996,20.49545,0.02099609375,0.023751395089285716
0grcilhi,ETD,0,13,65.727585,36.535427,0.10692861128826531,0.1256477200255102
0grcilhi,ETD,0,14,68.550446,34.39557,0.04535036670918367,0.1680285395408163
0grcilhi,ETD,1,0,65.93453,26.826174,0.0384147799744898,0.053546516262755105
0grcilhi,ETD,1,1,77.55761,29.310234,0.019242267219387755,0.16510881696428573
0grcilhi,ETD,1,2,84.382515,30.589392,0.024658203125,0.23769331951530612
0grcilhi,ETD,1,3,65.570175,42.58783,0.1358268893494898,0.1490752551020408
0grcilhi,ETD,1,4,64.28162,35.754562,0.11146265146683673,0.09836874202806123
0grcilhi,ETD,1,5,62.68359,31.84463,0.11057577327806123,0.05715381855867347
0grcilhi,ETD,1,6,68.79546,32.082104,0.04603296396683673,0.08925581951530612
0grcilhi,ETD,1,7,68.36501,36.289776,0.1109195631377551,0.15033581792091838
0grcilhi,ETD,1,8,64.47268,35.46496,0.07961475605867346,0.09876235650510204
0grcilhi,ETD,1,9,71.05856,37.204594,0.06751235650510204,0.16589604591836735
0grcilhi,ETD,1,10,68.22582,27.22091,0.046461455676020405,0.05075633769132653
0grcilhi,ETD,1,11,60.89111,34.42898,0.10437260841836735,0.08245475924744898
0grcilhi,ETD,1,12,57.23852,31.813068,0.14464584661989796,0.04553970025510204
0grcilhi,ETD,1,13,50.518982,32.51274,0.1831951530612245,0.034503547512755105
0grcilhi,ETD,1,14,65.40356,32.561535,0.06480189732142858,0.07490134725765306
0grcilhi,ETD,2,0,68.32233,31.032297,0.054896763392857144,0.07945033482142858
0grcilhi,ETD,2,1,78.82494,40.46565,0.08973911830357142,0.27224170918367346
0grcilhi,ETD,2,2,70.8704,28.92527,0.05071647799744898,0.08630121970663265
0grcilhi,ETD,2,3,67.35825,30.940744,0.08809988839285714,0.08752690529336735
0grcilhi,ETD,2,4,61.435543,32.78963,0.11031170280612244,0.05324258609693878
0grcilhi,ETD,2,5,69.13813,24.245556,0.03753288424744898,0.052455357142857144
0grcilhi,ETD,2,6,72.96188,26.260218,0.01701510682397959,0.10687380420918367
0grcilhi,ETD,2,7,68.18116,8.715037,0.0009915098852040817,0.0009616151147959184
0grcilhi,ETD,2,8,70.3358,22.424467,0.040761519451530615,0.031145368303571428
0grcilhi,ETD,2,9,62.37145,38.270058,0.11066545758928571,0.09568817761479592
0grcilhi,ETD,2,10,61.894306,40.48279,0.15669842155612246,0.11722237723214286
0grcilhi,ETD,2,11,58.182728,34.562473,0.12155213647959184,0.05886280293367347
0grcilhi,ETD,2,12,65.411545,34.36586,0.0577018893494898,0.10480608258928571
0grcilhi,ETD,2,13,73.06663,23.610483,0.012261838329081632,0.0648666693239796
0grcilhi,ETD,2,14,69.63401,37.22919,0.10873724489795919,0.11197086256377552
0grcilhi,ETD,3,0,72.32678,35.418854,0.049151985012755105,0.1276905293367347
0grcilhi,ETD,3,1,68.201096,38.51811,0.09055125956632654,0.13621552136479592
0grcilhi,ETD,3,2,69.417625,29.360493,0.022620376275510203,0.08455735809948979
0grcilhi,ETD,3,3,60.070953,46.340782,0.25588926977040816,0.17638412786989796
0grcilhi,ETD,3,4,51.183475,41.84959,0.25070750956632654,0.07398457429846939
0grcilhi,ETD,3,5,51.050583,44.16455,0.2947375239158163,0.086181640625
0grcilhi,ETD,3,6,52.015175,38.500107,0.25680106026785715,0.05681999362244898
0grcilhi,ETD,3,7,70.37834,29.4043,0.04980966996173469,0.06948541135204081
0grcilhi,ETD,3,8,51.340687,36.80644,0.23240194515306123,0.0428840481505102
0grcilhi,ETD,3,9,66.6011,31.558126,0.08647560586734694,0.06827467315051021
0grcilhi,ETD,3,10,70.77964,23.719242,0.024817641900510203,0.047487842793367346
0grcilhi,ETD,3,11,61.455685,33.39828,0.1459363042091837,0.05120475924744898
0grcilhi,ETD,3,12,67.02755,24.86192,0.061488560267857144,0.03859414859693878
0grcilhi,ETD,3,13,63.94333,30.367746,0.08212591677295919,0.046197385204081634
0grcilhi,ETD,3,14,62.205173,34.077244,0.10201092155612244,0.05813038105867347
0grcilhi,Inlens,0,0,111.42376,66.07851,0.06844407684948979,0.13470085299744897
0grcilhi,Inlens,0,1,118.113464,67.28817,0.09727260044642858,0.13456632653061223
0grcilhi,Inlens,0,2,113.23334,63.376236,0.049107142857142856,0.12160694355867346
0grcilhi,Inlens,0,3,91.308914,54.27489,0.09701849489795919,0.05981943558673469
0grcilhi,Inlens,0,4,99.09457,63.249557,0.12973832110969388,0.08115433673469388
0grcilhi,Inlens,0,5,139.20352,59.13493,0.023741430165816327,0.14505440848214285
0grcilhi,Inlens,0,6,132.29822,73.469505,0.1090511399872449,0.2052425462372449
0grcilhi,Inlens,0,7,132.36206,71.856224,0.13424744897959184,0.17392777423469388
0grcilhi,Inlens,0,8,102.55276,67.014694,0.15166115274234693,0.11483079559948979
0grcilhi,Inlens,0,9,110.64981,61.522064,0.07629643654336735,0.10796496332908163
0grcilhi,Inlens,0,10,89.12435,46.51807,0.09594228316326531,0.03510642538265306
0grcilhi,Inlens,0,11,109.66315,61.840496,0.05530532525510204,0.10752650669642858
0grcilhi,Inlens,0,12,89.37797,50.01834,0.0665756536989796,0.052211216517857144
0grcilhi,Inlens,0,13,117.05302,66.663445,0.09536930006377552,0.12295719068877552
0grcilhi,Inlens,0,14,111.670105,52.22977,0.06367586096938775,0.04521085778061224
0grcilhi,Inlens,1,0,92.56611,47.561462,0.05075135522959184,0.03821548150510204
0grcilhi,Inlens,1,1,111.05726,57.47702,0.028968032525510203,0.07830935108418367
0grcilhi,Inlens,1,2,126.50062,55.741245,0.03430923150510204,0.08516521843112244
0grcilhi,Inlens,1,3,134.72986,74.063156,0.06987902582908163,0.2267468510841837
0grcilhi,Inlens,1,4,108.882454,64.289406,0.07753706951530612,0.11683872767857142
0grcilhi,Inlens,1,5,99.10565,60.894444,0.09079041772959184,0.09607182716836735
0grcilhi,Inlens,1,6,104.21246,58.41366,0.07939552774234694,0.07349131058673469
0grcilhi,Inlens,1,7,111.4385,61.052658,0.1244369818239796,0.08156289859693877
0grcilhi,Inlens,1,8,106.8765,59.12237,0.06664540816326531,0.08971420599489796
0grcilhi,Inlens,1,9,127.25127,64.263824,0.05752750318877551,0.13644969706632654
0grcilhi,Inlens,1,10,103.13433,59.356697,0.04771703603316327,0.09200115593112244
0grcilhi,Inlens,1,11,113.01375,54.533875,0.09097975127551021,0.062136280293367346
0grcilhi,Inlens,1,12,82.03702,58.70643,0.247802734375,0.054298867984693876
0grcilhi,Inlens,1,13,101.08866,63.23048,0.15125259088010204,0.07921117665816327
0grcilhi,Inlens,1,14,99.342384,60.874214,0.09714803890306123,0.09215062978316327
0grcilhi,Inlens,2,0,123.89629,65.91042,0.0337761080994898,0.15400290975765307
0grcilhi,Inlens,2,1,142.67363,65.59111,0.06020806760204082,0.16011639030612246
0grcilhi,Inlens,2,2,116.75935,65.88006,0.06221101721938776,0.1295539700255102
0grcilhi,Inlens,2,3,105.58239,62.89067,0.08139349489795919,0.09769112723214286
0grcilhi,Inlens,2,4,102.88285,60.729626,0.09588747608418367,0.09383470184948979
0grcilhi,Inlens,2,5,89.13368,48.16935,0.05497648278061224,0.046551139987244895
0grcilhi,Inlens,2,6,113.15352,65.66249,0.06353136957908163,0.12184111926020408
0grcilhi,Inlens,2,7,62.809998,16.657787,0.13576709980867346,0.0018435108418367347
0grcilhi,Inlens,2,8,76.09135,39.79936,0.09125876913265306,0.02991470025510204
0grcilhi,Inlens,2,9,107.90229,58.352074,0.09755161830357142,0.07477678571428571
0grcilhi,Inlens,2,10,119.38612,62.446404,0.15574677136479592,0.08047173947704081
0grcilhi,Inlens,2,11,94.197586,52.891277,0.14467075892857142,0.039675342793367346
0grcilhi,Inlens,2,12,136.45833,63.00152,0.02844985650510204,0.16033063616071427
0grcilhi,Inlens,2,13,107.56094,54.42219,0.02288444674744898,0.07650071747448979
0grcilhi,Inlens,2,14,121.35585,66.08742,0.06847397161989796,0.14459602200255103
0grcilhi,Inlens,3,0,125.12496,66.41474,0.03338249362244898,0.158203125
0grcilhi,Inlens,3,1,122.791664,64.168976,0.07123923788265306,0.1286670918367347
0grcilhi,Inlens,3,2,100.82673,58.0084,0.07266422193877552,0.07657047193877552
0grcilhi,Inlens,3,3,106.764626,60.796547,0.20351363201530612,0.06386021205357142
0grcilhi,Inlens,3,4,87.01052,56.720634,0.24012476084183673,0.028325294961734693
0grcilhi,Inlens,3,5,102.15488,78.74567,0.26338289221938777,0.14504942602040816
0grcilhi,Inlens,3,6,93.36277,72.750946,0.26047313456632654,0.09697863520408163
0grcilhi,Inlens,3,7,91.86285,55.604015,0.10673429528061225,0.06593789859693877
0grcilhi,Inlens,3,8,89.68236,53.550488,0.2241260762117347,0.033033721301020405
0grcilhi,Inlens,3,9,111.154434,54.08803,0.07154815051020408,0.04456313775510204
0grcilhi,Inlens,3,10,95.90834,53.606583,0.05966497927295918,0.061578244579081634
0grcilhi,Inlens,3,11,98.24187,59.485924,0.10930524553571429,0.08493104272959184
0grcilhi,Inlens,3,12,93.22012,50.510136,0.05856385522959184,0.052211216517857144
0grcilhi,Inlens,3,13,111.09196,60.599255,0.06676996970663265,0.09629105548469388
0grcilhi,Inlens,3,14,109.47624,61.24197,0.04832489636479592,0.11258868781887756
71vgq3fw,BSE,0,0,69.104485,21.281397,0.08563356983418367,0.19429607780612246
71vgq3fw,BSE,0,1,61.43551,13.015178,0.09149294483418367,0.04066685267857143
71vgq3fw,BSE,0,2,66.34298,19.269732,0.10179667570153061,0.1487613600127551
71vgq3fw,BSE,0,3,61.01598,12.638222,0.08544423628826531,0.028106066645408163
71vgq3fw,BSE,0,4,71.40478,22.60343,0.09093989158163265,0.23805703922193877
71vgq3fw,BSE,0,5,62.353218,13.858697,0.08599728954081633,0.0555046237244898
71vgq3fw,BSE,0,6,63.944656,16.558893,0.08492107780612244,0.09220045440051021
71vgq3fw,BSE,0,7,61.803726,12.087988,0.0704819036989796,0.04160853794642857
71vgq3fw,BSE,0,8,71.16292,22.546885,0.07312260841836735,0.24484813456632654
71vgq3fw,BSE,0,9,61.70731,12.9784355,0.0872379225127551,0.043531768176020405
71vgq3fw,BSE,0,10,67.849304,20.374603,0.08276865433673469,0.18114237882653061
71vgq3fw,BSE,0,11,56.836914,16.664587,0.20039959343112246,0.035764110331632654
71vgq3fw,BSE,0,12,62.42847,18.447966,0.14940409757653061,0.09987344547193877
71vgq3fw,BSE,0,13,63.88879,17.802578,0.10103435905612244,0.10292271205357142
71vgq3fw,BSE,0,14,59.2,14.5295515,0.14787448182397958,0.03712930484693878
71vgq3fw,BSE,1,0,62.597385,14.300257,0.10293267697704081,0.06922134088010204
71vgq3fw,BSE,1,1,60.437267,12.036123,0.09867765465561225,0.028534558354591837
71vgq3fw,BSE,1,2,75.87999,24.788177,0.10560327646683673,0.37240911989795916
71vgq3fw,BSE,1,3,62.61771,18.983282,0.14489995216836735,0.10836356026785714
71vgq3fw,BSE,1,4,62.742435,15.490501,0.07817482461734694,0.06591298628826531
71vgq3fw,BSE,1,5,63.02578,14.487869,0.08634107940051021,0.06784119897959184
71vgq3fw,BSE,1,6,69.9168,23.548483,0.094970703125,0.22663225446428573
71vgq3fw,BSE,1,7,69.90759,20.91567,0.06668526785714286,0.20326949139030612
71vgq3fw,BSE,1,8,62.71983,15.910965,0.11088966836734694,0.07793068399234694
71vgq3fw,BSE,1,9,66.443016,18.04544,0.07381517059948979,0.1273616868622449
71vgq3fw,BSE,1,10,61.043583,15.2978,0.12611607142857142,0.05602279974489796
71vgq3fw,BSE,1,11,62.214165,14.637052,0.07537468112244898,0.05840939891581633
71vgq3fw,BSE,1,12,70.65336,23.041656,0.10006776147959184,0.23444973692602042
71vgq3fw,BSE,1,13,65.73061,15.820611,0.0651058274872449,0.10697843590561225
71vgq3fw,BSE,1,14,61.733208,9.635467,0.030084103954081634,0.021220304528061226
71vgq3fw,BSE,2,0,57.537987,14.208506,0.16239337531887754,0.020104233099489797
71vgq3fw,BSE,2,1,59.91921,12.995665,0.105712890625,0.027657645089285716
71vgq3fw,BSE,2,2,67.520645,19.252161,0.07913643973214286,0.1527423469387755
71vgq3fw,BSE,2,3,64.61083,16.905228,0.060382453762755105,0.09617645886479592
71vgq3fw,BSE,2,4,58.542286,13.424231,0.13675362723214285,0.018739038584183673
71vgq3fw,BSE,2,5,61.03753,10.45088,0.06414919483418367,0.02294921875
71vgq3fw,BSE,2,6,75.117035,24.947964,0.09232501594387756,0.32371053890306123
71vgq3fw,BSE,2,7,69.72021,24.384636,0.12956393494897958,0.23541633450255103
71vgq3fw,BSE,2,8,61.161137,12.62149,0.087890625,0.03692502391581633
71vgq3fw,BSE,2,9,61.85971,12.149983,0.08448760363520408,0.04150888871173469
71vgq3fw,BSE,2,10,67.475235,18.661573,0.08179209183673469,0.1600765306122449
71vgq3fw,BSE,2,11,61.03931,14.751793,0.12099410076530612,0.04901247608418367
71vgq3fw,BSE,2,12,62.601795,12.552831,0.05665557238520408,0.04338727678571429
71vgq3fw,BSE,2,13,63.704796,17.8513,0.09517996651785714,0.08953483737244898
71vgq3fw,BSE,2,14,60.249725,13.426073,0.12306182238520408,0.03160873724489796
71vgq3fw,BSE,3,0,61.358826,10.9278755,0.07067621970663265,0.026940170599489797
71vgq3fw,BSE,3,1,62.73319,13.334768,0.07815489477040816,0.05486686862244898
71vgq3fw,BSE,3,2,64.1011,16.442167,0.10595703125,0.10025709502551021
71vgq3fw,BSE,3,3,71.43989,22.015524,0.08234016262755102,0.23193359375
71vgq3fw,BSE,3,4,63.888325,16.048899,0.08947006536989796,0.08518514827806123
71vgq3fw,BSE,3,5,66.63702,17.284801,0.061578244579081634,0.12942442602040816
71vgq3fw,BSE,3,6,64.55224,18.870518,0.12118841677295919,0.12645487882653061
71vgq3fw,BSE,3,7,65.635796,18.830248,0.09258410395408163,0.12837810905612246
71vgq3fw,BSE,3,8,63.25261,21.790665,0.1691844706632653,0.13816864636479592
71vgq3fw,BSE,3,9,64.01305,14.422438,0.07829938616071429,0.08119419642857142
71vgq3fw,BSE,3,10,63.576534,16.251873,0.102294921875,0.09521484375
71vgq3fw,BSE,3,11,63.959972,12.922778,0.053830516581632654,0.05961515465561224
71vgq3fw,BSE,3,12,61.20233,10.616983,0.0568000637755102,0.018739038584183673
71vgq3fw,BSE,3,13,64.83754,16.984476,0.0970035475127551,0.10852798150510204
71vgq3fw,BSE,3,14,65.25845,13.473848,0.044398716517857144,0.08177216198979592
71vgq3fw,ETD,0,0,77.32373,28.54412,0.09164241868622448,0.18339943399234693
71vgq3fw,ETD,0,1,71.27387,21.966204,0.07845882493622448,0.06089564732142857
71vgq3fw,ETD,0,2,73.87452,28.972427,0.1357471699617347,0.14817841198979592
71vgq3fw,ETD,0,3,68.26463,18.862549,0.07587292729591837,0.034124880420918366
71vgq3fw,ETD,0,4,80.24244,29.684626,0.09064094387755102,0.24010981345663265
71vgq3fw,ETD,0,5,72.63525,24.718157,0.09006297831632654,0.08068100286989796
71vgq3fw,ETD,0,6,72.61285,23.162851,0.08779595822704081,0.0945621412627551
71vgq3fw,ETD,0,7,70.67032,21.074944,0.06838428730867346,0.05586336096938776
71vgq3fw,ETD,0,8,77.72615,26.50038,0.07826949139030612,0.19133151307397958
71vgq3fw,ETD,0,9,70.20408,22.825924,0.08958466198979592,0.0650211256377551
71vgq3fw,ETD,0,10,76.055,26.563868,0.09090999681122448,0.15832768654336735
71vgq3fw,ETD,0,11,64.44427,26.627949,0.18836196588010204,0.050616828762755105
71vgq3fw,ETD,0,12,69.70335,29.383976,0.15419722576530612,0.10843829719387756
71vgq3fw,ETD,0,13,72.080345,25.669132,0.10119878029336735,0.11122847576530612
71vgq3fw,ETD,0,14,66.80155,26.65015,0.15135722257653061,0.060302734375
71vgq3fw,ETD,1,0,72.740326,26.178988,0.10957429846938775,0.09059610172193877
71vgq3fw,ETD,1,1,66.72402,20.319557,0.11094945790816327,0.03695990114795918
71vgq3fw,ETD,1,2,83.269905,31.657393,0.12604133450255103,0.2813197544642857
71vgq3fw,ETD,1,3,68.295364,27.332907,0.17219387755102042,0.09468172034438775
71vgq3fw,ETD,1,4,71.38945,21.701899,0.07661033163265306,0.07115951849489796
71vgq3fw,ETD,1,5,72.49852,23.550774,0.07956493144132654,0.08232023278061225
71vgq3fw,ETD,1,6,78.229034,26.907764,0.08985371492346939,0.18486926020408162
71vgq3fw,ETD,1,7,77.17522,25.703331,0.07252471301020408,0.1688855229591837
71vgq3fw,ETD,1,8,69.35675,26.127325,0.12227957589285714,0.08117924904336735
71vgq3fw,ETD,1,9,74.21804,25.56663,0.08709343112244898,0.13453144929846939
71vgq3fw,ETD,1,10,69.07091,24.77107,0.12677375637755103,0.06926618303571429
71vgq3fw,ETD,1,11,71.262276,20.622362,0.0695053411989796,0.05792610012755102
71vgq3fw,ETD,1,12,76.54477,28.56481,0.10881696428571429,0.16604053730867346
71vgq3fw,ETD,1,13,73.05962,24.4328,0.07827945631377552,0.10127351721938775
71vgq3fw,ETD,1,14,69.71363,14.673096,0.024603396045918366,0.02545539700255102
71vgq3fw,ETD,2,0,65.40614,23.657125,0.17014608577806123,0.036277303890306124
71vgq3fw,ETD,2,1,68.46069,20.69632,0.09173708545918367,0.04423429528061224
71vgq3fw,ETD,2,2,73.56404,28.852528,0.08808992346938775,0.14963827327806123
71vgq3fw,ETD,2,3,74.35079,20.896854,0.05204181281887755,0.09950474330357142
71vgq3fw,ETD,2,4,66.08588,22.025251,0.14261798469387754,0.03492705676020408
71vgq3fw,ETD,2,5,69.62892,19.784792,0.07300801179846939,0.03994439572704082
71vgq3fw,ETD,2,6,80.90505,31.701168,0.10958924585459184,0.2791274713010204
71vgq3fw,ETD,2,7,75.77928,29.796476,0.13426239636479592,0.18750996492346939
71vgq3fw,ETD,2,8,69.20079,21.457201,0.09641561702806123,0.049615353954081634
71vgq3fw,ETD,2,9,69.03378,21.448774,0.09067083864795919,0.05694953762755102
71vgq3fw,ETD,2,10,75.12349,26.217869,0.10009765625,0.12546336894132654
71vgq3fw,ETD,2,11,68.483215,23.561005,0.12224968112244898,0.054587850765306124
71vgq3fw,ETD,2,12,71.18037,18.572113,0.04831991390306122,0.05278419961734694
71vgq3fw,ETD,2,13,71.83948,23.298119,0.08730269451530612,0.09298270089285714
71vgq3fw,ETD,2,14,69.09278,22.286444,0.11239935427295919,0.04707429846938776
71vgq3fw,ETD,3,0,64.85279,20.076902,0.10775569993622448,0.022969148596938774
71vgq3fw,ETD,3,1,72.40309,22.049427,0.07680963010204081,0.07099011479591837
71vgq3fw,ETD,3,2,69.70994,26.019505,0.12435227997448979,0.08373525191326531
71vgq3fw,ETD,3,3,81.246376,30.251719,0.09299764827806123,0.23573022959183673
71vgq3fw,ETD,3,4,71.65896,24.033827,0.09500558035714286,0.08841378348214286
71vgq3fw,ETD,3,5,75.546165,22.71649,0.05581851881377551,0.11276307397959184
71vgq3fw,ETD,3,6,72.1711,27.750479,0.12828842474489796,0.11093949298469388
71vgq3fw,ETD,3,7,72.873055,24.180254,0.09268873565051021,0.12338568239795919
71vgq3fw,ETD,3,8,71.47606,28.87576,0.16184530452806123,0.12362982302295919
71vgq3fw,ETD,3,9,72.24636,23.610943,0.08191665338010204,0.07545440051020408
71vgq3fw,ETD,3,10,71.21119,23.422766,0.10129842952806123,0.07175243144132654
71vgq3fw,ETD,3,11,71.40637,21.07613,0.07215601084183673,0.06533003826530612
71vgq3fw,ETD,3,12,70.35674,15.903414,0.04151885363520408,0.028509646045918366
71vgq3fw,ETD,3,13,72.55534,25.520727,0.10020727040816327,0.10013253348214286
71vgq3fw,ETD,3,14,73.45425,21.922245,0.05246033960459184,0.07879763233418367
71vgq3fw,Inlens,0,0,78.74683,45.507683,0.04405990911989796,0.17167570153061223
71vgq3fw,Inlens,0,1,70.240776,48.399975,0.04443359375,0.1625079719387755
71vgq3fw,Inlens,0,2,78.626724,41.046394,0.025525151466836735,0.14645946269132654
71vgq3fw,Inlens,0,3,53.545692,29.322985,0.08449258609693877,0.04429906728316327
71vgq3fw,Inlens,0,4,82.24268,41.41589,0.03905751753826531,0.1299625318877551
71vgq3fw,Inlens,0,5,67.94874,45.115208,0.06360610650510204,0.13630022321428573
71vgq3fw,Inlens,0,6,63.15511,37.849895,0.06586316167091837,0.08908641581632654
71vgq3fw,Inlens,0,7,64.07901,44.025105,0.06717354910714286,0.12454659598214286
71vgq3fw,Inlens,0,8,71.49278,37.526844,0.06350645727040816,0.08823939732142858
71vgq3fw,Inlens,0,9,61.45146,39.015472,0.08770627391581633,0.10000298947704081
71vgq3fw,Inlens,0,10,66.97869,35.54976,0.06253985969387756,0.07709363042091837
71vgq3fw,Inlens,0,11,51.86707,35.637623,0.2152423469387755,0.07012814891581633
71vgq3fw,Inlens,0,12,70.13525,41.871235,0.1039291693239796,0.12259347098214286
71vgq3fw,Inlens,0,13,61.255955,35.529217,0.10351064253826531,0.07591278698979592
71vgq3fw,Inlens,0,14,60.121937,37.20217,0.13308653539540816,0.08851841517857142
71vgq3fw,Inlens,1,0,71.13693,45.978474,0.058603714923469385,0.14864676339285715
71vgq3fw,Inlens,1,1,58.764473,36.084213,0.07179727359693877,0.08209602200255102
71vgq3fw,Inlens,1,2,81.46767,33.002098,0.0362922512755102,0.09945491868622448
71vgq3fw,Inlens,1,3,61.821625,37.276047,0.10799984056122448,0.07259446747448979
71vgq3fw,Inlens,1,4,58.26571,35.385944,0.08331174266581633,0.07557397959183673
71vgq3fw,Inlens,1,5,69.06254,43.923775,0.056695432079081634,0.1355578364158163
71vgq3fw,Inlens,1,6,67.13248,37.11515,0.07270408163265306,0.08231525031887756
71vgq3fw,Inlens,1,7,70.87326,41.12954,0.04718391262755102,0.11141282684948979
71vgq3fw,Inlens,1,8,70.73925,42.949886,0.07570850605867346,0.13984275350765307
71vgq3fw,Inlens,1,9,66.632935,38.731,0.061488560267857144,0.10764110331632654
71vgq3fw,Inlens,1,10,64.048706,41.051704,0.10975366709183673,0.11599170918367346
71vgq3fw,Inlens,1,11,52.24028,30.879848,0.10255400988520408,0.052679567920918366
71vgq3fw,Inlens,1,12,67.92892,35.56866,0.07565868144132654,0.08600725446428571
71vgq3fw,Inlens,1,13,72.588425,43.158367,0.06543965242346939,0.15091876594387754
71vgq3fw,Inlens,1,14,49.788902,28.813555,0.09551379145408163,0.04681521045918367
71vgq3fw,Inlens,2,0,52.48672,32.973263,0.14741609534438777,0.057936065051020405
71vgq3fw,Inlens,2,1,51.38026,26.543335,0.1182437818877551,0.037009725765306124
71vgq3fw,Inlens,2,2,78.584274,43.438957,0.06282884247448979,0.1606495137117347
71vgq3fw,Inlens,2,3,54.26759,30.243124,0.07962970344387756,0.047971141581632654
71vgq3fw,Inlens,2,4,56.827038,35.09531,0.11545858577806123,0.07479173309948979
71vgq3fw,Inlens,2,5,53.66312,31.319742,0.08530472735969388,0.0560676419005102
71vgq3fw,Inlens,2,6,86.10882,36.44027,0.03866888552295918,0.1285823899872449
71vgq3fw,Inlens,2,7,72.97439,37.53645,0.08759167729591837,0.0995296556122449
71vgq3fw,Inlens,2,8,58.12399,34.50243,0.09790537308673469,0.07437818877551021
71vgq3fw,Inlens,2,9,61.530857,36.277893,0.07151327327806123,0.08587272799744898
71vgq3fw,Inlens,2,10,77.64209,42.28725,0.03779197225765306,0.15460578762755103
71vgq3fw,Inlens,2,11,63.17168,37.6512,0.0934261399872449,0.09843849649234694
71vgq3fw,Inlens,2,12,56.38255,32.27068,0.09637077487244898,0.06564393335459184
71vgq3fw,Inlens,2,13,59.47767,34.139355,0.0913883131377551,0.06150849011479592
71vgq3fw,Inlens,2,14,60.43986,36.64554,0.0987075494260204,0.08941525829081633
71vgq3fw,Inlens,3,0,55.153923,25.136866,0.05393514827806122,0.02668606505102041
71vgq3fw,Inlens,3,1,66.60083,41.487225,0.06331712372448979,0.12203045280612244
71vgq3fw,Inlens,3,2,67.49973,37.691868,0.07470204878826531,0.10589724170918367
71vgq3fw,Inlens,3,3,72.404434,35.466324,0.05279416454081633,0.08986367984693877
71vgq3fw,Inlens,3,4,65.38284,39.338715,0.07509566326530612,0.11971360809948979
71vgq3fw,Inlens,3,5,68.789825,39.643837,0.04530552455357143,0.1189712213010204
71vgq3fw,Inlens,3,6,73.17974,44.13949,0.0686832350127551,0.1513073979591837
71vgq3fw,Inlens,3,7,62.138622,33.399784,0.0696597975127551,0.06969467474489796
71vgq3fw,Inlens,3,8,62.562897,33.850784,0.10326650191326531,0.07052176339285714
71vgq3fw,Inlens,3,9,72.63678,45.780243,0.06041733099489796,0.16276705994897958
71vgq3fw,Inlens,3,10,71.18575,43.754192,0.071044921875,0.1445262675382653
71vgq3fw,Inlens,3,11,63.265347,33.82892,0.05928132971938776,0.07390983737244898
71vgq3fw,Inlens,3,12,51.362984,28.104067,0.08205616230867346,0.04014867665816327
71vgq3fw,Inlens,3,13,73.07099,40.4908,0.07127411511479592,0.1409488600127551
71vgq3fw,Inlens,3,14,68.236404,38.71635,0.04672054368622449,0.1175063775510204
9luzk4jm,BSE,0,0,63.48976,25.87123,0.08122907366071429,0.2166424186862245
9luzk4jm,BSE,0,1,58.60719,16.210035,0.04790138711734694,0.07562380420918367
9luzk4jm,BSE,0,2,70.570595,32.64553,0.11645009566326531,0.3573421556122449
9luzk4jm,BSE,0,3,56.62991,25.69726,0.13107860331632654,0.12448182397959184
9luzk4jm,BSE,0,4,56.59738,18.830061,0.08260921556122448,0.07126913265306123
9luzk4jm,BSE,0,5,57.649445,14.767757,0.040696747448979595,0.05298349808673469
9luzk4jm,BSE,0,6,61.638264,19.43419,0.03646663743622449,0.12220483896683673
9luzk4jm,BSE,0,7,54.329544,17.882889,0.09646045918367346,0.04342713647959184
9luzk4jm,BSE,0,8,58.542385,21.89521,0.07762177136479592,0.10053113042091837
9luzk4jm,BSE,0,9,56.50239,19.54799,0.08395448022959184,0.07909658003826531
9luzk4jm,BSE,0,10,57.32882,21.68914,0.09870256696428571,0.11637037627551021
9luzk4jm,BSE,0,11,54.069984,16.143072,0.08719308035714286,0.03517617984693878
9luzk4jm,BSE,0,12,57.087223,12.97388,0.0271793287627551,0.0332878268494898
9luzk4jm,BSE,0,13,57.335224,16.090223,0.065673828125,0.05899234693877551
9luzk4jm,BSE,0,14,59.77822,17.12454,0.046929807079081634,0.09658502072704081
9luzk4jm,BSE,1,0,50.76577,16.941408,0.1343620455994898,0.028016382334183673
9luzk4jm,BSE,1,1,53.907223,18.952803,0.12895607461734693,0.056321747448979595
9luzk4jm,BSE,1,2,59.149952,15.404776,0.048549107142857144,0.06930604272959184
9luzk4jm,BSE,1,3,60.336216,20.641693,0.06582330197704081,0.12239915497448979
9luzk4jm,BSE,1,4,56.055187,14.633172,0.04794124681122449,0.03793148118622449
9luzk4jm,BSE,1,5,60.184273,24.967037,0.10613141741071429,0.15880102040816327
9luzk4jm,BSE,1,6,70.811165,29.44461,0.06379045758928571,0.33216079400510207
9luzk4jm,BSE,1,7,55.169853,16.862696,0.07815489477040816,0.05160335618622449
9luzk4jm,BSE,1,8,56.911766,22.963354,0.11960897640306123,0.10083506058673469
9luzk4jm,BSE,1,9,61.77769,25.521257,0.0970035475127551,0.1643913424744898
9luzk4jm,BSE,1,10,55.9923,20.295237,0.1110092474489796,0.08701869419642858
9luzk4jm,BSE,1,11,65.449486,23.663527,0.044677734375,0.1979930644132653
9luzk4jm,BSE,1,12,59.47928,23.287226,0.09378985969387756,0.12405333227040816
9luzk4jm,BSE,1,13,60.37708,26.518183,0.13987264827806123,0.21462950414540816
9luzk4jm,BSE,1,14,55.004707,26.425272,0.18998126594387754,0.14509426817602042
9luzk4jm,BSE,2,0,59.091587,18.235289,0.07640605070153061,0.09415357940051021
9luzk4jm,BSE,2,1,57.48447,15.218284,0.07815987723214286,0.04376096141581633
9luzk4jm,BSE,2,2,55.260567,16.184633,0.09984853316326531,0.033322704081632654
9luzk4jm,BSE,2,3,56.971294,20.085464,0.10074537627551021,0.09482621173469388
9luzk4jm,BSE,2,4,53.4408,20.566404,0.1504504145408163,0.06462751116071429
9luzk4jm,BSE,2,5,55.974087,16.714737,0.09514508928571429,0.04774693080357143
9luzk4jm,BSE,2,6,56.549675,17.98111,0.0873226243622449,0.06793088329081633
9luzk4jm,BSE,2,7,61.530727,23.459158,0.09290298150510204,0.1783023756377551
9luzk4jm,BSE,2,8,57.397053,15.1390085,0.06900709502551021,0.045664261798469385
9luzk4jm,BSE,2,9,54.712795,18.460894,0.1340381855867347,0.05062679368622449
9luzk4jm,BSE,2,10,51.13407,18.789618,0.16310586734693877,0.02546536192602041
9luzk4jm,BSE,2,11,57.89051,18.87035,0.08851841517857142,0.07730289381377552
9luzk4jm,BSE,2,12,52.182587,17.487614,0.1366240832270408,0.03247568558673469
9luzk4jm,BSE,2,13,56.541378,20.091764,0.09320691167091837,0.07947026466836735
9luzk4jm,BSE,2,14,63.726334,32.134098,0.17780911192602042,0.29105050223214285
9luzk4jm,BSE,3,0,60.87451,13.501528,0.03814572704081633,0.06429866868622448
9luzk4jm,BSE,3,1,58.809963,20.35142,0.10163225446428571,0.10036172672193877
9luzk4jm,BSE,3,2,57.837162,15.433628,0.06729811065051021,0.05373584980867347
9luzk4jm,BSE,3,3,55.874332,17.864485,0.11764588647959184,0.05066665338010204
9luzk4jm,BSE,3,4,59.04832,17.569487,0.0706363600127551,0.0768245774872449
9luzk4jm,BSE,3,5,54.977936,17.56761,0.10806959502551021,0.049724968112244895
9luzk4jm,BSE,3,6,64.02936,18.858662,0.04015365911989796,0.14528360172193877
9luzk4jm,BSE,3,7,56.559944,15.67075,0.0821059869260204,0.04128467793367347
9luzk4jm,BSE,3,8,58.98971,24.040499,0.11926518654336735,0.15904516103316327
9luzk4jm,BSE,3,9,58.36143,13.5678,0.03760263871173469,0.052076690051020405
9luzk4jm,BSE,3,10,57.87752,13.087079,0.037916533801020405,0.05033282844387755
9luzk4jm,BSE,3,11,57.987545,21.903015,0.11941964285714286,0.118408203125
9luzk4jm,BSE,3,12,48.57825,23.509472,0.2572544642857143,0.05834462691326531
9luzk4jm,BSE,3,13,53.331654,19.395199,0.12551319355867346,0.06441824776785714
9luzk4jm,BSE,3,14,50.45154,17.980803,0.1547801737882653,0.02577925701530612
9luzk4jm,ETD,0,0,83.39748,39.628803,0.09253427933673469,0.18764449139030612
9luzk4jm,ETD,0,1,80.08428,29.201149,0.04686005261479592,0.0756038743622449
9luzk4jm,ETD,0,2,91.39587,47.0979,0.10955935108418367,0.3501674107142857
9luzk4jm,ETD,0,3,74.08966,39.59363,0.14360949457908162,0.13715720663265307
9luzk4jm,ETD,0,4,76.402466,29.666744,0.07756696428571429,0.06301817602040816
9luzk4jm,ETD,0,5,79.17399,25.058817,0.04165338010204082,0.052853954081632654
9luzk4jm,ETD,0,6,82.441185,29.611069,0.03895786830357143,0.1167789381377551
9luzk4jm,ETD,0,7,73.35521,30.621595,0.09226024394132654,0.052654655612244895
9luzk4jm,ETD,0,8,78.7943,30.96712,0.07517040019132654,0.10689871651785714
9luzk4jm,ETD,0,9,77.61732,35.146263,0.0809749681122449,0.10398895886479592
9luzk4jm,ETD,0,10,70.77767,41.782906,0.12793965242346939,0.12302196269132654
9luzk4jm,ETD,0,11,71.156456,34.486862,0.10401885363520408,0.06652084661989796
9luzk4jm,ETD,0,12,77.26141,21.808949,0.02648178411989796,0.0390625
9luzk4jm,ETD,0,13,78.547714,29.24614,0.060711296237244895,0.05499641262755102
9luzk4jm,ETD,0,14,77.43917,26.260555,0.04203204719387755,0.06123943718112245
9luzk4jm,ETD,1,0,67.1782,36.120018,0.15825793207908162,0.049769810267857144
9luzk4jm,ETD,1,1,72.1675,40.250923,0.15375876913265307,0.09070073341836735
9luzk4jm,ETD,1,2,81.865135,33.339592,0.05531030771683673,0.08804508131377552
9luzk4jm,ETD,1,3,84.84534,35.005116,0.06735790019132654,0.1350994499362245
9luzk4jm,ETD,1,4,76.51172,23.598751,0.04855408960459184,0.03651646205357143
9luzk4jm,ETD,1,5,82.415794,39.901382,0.10429787149234694,0.1805096061862245
9luzk4jm,ETD,1,6,89.86953,40.264923,0.05666553730867347,0.3051807637117347
9luzk4jm,ETD,1,7,71.33241,34.86392,0.07970942283163265,0.0662418287627551
9luzk4jm,ETD,1,8,75.833954,38.25153,0.12961375956632654,0.11090461575255102
9luzk4jm,ETD,1,9,81.98481,37.303486,0.08740732621173469,0.16507892219387754
9luzk4jm,ETD,1,10,73.3599,37.15051,0.11747150031887756,0.08917111766581633
9luzk4jm,ETD,1,11,87.775856,31.394756,0.0411750637755102,0.1844208386479592
9luzk4jm,ETD,1,12,76.064835,33.39511,0.09239975286989796,0.11887157206632654
9luzk4jm,ETD,1,13,77.56917,42.89219,0.1276008450255102,0.16681780133928573
9luzk4jm,ETD,1,14,66.52004,41.85345,0.21131118463010204,0.10791513871173469
9luzk4jm,ETD,2,0,82.806755,33.500263,0.07138372927295919,0.10127849968112244
9luzk4jm,ETD,2,1,81.60651,31.335526,0.07540955835459184,0.06588807397959184
9luzk4jm,ETD,2,2,77.139854,31.919018,0.09182178730867346,0.048105668048469385
9luzk4jm,ETD,2,3,80.733765,40.559883,0.1060367506377551,0.1455925143494898
9luzk4jm,ETD,2,4,72.83249,38.779816,0.15002192283163265,0.07675482302295919
9luzk4jm,ETD,2,5,77.24526,32.496105,0.08531469228316327,0.06210140306122449
9luzk4jm,ETD,2,6,76.862724,36.05575,0.08077068718112244,0.09503049266581633
9luzk4jm,ETD,2,7,82.93429,39.332275,0.09420838647959184,0.1740124760841837
9luzk4jm,ETD,2,8,79.23186,33.048603,0.06801060267857142,0.06841916454081633
9luzk4jm,ETD,2,9,77.379715,36.14572,0.11255381058673469,0.07444296077806123
9luzk4jm,ETD,2,10,69.723434,34.727985,0.15793905452806123,0.048663703762755105
9luzk4jm,ETD,2,11,80.115555,38.379257,0.09430305325255102,0.11926518654336735
9luzk4jm,ETD,2,12,70.52902,36.415718,0.1292101801658163,0.06623186383928571
9luzk4jm,ETD,2,13,73.034935,32.217644,0.10327646683673469,0.059914102359693876
9luzk4jm,ETD,2,14,82.14617,44.251804,0.17006636639030612,0.2312908561862245
9luzk4jm,ETD,3,0,83.61533,25.672499,0.044179488201530615,0.044508330676020405
9luzk4jm,ETD,3,1,80.50045,36.867336,0.10405373086734694,0.1031917649872449
9luzk4jm,ETD,3,2,80.355354,30.343315,0.06952527104591837,0.06076112085459184
9luzk4jm,ETD,3,3,78.30005,34.33461,0.12306680484693877,0.05079619738520408
9luzk4jm,ETD,3,4,81.009224,29.740072,0.06488161670918367,0.07156309789540816
9luzk4jm,ETD,3,5,75.03702,35.60919,0.11962890625,0.06593291613520408
9luzk4jm,ETD,3,6,86.17976,28.404049,0.03537547831632653,0.11992785395408163
9luzk4jm,ETD,3,7,77.51456,31.131927,0.0899184869260204,0.05300841039540816
9luzk4jm,ETD,3,8,76.22733,42.267754,0.13530373086734693,0.14917988679846939
9luzk4jm,ETD,3,9,77.11324,28.33096,0.05483697385204082,0.05038763552295918
9luzk4jm,ETD,3,10,81.74184,29.509418,0.032062141262755105,0.07803531568877552
9luzk4jm,ETD,3,11,76.10259,34.65497,0.11123345822704081,0.09983856823979592
9luzk4jm,ETD,3,12,59.270817,41.254696,0.26193797831632654,0.05712890625
9luzk4jm,ETD,3,13,70.70197,40.007664,0.16484972895408162,0.08528977997448979
9luzk4jm,ETD,3,14,67.14326,35.290737,0.17645886479591838,0.04106544961734694
9luzk4jm,Inlens,0,0,139.95828,42.91526,0.05701929209183673,0.1295539700255102
9luzk4jm,Inlens,0,1,141.86131,42.852066,0.024842554209183673,0.1585419323979592
9luzk4jm,Inlens,0,2,143.97202,44.168995,0.06580835459183673,0.15184052136479592
9luzk4jm,Inlens,0,3,125.7971,49.323193,0.09077048788265306,0.12132294323979592
9luzk4jm,Inlens,0,4,132.06906,39.91484,0.056321747448979595,0.08900171396683673
9luzk4jm,Inlens,0,5,129.29448,32.99286,0.02228156887755102,0.06896723533163265
9luzk4jm,Inlens,0,6,131.68826,38.10391,0.03488221460459184,0.09739217952806123
9luzk4jm,Inlens,0,7,127.52699,42.576233,0.05848911830357143,0.10096958705357142
9luzk4jm,Inlens,0,8,131.76636,38.734375,0.047996053890306124,0.09775589923469388
9luzk4jm,Inlens,0,9,138.56223,46.493427,0.032660036670918366,0.16028579400510204
9luzk4jm,Inlens,0,10,139.34851,49.45365,0.08386479591836735,0.18318020567602042
9luzk4jm,Inlens,0,11,135.76782,45.32912,0.04828005420918367,0.14537328603316327
9luzk4jm,Inlens,0,12,125.70847,31.785242,0.022376235650510203,0.055589325573979595
9luzk4jm,Inlens,0,13,146.45934,40.44746,0.037876674107142856,0.13051558514030612
9luzk4jm,Inlens,0,14,150.29626,38.505142,0.016237842793367346,0.1498126594387755
9luzk4jm,Inlens,1,0,132.42746,46.39127,0.05735809948979592,0.14033103475765307
9luzk4jm,Inlens,1,1,148.54749,50.191658,0.07177734375,0.20878009406887754
9luzk4jm,Inlens,1,2,152.72353,38.960487,0.01914261798469388,0.17947325414540816
9luzk4jm,Inlens,1,3,142.19438,42.397682,0.03261021205357143,0.14504444355867346
9luzk4jm,Inlens,1,4,123.60526,34.797157,0.028325294961734693,0.07343152104591837
9luzk4jm,Inlens,1,5,138.50995,46.45957,0.07244499362244898,0.14504444355867346
9luzk4jm,Inlens,1,6,137.90268,36.561283,0.03870376275510204,0.0775619818239796
9luzk4jm,Inlens,1,7,117.628426,46.120155,0.16940369897959184,0.08864297672193877
9luzk4jm,Inlens,1,8,133.12033,40.909515,0.07748724489795919,0.08701371173469388
9luzk4jm,Inlens,1,9,138.97537,39.47035,0.061314174107142856,0.10595204878826531
9luzk4jm,Inlens,1,10,137.58392,45.34889,0.07066625478316327,0.13374920280612246
9luzk4jm,Inlens,1,11,139.26224,37.586597,0.027363679846938774,0.10875717474489796
9luzk4jm,Inlens,1,12,122.35007,37.121002,0.05784638073979592,0.06310786033163265
9luzk4jm,Inlens,1,13,136.45778,42.321255,0.06654575892857142,0.10592713647959184
9luzk4jm,Inlens,1,14,130.54465,47.31224,0.1224788743622449,0.08273377710459184
9luzk4jm,Inlens,2,0,138.62984,42.246296,0.06031768176020408,0.1263153698979592
9luzk4jm,Inlens,2,1,136.06306,40.7384,0.052903778698979595,0.12392378826530612
9luzk4jm,Inlens,2,2,134.57506,37.658886,0.06384526466836735,0.09232999840561225
9luzk4jm,Inlens,2,3,145.01756,44.417698,0.051100127551020405,0.17631935586734693
9luzk4jm,Inlens,2,4,133.74171,42.06495,0.09011280293367346,0.09791035554846939
9luzk4jm,Inlens,2,5,138.85025,42.275826,0.04526068239795918,0.1398028938137755
9luzk4jm,Inlens,2,6,141.40712,47.06612,0.06978934151785714,0.18010602678571427
9luzk4jm,Inlens,2,7,143.65411,42.85611,0.05310805963010204,0.15953842474489796
9luzk4jm,Inlens,2,8,145.42383,35.133816,0.023586973852040817,0.12180125956632654
9luzk4jm,Inlens,2,9,139.85258,46.01719,0.08297293526785714,0.15164620535714285
9luzk4jm,Inlens,2,10,126.447586,40.746162,0.11073521205357142,0.0778011399872449
9luzk4jm,Inlens,2,11,136.17635,39.30995,0.057691924426020405,0.11668427136479592
9luzk4jm,Inlens,2,12,89.701096,39.36385,0.35009765625,0.022132095025510203
9luzk4jm,Inlens,2,13,103.19594,33.946674,0.1578095105229592,0.028195750956632654
9luzk4jm,Inlens,2,14,123.240234,41.69874,0.14945392219387754,0.04769710618622449
9luzk4jm,Inlens,3,0,124.8068,29.075678,0.04361148756377551,0.04470762914540816
9luzk4jm,Inlens,3,1,122.59512,32.901566,0.07155313297193877,0.05433872767857143
9luzk4jm,Inlens,3,2,114.1753,29.037045,0.055519571109693876,0.02796157525510204
9luzk4jm,Inlens,3,3,112.57904,28.304111,0.08214086415816327,0.020791812818877552
9luzk4jm,Inlens,3,4,122.21273,34.653385,0.06986407844387756,0.06099031409438776
9luzk4jm,Inlens,3,5,119.06559,42.734715,0.12494519292091837,0.08267398756377552
9luzk4jm,Inlens,3,6,124.67569,31.991245,0.02228156887755102,0.06799067283163265
9luzk4jm,Inlens,3,7,114.83607,36.213326,0.09113420758928571,0.05424904336734694
9luzk4jm,Inlens,3,8,118.820145,44.901726,0.11481086575255102,0.09949976084183673
9luzk4jm,Inlens,3,9,120.05357,39.894173,0.05981943558673469,0.08782585299744898
9luzk4jm,Inlens,3,10,112.9856,30.209673,0.033058633609693876,0.04495176977040816
9luzk4jm,Inlens,3,11,106.82639,35.016865,0.13544323979591838,0.03306859853316327
9luzk4jm,Inlens,3,12,90.302185,42.457237,0.33774115114795916,0.022406130420918366
9luzk4jm,Inlens,3,13,100.077545,38.223015,0.23493801817602042,0.029610770089285716
9luzk4jm,Inlens,3,14,98.668465,31.609072,0.20061882174744897,0.014464086415816327
cfe5vt7s,BSE,0,0,68.55321,33.445446,0.12550821109693877,0.26205755739795916
cfe5vt7s,BSE,0,1,60.56349,24.03154,0.09761639030612244,0.09774095184948979
cfe5vt7s,BSE,0,2,61.01574,17.639313,0.05996392697704082,0.06566386320153061
cfe5vt7s,BSE,0,3,69.00809,30.666172,0.06944555165816327,0.21167988679846939
cfe5vt7s,BSE,0,4,58.138683,26.641117,0.09039680325255102,0.12442203443877552
cfe5vt7s,BSE,0,5,69.271706,31.052366,0.07428850446428571,0.2526357222576531
cfe5vt7s,BSE,0,6,54.886868,21.948767,0.09857800542091837,0.06405452806122448
cfe5vt7s,BSE,0,7,53.27025,18.38882,0.07544941804846939,0.04717893016581633
cfe5vt7s,BSE,0,8,58.274117,24.484344,0.10577268016581633,0.12749621332908162
cfe5vt7s,BSE,0,9,52.02469,17.872898,0.09924565529336735,0.03793646364795918
cfe5vt7s,BSE,0,10,49.5945,16.085972,0.09085518973214286,0.01687061543367347
cfe5vt7s,BSE,0,11,52.873535,19.001812,0.09111926020408163,0.042201450892857144
cfe5vt7s,BSE,0,12,57.28468,25.736866,0.10352060746173469,0.10914082429846939
cfe5vt7s,BSE,0,13,63.407047,24.106844,0.04274453922193878,0.1536591198979592
cfe5vt7s,BSE,0,14,54.503754,22.480738,0.09827905771683673,0.08133370535714286
cfe5vt7s,BSE,1,0,63.52355,18.981491,0.03110550860969388,0.08092514349489796
cfe5vt7s,BSE,1,1,63.81416,28.182932,0.08272879464285714,0.16432657047193877
cfe5vt7s,BSE,1,2,55.508247,18.875666,0.10091976243622448,0.032346141581632654
cfe5vt7s,BSE,1,3,58.367157,14.988992,0.041429169323979595,0.025669642857142856
cfe5vt7s,BSE,1,4,53.209312,20.129988,0.12332091039540816,0.03504165338010204
cfe5vt7s,BSE,1,5,56.060444,21.46122,0.12201550542091837,0.05054209183673469
cfe5vt7s,BSE,1,6,65.607475,29.118032,0.09995316485969388,0.18729073660714285
cfe5vt7s,BSE,1,7,56.015755,22.847248,0.120361328125,0.07105488679846939
cfe5vt7s,BSE,1,8,60.470047,20.53751,0.06708884725765306,0.09995316485969388
cfe5vt7s,BSE,1,9,54.741093,24.213608,0.15554747289540816,0.07394471460459184
cfe5vt7s,BSE,1,10,55.136276,31.852379,0.21756915656887754,0.14714205994897958
cfe5vt7s,BSE,1,11,54.386383,23.707443,0.1564891581632653,0.062156210140306124
cfe5vt7s,BSE,1,12,55.369774,23.583967,0.12659937021683673,0.05966497927295918
cfe5vt7s,BSE,1,13,61.46039,20.542286,0.06214126275510204,0.08037209024234694
cfe5vt7s,BSE,1,14,55.15189,19.223726,0.10171197385204081,0.041249800701530615
cfe5vt7s,BSE,2,0,48.669804,22.710094,0.19805285395408162,0.016546755420918366
cfe5vt7s,BSE,2,1,55.980377,23.16581,0.10888173628826531,0.06621193399234694
cfe5vt7s,BSE,2,2,53.549343,19.969458,0.12118343431122448,0.022660235969387755
cfe5vt7s,BSE,2,3,58.46881,18.042873,0.07547433035714286,0.041334502551020405
cfe5vt7s,BSE,2,4,58.24255,27.701077,0.15036571269132654,0.12215999681122448
cfe5vt7s,BSE,2,5,60.791344,22.963852,0.09128866390306123,0.08591757015306123
cfe5vt7s,BSE,2,6,57.079952,20.449797,0.09486108896683673,0.046506297831632654
cfe5vt7s,BSE,2,7,58.639652,22.941639,0.09076052295918367,0.08465202487244898
cfe5vt7s,BSE,2,8,63.886868,28.17741,0.10324657206632654,0.15295161033163265
cfe5vt7s,BSE,2,9,74.80951,32.965046,0.07367067920918367,0.3314184072066326
cfe5vt7s,BSE,2,10,67.658875,27.066254,0.04810068558673469,0.19097277582908162
cfe5vt7s,BSE,2,11,60.298893,28.866505,0.13353495695153061,0.13552295918367346
cfe5vt7s,BSE,2,12,59.093544,19.799513,0.08695392219387756,0.059814453125
cfe5vt7s,BSE,2,13,51.74609,19.96835,0.15407266422193877,0.027059749681122448
cfe5vt7s,BSE,2,14,52.32672,21.431929,0.15077427455357142,0.024518694196428572
cfe5vt7s,BSE,3,0,57.02264,12.342991,0.009252431441326531,0.0169254225127551
cfe5vt7s,BSE,3,1,56.8596,18.275679,0.06405452806122448,0.04691984215561224
cfe5vt7s,BSE,3,2,63.263596,24.896622,0.04967016103316327,0.1251544563137755
cfe5vt7s,BSE,3,3,67.79677,30.010054,0.0896743463010204,0.22639309630102042
cfe5vt7s,BSE,3,4,63.39945,25.7404,0.08199139030612244,0.13337053571428573
cfe5vt7s,BSE,3,5,56.12692,22.656897,0.1265246332908163,0.058718311543367346
cfe5vt7s,BSE,3,6,55.329163,27.661562,0.1686164700255102,0.08324198820153061
cfe5vt7s,BSE,3,7,52.54666,20.839851,0.16188516422193877,0.027259048150510203
cfe5vt7s,BSE,3,8,55.33098,20.525793,0.1202816087372449,0.0399543606505102
cfe5vt7s,BSE,3,9,56.79588,26.798103,0.14573202327806123,0.10394411670918367
cfe5vt7s,BSE,3,10,57.278088,15.795613,0.05506616709183673,0.020697146045918366
cfe5vt7s,BSE,3,11,60.13309,23.61513,0.06919144610969388,0.09667470503826531
cfe5vt7s,BSE,3,12,54.820374,20.405222,0.08670978156887756,0.04765724649234694
cfe5vt7s,BSE,3,13,54.75138,13.854837,0.04654117506377551,0.011614118303571428
cfe5vt7s,BSE,3,14,55.80706,27.117884,0.14592135682397958,0.09849330357142858
cfe5vt7s,ETD,0,0,92.56736,44.274944,0.12614596619897958,0.240966796875
cfe5vt7s,ETD,0,1,88.401245,37.536148,0.09616649394132654,0.10769591039540816
cfe5vt7s,ETD,0,2,85.18499,32.32042,0.08163265306122448,0.07534976881377552
cfe5vt7s,ETD,0,3,90.77692,33.672,0.06841916454081633,0.17759984853316327
cfe5vt7s,ETD,0,4,77.41358,31.582396,0.07250478316326531,0.09701351243622448
cfe5vt7s,ETD,0,5,89.074684,38.81846,0.08738739636479592,0.21406150350765307
cfe5vt7s,ETD,0,6,74.601524,34.55322,0.10900131536989796,0.07472696109693877
cfe5vt7s,ETD,0,7,73.19105,28.336683,0.062265824298469385,0.05368104272959184
cfe5vt7s,ETD,0,8,76.23347,39.47306,0.11488062021683673,0.10626096141581633
cfe5vt7s,ETD,0,9,70.527725,33.683014,0.10986328125,0.05926638233418367
cfe5vt7s,ETD,0,10,68.65453,24.503448,0.0640445631377551,0.0289730149872449
cfe5vt7s,ETD,0,11,73.43171,28.334162,0.0628188775510204,0.05424904336734694
cfe5vt7s,ETD,0,12,78.855934,37.974438,0.10287288743622448,0.11932995854591837
cfe5vt7s,ETD,0,13,84.54596,35.475224,0.04507633131377551,0.13930464764030612
cfe5vt7s,ETD,0,14,71.476654,31.531834,0.09372508769132654,0.06414421237244898
cfe5vt7s,ETD,1,0,92.03189,22.309969,0.025266063456632654,0.06754225127551021
cfe5vt7s,ETD,1,1,88.48294,34.806065,0.07394969706632654,0.13863699776785715
cfe5vt7s,ETD,1,2,80.08656,30.809942,0.11137296715561225,0.038818359375
cfe5vt7s,ETD,1,3,83.11839,24.225943,0.04688994738520408,0.031050701530612245
cfe5vt7s,ETD,1,4,73.56438,32.283348,0.12098911830357142,0.04169822225765306
cfe5vt7s,ETD,1,5,79.094345,40.54095,0.14501953125,0.08529974489795919
cfe5vt7s,ETD,1,6,87.52608,42.60473,0.11805943080357142,0.20441545758928573
cfe5vt7s,ETD,1,7,78.90186,39.363205,0.12821368781887754,0.10631576849489796
cfe5vt7s,ETD,1,8,81.06057,32.473488,0.06580337213010204,0.08072584502551021
cfe5vt7s,ETD,1,9,72.54309,39.234657,0.17790377869897958,0.08460718271683673
cfe5vt7s,ETD,1,10,73.181404,46.038975,0.22352319834183673,0.13041593590561223
cfe5vt7s,ETD,1,11,75.369545,39.540043,0.17876076211734693,0.07303292410714286
cfe5vt7s,ETD,1,12,80.84569,35.061367,0.11705795599489796,0.06851881377551021
cfe5vt7s,ETD,1,13,85.393074,31.241755,0.07030751753826531,0.0857680963010204
cfe5vt7s,ETD,1,14,72.7886,33.57006,0.12625059789540816,0.04845444036989796
cfe5vt7s,ETD,2,0,71.08685,37.44306,0.19684211575255103,0.034099968112244895
cfe5vt7s,ETD,2,1,78.97009,30.334713,0.10077028858418367,0.05910196109693878
cfe5vt7s,ETD,2,2,77.23849,34.090263,0.12336077008928571,0.04647640306122449
cfe5vt7s,ETD,2,3,83.47341,32.434895,0.08591757015306123,0.06858856823979592
cfe5vt7s,ETD,2,4,75.60553,41.97194,0.20192920918367346,0.10357043207908163
cfe5vt7s,ETD,2,5,82.99606,33.26268,0.11034658003826531,0.08352598852040816
cfe5vt7s,ETD,2,6,81.29075,29.828344,0.08927076690051021,0.04043267697704082
cfe5vt7s,ETD,2,7,81.66525,32.85282,0.10345583545918367,0.08959462691326531
cfe5vt7s,ETD,2,8,84.17868,36.755093,0.11193598533163265,0.14342514349489796
cfe5vt7s,ETD,2,9,94.87143,38.81619,0.08013293207908163,0.26525131536989793
cfe5vt7s,ETD,2,10,91.454094,30.469004,0.04676538584183673,0.15859175701530612
cfe5vt7s,ETD,2,11,82.47974,36.220364,0.12715740593112246,0.10336116868622448
cfe5vt7s,ETD,2,12,83.34565,32.323425,0.0887027662627551,0.06649095184948979
cfe5vt7s,ETD,2,13,72.891594,35.299534,0.14768016581632654,0.049351283482142856
cfe5vt7s,ETD,2,14,74.98072,32.082676,0.13475566007653061,0.025928730867346938
cfe5vt7s,ETD,3,0,82.608185,10.212941,0.0013103874362244898,0.009501554528061224
cfe5vt7s,ETD,3,1,80.455864,24.388258,0.06282884247448979,0.03191266741071429
cfe5vt7s,ETD,3,2,84.7208,29.509611,0.06181242028061224,0.10960419323979592
cfe5vt7s,ETD,3,3,90.303894,35.870728,0.09198122608418367,0.1803302375637755
cfe5vt7s,ETD,3,4,86.91452,30.809973,0.07419383769132654,0.11099928252551021
cfe5vt7s,ETD,3,5,78.74954,33.96454,0.13772520727040816,0.05577865911989796
cfe5vt7s,ETD,3,6,76.65655,38.48639,0.1666533801020408,0.08028240593112244
cfe5vt7s,ETD,3,7,77.790276,36.297386,0.1389957350127551,0.06141382334183673
cfe5vt7s,ETD,3,8,75.66018,39.42551,0.1687609614158163,0.07336176658163265
cfe5vt7s,ETD,3,9,77.73132,37.801003,0.15759028220663265,0.09584263392857142
cfe5vt7s,ETD,3,10,82.72932,25.99779,0.05985431281887755,0.035699338329081634
cfe5vt7s,ETD,3,11,84.628586,29.873886,0.0651108099489796,0.09276845503826531
cfe5vt7s,ETD,3,12,77.99279,27.791727,0.07512555803571429,0.05416932397959184
cfe5vt7s,ETD,3,13,78.732574,20.904152,0.041180046237244895,0.02145946269132653
cfe5vt7s,ETD,3,14,77.612236,35.532215,0.13180604272959184,0.08911631058673469
cfe5vt7s,Inlens,0,0,132.29056,58.72743,0.05762216996173469,0.18891003667091838
cfe5vt7s,Inlens,0,1,123.20171,53.38701,0.040915975765306124,0.13986766581632654
cfe5vt7s,Inlens,0,2,136.75125,56.10057,0.00470344387755102,0.21765385841836735
cfe5vt7s,Inlens,0,3,125.43818,47.322998,0.02855448820153061,0.1121402662627551
cfe5vt7s,Inlens,0,4,83.189476,54.585835,0.2911003268494898,0.06399473852040816
cfe5vt7s,Inlens,0,5,128.20815,61.024815,0.10585239955357142,0.173095703125
cfe5vt7s,Inlens,0,6,96.31078,63.3483,0.22530193718112246,0.11516960299744898
cfe5vt7s,Inlens,0,7,81.42696,66.70848,0.41035554846938777,0.11624581473214286
cfe5vt7s,Inlens,0,8,110.068596,78.721016,0.2843490911989796,0.2237224968112245
cfe5vt7s,Inlens,0,9,86.61888,66.48402,0.3582290338010204,0.12100406568877552
cfe5vt7s,Inlens,0,10,60.958263,54.59123,0.5777264030612245,0.06423887914540816
cfe5vt7s,Inlens,0,11,87.7103,72.868385,0.3945860570790816,0.16075912786989796
cfe5vt7s,Inlens,0,12,99.223656,68.34892,0.27845982142857145,0.13804408482142858
cfe5vt7s,Inlens,0,13,111.66789,73.0763,0.250667649872449,0.19359355070153061
cfe5vt7s,Inlens,0,14,77.36841,64.14738,0.43994140625,0.09973891900510204
cfe5vt7s,Inlens,1,0,126.89872,36.207375,0.008021763392857142,0.0668197943239796
cfe5vt7s,Inlens,1,1,114.60408,47.752434,0.035400390625,0.08511539381377552
cfe5vt7s,Inlens,1,2,97.73167,37.121773,0.015520368303571428,0.04252531090561224
cfe5vt7s,Inlens,1,3,106.21257,37.814133,0.011574258609693877,0.05551458864795918
cfe5vt7s,Inlens,1,4,98.083336,55.7952,0.1509685905612245,0.09720284598214286
cfe5vt7s,Inlens,1,5,123.00052,56.425457,0.07750717474489796,0.14518893494897958
cfe5vt7s,Inlens,1,6,132.21097,50.06009,0.03366151147959184,0.14794921875
cfe5vt7s,Inlens,1,7,110.07625,57.05201,0.14749581473214285,0.11234952965561225
cfe5vt7s,Inlens,1,8,123.3875,63.809597,0.11368482940051021,0.1909777582908163
cfe5vt7s,Inlens,1,9,109.23099,50.92818,0.060646524234693876,0.09772102200255102
cfe5vt7s,Inlens,1,10,103.80723,63.770706,0.22355807557397958,0.11145268654336735
cfe5vt7s,Inlens,1,11,109.89248,49.986164,0.05197205835459184,0.08981883769132654
cfe5vt7s,Inlens,1,12,101.151886,44.03776,0.07308274872448979,0.03906748246173469
cfe5vt7s,Inlens,1,13,128.19574,41.266434,0.019820232780612245,0.09941007653061225
cfe5vt7s,Inlens,1,14,111.68975,65.5284,0.18624940210459184,0.1531359614158163
cfe5vt7s,Inlens,2,0,96.32507,44.424263,0.10105927136479592,0.04047751913265306
cfe5vt7s,Inlens,2,1,97.234436,38.747334,0.1049057318239796,0.017548230229591837
cfe5vt7s,Inlens,2,2,106.91327,45.05139,0.0546875,0.07131397480867346
cfe5vt7s,Inlens,2,3,125.55459,39.984097,0.01482780612244898,0.09263392857142858
cfe5vt7s,Inlens,2,4,114.18992,40.26372,0.03228635204081633,0.053411989795918366
cfe5vt7s,Inlens,2,5,124.52985,30.535137,0.01558514030612245,0.037542849170918366
cfe5vt7s,Inlens,2,6,110.99617,36.641407,0.037921516262755105,0.02833525988520408
cfe5vt7s,Inlens,2,7,110.24078,38.623444,0.01544563137755102,0.05032286352040816
cfe5vt7s,Inlens,2,8,121.10401,39.82027,0.020064373405612245,0.07254464285714286
cfe5vt7s,Inlens,2,9,130.44452,41.441803,0.022799744897959183,0.09657505580357142
cfe5vt7s,Inlens,2,10,117.005424,35.595108,0.01378647161989796,0.04265983737244898
cfe5vt7s,Inlens,2,11,116.06146,44.7285,0.06265943877551021,0.06524533641581633
cfe5vt7s,Inlens,2,12,129.2536,38.41411,0.01579440369897959,0.08321707589285714
cfe5vt7s,Inlens,2,13,108.67152,42.147316,0.03476263552295918,0.06077108577806122
cfe5vt7s,Inlens,2,14,103.19548,38.830753,0.07168765943877552,0.028056242028061226
cfe5vt7s,Inlens,3,0,85.954956,17.582352,0.000732421875,0.005107023278061225
cfe5vt7s,Inlens,3,1,96.3044,28.008968,0.01016422193877551,0.013238400829081632
cfe5vt7s,Inlens,3,2,109.94834,35.290157,0.0037169164540816328,0.04070172991071429
cfe5vt7s,Inlens,3,3,121.170105,39.05391,0.01584422831632653,0.062375438456632654
cfe5vt7s,Inlens,3,4,119.04066,34.364784,0.01225685586734694,0.04491689253826531
cfe5vt7s,Inlens,3,5,112.418304,40.83933,0.04751773756377551,0.055763711734693876
cfe5vt7s,Inlens,3,6,102.9059,39.06027,0.06384526466836735,0.023816167091836735
cfe5vt7s,Inlens,3,7,107.666374,43.010807,0.03324298469387755,0.06556421396683673
cfe5vt7s,Inlens,3,8,113.695175,39.01469,0.0440300143494898,0.05197205835459184
cfe5vt7s,Inlens,3,9,107.75536,43.199627,0.04883310746173469,0.053611288265306124
cfe5vt7s,Inlens,3,10,113.725044,37.688736,0.018171037946428572,0.07003348214285714
cfe5vt7s,Inlens,3,11,111.99745,33.305206,0.020991111288265307,0.030821508290816327
cfe5vt7s,Inlens,3,12,98.81892,36.876587,0.037652463329081634,0.03553989955357143
cfe5vt7s,Inlens,3,13,102.06283,31.6233,0.007075095663265306,0.032351124043367346
cfe5vt7s,Inlens,3,14,103.786674,46.05765,0.05917669802295918,0.06375558035714286
hawkfj64,BSE,0,0,52.92012,15.652913,0.08710339604591837,0.037408322704081634
hawkfj64,BSE,0,1,51.89084,20.417095,0.1376155931122449,0.05540497448979592
hawkfj64,BSE,0,2,51.53368,19.929867,0.15635463169642858,0.07031748246173469
hawkfj64,BSE,0,3,51.855896,17.718807,0.1329968510841837,0.04916194993622449
hawkfj64,BSE,0,4,54.532322,16.083029,0.07091537786989796,0.056296835140306124
hawkfj64,BSE,0,5,54.846806,20.73487,0.10957928093112244,0.08487623565051021
hawkfj64,BSE,0,6,52.44647,22.140299,0.1731804049744898,0.08494599011479592
hawkfj64,BSE,0,7,62.710514,27.758375,0.11274812659438775,0.21071328922193877
hawkfj64,BSE,0,8,55.934574,19.460173,0.1055434869260204,0.10178172831632654
hawkfj64,BSE,0,9,58.359695,20.340443,0.0952945631377551,0.13123305963010204
hawkfj64,BSE,0,10,53.9694,21.421385,0.12090939891581633,0.08047672193877552
hawkfj64,BSE,0,11,59.095394,20.08612,0.07127411511479592,0.13002730389030612
hawkfj64,BSE,0,12,61.52814,20.371437,0.04880819515306122,0.17011120854591838
hawkfj64,BSE,0,13,54.502556,21.038906,0.11908581792091837,0.0865902024872449
hawkfj64,BSE,0,14,53.751106,14.587947,0.05996392697704082,0.035654496173469385
hawkfj64,BSE,1,0,58.21764,22.729254,0.09529954559948979,0.12391880580357142
hawkfj64,BSE,1,1,54.9815,16.964401,0.07650071747448979,0.05918666294642857
hawkfj64,BSE,1,2,57.208477,17.00176,0.06976941167091837,0.0875717474489796
hawkfj64,BSE,1,3,57.230415,13.367153,0.022675183354591837,0.05923150510204082
hawkfj64,BSE,1,4,71.385315,33.00059,0.08318718112244898,0.33005321269132654
hawkfj64,BSE,1,5,58.82879,24.426783,0.07770647321428571,0.11890146683673469
hawkfj64,BSE,1,6,54.02624,20.817991,0.12848274075255103,0.07782605229591837
hawkfj64,BSE,1,7,53.056946,18.709732,0.11037149234693877,0.05364616549744898
hawkfj64,BSE,1,8,51.297035,23.777845,0.19606983418367346,0.08575813137755102
hawkfj64,BSE,1,9,54.749397,14.433261,0.05548967633928571,0.03663604113520408
hawkfj64,BSE,1,10,52.04064,20.05993,0.13898577008928573,0.06735790019132654
hawkfj64,BSE,1,11,54.22383,21.12219,0.13985271843112246,0.09205098054846939
hawkfj64,BSE,1,12,63.546104,32.668514,0.14309131855867346,0.23815170599489796
hawkfj64,BSE,1,13,52.52591,16.183687,0.10284797512755102,0.03614775988520408
hawkfj64,BSE,1,14,54.710987,23.136784,0.14702248086734693,0.10757134885204081
hawkfj64,BSE,2,0,58.37531,18.496004,0.028350207270408163,0.08278858418367346
hawkfj64,BSE,2,1,53.84367,17.0374,0.08782087053571429,0.050013950892857144
hawkfj64,BSE,2,2,56.1821,21.894815,0.09621133609693877,0.09151785714285714
hawkfj64,BSE,2,3,54.63181,16.57814,0.0721859056122449,0.053566446109693876
hawkfj64,BSE,2,4,54.723003,16.619,0.0746322943239796,0.059425821109693876
hawkfj64,BSE,2,5,54.833466,22.50236,0.10695352359693877,0.08392458545918367
hawkfj64,BSE,2,6,53.50545,22.700754,0.1363899075255102,0.07553910235969388
hawkfj64,BSE,2,7,53.285004,22.237759,0.15436164700255103,0.08409398915816327
hawkfj64,BSE,2,8,70.45443,31.348993,0.09003806600765306,0.30808553890306123
hawkfj64,BSE,2,9,55.47384,14.120734,0.04574398118622449,0.04732342155612245
hawkfj64,BSE,2,10,57.3952,20.696234,0.07809012276785714,0.09532944036989796
hawkfj64,BSE,2,11,57.245106,24.61032,0.11879683514030612,0.12413803411989796
hawkfj64,BSE,2,12,60.883545,23.587261,0.07067621970663265,0.1450793207908163
hawkfj64,BSE,2,13,51.895504,20.28926,0.1324089205994898,0.05442342952806122
hawkfj64,BSE,2,14,49.110397,18.381346,0.14952367665816327,0.020467952806122448
hawkfj64,BSE,3,0,55.374653,24.334354,0.13691804846938777,0.1084781568877551
hawkfj64,BSE,3,1,55.128933,22.367085,0.12469606983418367,0.08648058832908163
hawkfj64,BSE,3,2,53.914703,16.954643,0.10179169323979592,0.05255500637755102
hawkfj64,BSE,3,3,55.8404,21.67917,0.11643514827806123,0.09421336894132654
hawkfj64,BSE,3,4,54.062447,18.564922,0.10000797193877552,0.06006357621173469
hawkfj64,BSE,3,5,67.77808,33.997272,0.12761080994897958,0.2882553411989796
hawkfj64,BSE,3,6,55.11479,13.571507,0.04689492984693878,0.035280811543367346
hawkfj64,BSE,3,7,64.618774,27.070255,0.05895248724489796,0.19554667570153061
hawkfj64,BSE,3,8,58.18589,18.057285,0.04922672193877551,0.08688915019132654
hawkfj64,BSE,3,9,53.453724,16.861208,0.10972875478316327,0.05154356664540816
hawkfj64,BSE,3,10,53.355553,16.422565,0.08625139508928571,0.03903758769132653
hawkfj64,BSE,3,11,60.02578,21.337507,0.04428411989795918,0.117919921875
hawkfj64,BSE,3,12,55.83957,20.92124,0.10402383609693877,0.0917171556122449
hawkfj64,BSE,3,13,54.528828,15.374889,0.06939074457908163,0.04132453762755102
hawkfj64,BSE,3,14,54.37065,20.40704,0.11624581473214286,0.07328702965561225
hawkfj64,ETD,0,0,70.76947,25.903925,0.06960000797193877,0.04929149394132653
hawkfj64,ETD,0,1,67.65093,29.936195,0.1255480707908163,0.060402383609693876
hawkfj64,ETD,0,2,67.89898,41.802814,0.18821249202806123,0.11272321428571429
hawkfj64,ETD,0,3,63.99688,30.261435,0.14285216039540816,0.05014349489795918
hawkfj64,ETD,0,4,66.95235,22.713945,0.06528021364795919,0.02247588488520408
hawkfj64,ETD,0,5,70.814865,35.037823,0.10829380580357142,0.09476642219387756
hawkfj64,ETD,0,6,62.381367,37.53391,0.18659319196428573,0.09428312340561225
hawkfj64,ETD,0,7,81.13788,41.8904,0.11218012595663265,0.23749402104591838
hawkfj64,ETD,0,8,74.291824,37.92378,0.10835359534438775,0.13414281728316327
hawkfj64,ETD,0,9,71.95086,36.705082,0.11223493303571429,0.1366290656887755
hawkfj64,ETD,0,10,65.56058,31.621576,0.12026666135204081,0.07568359375
hawkfj64,ETD,0,11,75.8245,35.111485,0.08220563616071429,0.13697285554846939
hawkfj64,ETD,0,12,74.26285,29.275114,0.05203184789540816,0.1058822943239796
hawkfj64,ETD,0,13,69.99536,30.97467,0.1017319036989796,0.08338149713010204
hawkfj64,ETD,0,14,66.933075,20.86567,0.053431919642857144,0.025898836096938774
hawkfj64,ETD,1,0,72.79464,34.43029,0.12061045121173469,0.13166653380102042
hawkfj64,ETD,1,1,70.70215,27.914886,0.07645587531887756,0.05588827327806122
hawkfj64,ETD,1,2,71.52251,30.12664,0.07184709821428571,0.08152303890306123
hawkfj64,ETD,1,3,72.624344,16.694574,0.017672791772959183,0.022969148596938774
hawkfj64,ETD,1,4,84.79993,36.251293,0.08139847735969388,0.30588827327806123
hawkfj64,ETD,1,5,76.762405,30.142454,0.06339186065051021,0.1278499681122449
hawkfj64,ETD,1,6,66.60173,30.798952,0.12376933195153061,0.06954520089285714
hawkfj64,ETD,1,7,69.89093,32.035183,0.11417311065051021,0.08311244419642858
hawkfj64,ETD,1,8,62.97375,37.77007,0.2018245774872449,0.08427834024234694
hawkfj64,ETD,1,9,67.41983,19.674452,0.043935347576530615,0.01990493463010204
hawkfj64,ETD,1,10,64.07411,34.413963,0.15831772161989796,0.07809510522959184
hawkfj64,ETD,1,11,66.55038,35.54748,0.14345005580357142,0.08770129145408163
hawkfj64,ETD,1,12,73.97612,38.738865,0.15188038105867346,0.2050831074617347
hawkfj64,ETD,1,13,65.032974,26.239883,0.09878228635204081,0.04096580038265306
hawkfj64,ETD,1,14,64.669975,35.33685,0.18309052136479592,0.09007792570153061
hawkfj64,ETD,2,0,77.30221,19.637072,0.013671875,0.07118443080357142
hawkfj64,ETD,2,1,73.04937,28.670164,0.07415896045918367,0.07607720822704081
hawkfj64,ETD,2,2,72.477356,30.810661,0.08899673150510204,0.10044144610969388
hawkfj64,ETD,2,3,73.18543,27.019772,0.05810048628826531,0.07029257015306123
hawkfj64,ETD,2,4,71.25776,27.8895,0.07995356345663265,0.06372568558673469
hawkfj64,ETD,2,5,71.21051,28.447449,0.09312719228316327,0.0812191087372449
hawkfj64,ETD,2,6,69.79348,33.792015,0.12311164700255102,0.09274354272959184
hawkfj64,ETD,2,7,69.07032,40.82296,0.1935088488520408,0.11961894132653061
hawkfj64,ETD,2,8,80.56944,39.607075,0.10281808035714286,0.2616689253826531
hawkfj64,ETD,2,9,70.28388,20.843433,0.04916194993622449,0.0276676100127551
hawkfj64,ETD,2,10,72.0858,27.80807,0.07523517219387756,0.08453244579081633
hawkfj64,ETD,2,11,69.536705,32.636173,0.12327108577806123,0.1097835618622449
hawkfj64,ETD,2,12,75.83741,30.612314,0.06342673788265306,0.12973832110969388
hawkfj64,ETD,2,13,65.05603,28.776167,0.12096420599489796,0.051767777423469385
hawkfj64,ETD,2,14,66.97407,30.455547,0.1331164301658163,0.04253029336734694
hawkfj64,ETD,3,0,72.44318,35.10393,0.13391860650510204,0.12494021045918367
hawkfj64,ETD,3,1,71.24596,34.40003,0.12093431122448979,0.10209562340561225
hawkfj64,ETD,3,2,68.787895,29.30089,0.10093969228316327,0.05804567920918367
hawkfj64,ETD,3,3,70.07727,32.742954,0.11493542729591837,0.10264867665816327
hawkfj64,ETD,3,4,72.36059,29.428898,0.08972915338010204,0.06642617984693877
hawkfj64,ETD,3,5,80.87278,42.12894,0.12895607461734693,0.29032804528061223
hawkfj64,ETD,3,6,69.703964,19.526354,0.049595424107142856,0.0236019212372449
hawkfj64,ETD,3,7,83.368484,29.182331,0.04645149075255102,0.19105249521683673
hawkfj64,ETD,3,8,72.971344,24.488419,0.0464714205994898,0.06561403858418367
hawkfj64,ETD,3,9,66.76355,30.215067,0.12368463010204081,0.061732700892857144
hawkfj64,ETD,3,10,68.257256,24.992172,0.08421855070153061,0.03196249202806122
hawkfj64,ETD,3,11,77.12323,25.861795,0.041713169642857144,0.10263871173469388
hawkfj64,ETD,3,12,74.225,33.54212,0.09291294642857142,0.10581253985969388
hawkfj64,ETD,3,13,68.13649,20.518932,0.05872329400510204,0.018908442283163265
hawkfj64,ETD,3,14,71.01745,31.185944,0.1053043287627551,0.07905672034438775
hawkfj64,Inlens,0,0,96.525055,57.71349,0.08857322225765306,0.06829460299744898
hawkfj64,Inlens,0,1,95.05419,60.793247,0.11323640784438775,0.08953483737244898
hawkfj64,Inlens,0,2,124.92065,74.758385,0.07276387117346939,0.19079838966836735
hawkfj64,Inlens,0,3,98.11208,60.558205,0.1336346061862245,0.07800542091836735
hawkfj64,Inlens,0,4,90.68453,50.53432,0.09886200573979592,0.032859335140306124
hawkfj64,Inlens,0,5,113.188255,68.39909,0.07257453762755102,0.12791474011479592
hawkfj64,Inlens,0,6,135.64647,75.393936,0.06739277742346939,0.21473911830357142
hawkfj64,Inlens,0,7,155.94452,72.686386,0.03926678093112245,0.26664640465561223
hawkfj64,Inlens,0,8,137.47865,75.7069,0.05264469068877551,0.21911371970663265
hawkfj64,Inlens,0,9,139.27032,64.49879,0.03721400669642857,0.1471221301020408
hawkfj64,Inlens,0,10,103.93362,63.93082,0.11108896683673469,0.08745216836734694
hawkfj64,Inlens,0,11,126.929565,70.466675,0.057118941326530615,0.1637585698341837
hawkfj64,Inlens,0,12,121.09359,70.6133,0.07665019132653061,0.15970284598214285
hawkfj64,Inlens,0,13,106.198204,65.041985,0.11622588488520408,0.09986348054846939
hawkfj64,Inlens,0,14,78.16117,42.692368,0.1439483019770408,0.026576450892857144
hawkfj64,Inlens,1,0,117.207886,61.02096,0.035390425701530615,0.09509526466836735
hawkfj64,Inlens,1,1,109.649475,63.830086,0.05961017219387755,0.10068558673469388
hawkfj64,Inlens,1,2,129.40718,66.358376,0.03207708864795918,0.1392199457908163
hawkfj64,Inlens,1,3,91.42822,51.4065,0.06769172512755102,0.047238719706632654
hawkfj64,Inlens,1,4,128.236,56.295742,0.02897799744897959,0.08216577646683673
hawkfj64,Inlens,1,5,97.903755,53.120472,0.0690170599489796,0.04700454400510204
hawkfj64,Inlens,1,6,105.57091,60.957,0.10620615433673469,0.06915158641581633
hawkfj64,Inlens,1,7,99.90228,57.27162,0.07846878985969388,0.06908681441326531
hawkfj64,Inlens,1,8,129.10284,70.072075,0.10092474489795919,0.15308613679846939
hawkfj64,Inlens,1,9,96.71286,43.037487,0.08199637276785714,0.029825015943877552
hawkfj64,Inlens,1,10,110.38688,69.93324,0.13024154974489796,0.12607621173469388
hawkfj64,Inlens,1,11,114.2736,69.94215,0.11926020408163265,0.12940449617346939
hawkfj64,Inlens,1,12,123.24069,62.248547,0.07899693080357142,0.0934311224489796
hawkfj64,Inlens,1,13,100.194695,60.80725,0.10362523915816327,0.08253946109693877
hawkfj64,Inlens,1,14,112.51866,63.70796,0.08966438137755102,0.09639568718112244
hawkfj64,Inlens,2,0,93.83735,46.64261,0.04907724808673469,0.030393016581632654
hawkfj64,Inlens,2,1,103.37673,59.436512,0.0831772161989796,0.07695412149234694
hawkfj64,Inlens,2,2,106.08492,61.808895,0.09072564572704081,0.07248983577806123
hawkfj64,Inlens,2,3,101.20723,63.02083,0.10024214764030612,0.09143315529336735
hawkfj64,Inlens,2,4,104.125755,67.04244,0.0909000318877551,0.12382912149234694
hawkfj64,Inlens,2,5,91.80727,53.003548,0.10082011320153061,0.04046755420918367
hawkfj64,Inlens,2,6,100.52663,61.889282,0.14146205357142858,0.08062121332908163
hawkfj64,Inlens,2,7,128.49773,69.08753,0.06808533960459184,0.15277722417091838
hawkfj64,Inlens,2,8,150.47742,51.92717,0.03329280931122449,0.10689871651785714
hawkfj64,Inlens,2,9,92.38177,55.07269,0.09787049585459184,0.06471221301020408
hawkfj64,Inlens,2,10,108.86116,62.66111,0.062201052295918366,0.09575294961734694
hawkfj64,Inlens,2,11,119.0987,63.068085,0.071533203125,0.09649035395408163
hawkfj64,Inlens,2,12,120.77809,65.28095,0.06885263871173469,0.10280811543367346
hawkfj64,Inlens,2,13,95.44648,61.661552,0.13546316964285715,0.07865314094387756
hawkfj64,Inlens,2,14,83.58148,50.485912,0.13502471301020408,0.04059709821428571
hawkfj64,Inlens,3,0,108.192245,63.83163,0.07305285395408163,0.09173210299744898
hawkfj64,Inlens,3,1,116.885284,63.424076,0.05519571109693878,0.11089465082908163
hawkfj64,Inlens,3,2,118.88252,63.259296,0.04221141581632653,0.11317661830357142
hawkfj64,Inlens,3,3,119.45852,67.85425,0.07256457270408163,0.1346709582270408
hawkfj64,Inlens,3,4,109.78663,63.881245,0.08275370695153061,0.0879653619260204
hawkfj64,Inlens,3,5,136.17537,60.480488,0.07096022002551021,0.07141362404336735
hawkfj64,Inlens,3,6,85.50849,46.71821,0.09037687340561225,0.04058713329081633
hawkfj64,Inlens,3,7,116.90583,57.622833,0.04724868463010204,0.06908183195153061
hawkfj64,Inlens,3,8,104.53912,57.428417,0.06980428890306123,0.07235032684948979
hawkfj64,Inlens,3,9,105.560936,61.62092,0.07855847417091837,0.08898178411989796
hawkfj64,Inlens,3,10,94.42373,57.97767,0.11522939253826531,0.07400948660714286
hawkfj64,Inlens,3,11,100.339836,55.0181,0.07825952646683673,0.05353655133928571
hawkfj64,Inlens,3,12,114.34485,67.68208,0.08803511639030612,0.11606146364795919
hawkfj64,Inlens,3,13,94.47393,52.090874,0.07537966358418367,0.05622209821428571
hawkfj64,Inlens,3,14,111.257164,63.40789,0.06588807397959184,0.09422333386479592
hzumfsms,BSE,0,0,53.58914,14.843286,0.06565888073979592,0.019571109693877552
hzumfsms,BSE,0,1,62.534214,24.626066,0.044553172831632654,0.18638392857142858
hzumfsms,BSE,0,2,56.29064,19.873186,0.07147839604591837,0.0726741868622449
hzumfsms,BSE,0,3,51.97984,16.204521,0.09017259247448979,0.01872409119897959
hzumfsms,BSE,0,4,57.67894,19.447725,0.05171795280612245,0.0914779974489796
hzumfsms,BSE,0,5,53.012863,15.420257,0.08248465401785714,0.02745834661989796
hzumfsms,BSE,0,6,44.60495,24.514643,0.29701450892857145,0.08299286511479592
hzumfsms,BSE,0,7,45.055466,21.058912,0.25613341039540816,0.042400749362244895
hzumfsms,BSE,0,8,48.367725,15.692945,0.10688875159438775,0.020732023278061226
hzumfsms,BSE,0,9,47.920753,18.242935,0.13188576211734693,0.030557437818877552
hzumfsms,BSE,0,10,51.280556,16.04891,0.06748246173469388,0.03276466836734694
hzumfsms,BSE,0,11,48.664024,23.292078,0.16510383450255103,0.07630141900510204
hzumfsms,BSE,0,12,51.63231,17.416803,0.09804986447704081,0.03143435108418367
hzumfsms,BSE,0,13,52.809196,15.157135,0.05214146205357143,0.03429428411989796
hzumfsms,BSE,0,14,52.365482,16.681366,0.08096002072704081,0.03222158003826531
hzumfsms,BSE,1,0,56.730698,18.324951,0.07176239636479592,0.07008828922193877
hzumfsms,BSE,1,1,65.726845,26.224417,0.059291294642857144,0.22694614955357142
hzumfsms,BSE,1,2,61.212322,25.409315,0.06609733737244898,0.1656867825255102
hzumfsms,BSE,1,3,56.476192,16.960978,0.052121532206632654,0.054074657206632654
hzumfsms,BSE,1,4,56.06665,17.775288,0.07873286033163265,0.06530512595663265
hzumfsms,BSE,1,5,59.166866,12.004964,0.02157405931122449,0.04126474808673469
hzumfsms,BSE,1,6,56.405407,20.199827,0.09113420758928571,0.08272381218112244
hzumfsms,BSE,1,7,59.93034,11.151164,0.017767458545918366,0.03553989955357143
hzumfsms,BSE,1,8,54.098404,17.428404,0.08938536352040816,0.04562938456632653
hzumfsms,BSE,1,9,56.050262,19.65735,0.08908641581632654,0.06862344547193877
hzumfsms,BSE,1,10,57.967022,16.17753,0.058628627232142856,0.05231584821428571
hzumfsms,BSE,1,11,68.54239,27.520966,0.05515585140306122,0.2809311224489796
hzumfsms,BSE,1,12,53.102314,17.824532,0.09974390146683673,0.04502650669642857
hzumfsms,BSE,1,13,56.272186,16.236135,0.04066685267857143,0.050571986607142856
hzumfsms,BSE,1,14,55.63669,18.98366,0.09201610331632654,0.06239536830357143
hzumfsms,BSE,2,0,53.510826,17.53054,0.09392936862244898,0.03748804209183673
hzumfsms,BSE,2,1,59.10818,17.860893,0.04111029177295918,0.07611208545918367
hzumfsms,BSE,2,2,67.28173,26.926285,0.053835499043367346,0.2578673070790816
hzumfsms,BSE,2,3,58.41577,17.143307,0.06138891103316327,0.06454280931122448
hzumfsms,BSE,2,4,56.382233,15.048942,0.0642837213010204,0.027323820153061226
hzumfsms,BSE,2,5,51.564896,19.271875,0.13137755102040816,0.03028838488520408
hzumfsms,BSE,2,6,50.52209,22.601467,0.15391820790816327,0.07769650829081633
hzumfsms,BSE,2,7,58.26512,26.089758,0.11923529177295919,0.1419054926658163
hzumfsms,BSE,2,8,53.299385,19.237005,0.10713787468112244,0.061398875956632654
hzumfsms,BSE,2,9,62.38125,20.746529,0.028594347895408163,0.15173090720663265
hzumfsms,BSE,2,10,53.69246,20.312218,0.1163753587372449,0.0442741549744898
hzumfsms,BSE,2,11,58.55843,17.176207,0.036655970982142856,0.07713349011479592
hzumfsms,BSE,2,12,60.108654,19.311556,0.03861407844387755,0.10469646843112244
hzumfsms,BSE,2,13,50.731537,20.735716,0.15625,0.03930165816326531
hzumfsms,BSE,2,14,56.564068,17.820204,0.06726323341836735,0.05419423628826531
hzumfsms,BSE,3,0,54.842052,16.321821,0.07209123883928571,0.04143415178571429
hzumfsms,BSE,3,1,61.929962,23.525713,0.06459263392857142,0.15393315529336735
hzumfsms,BSE,3,2,55.344666,20.103294,0.10614138233418367,0.07020288584183673
hzumfsms,BSE,3,3,60.9286,24.551823,0.09558852838010204,0.19470962213010204
hzumfsms,BSE,3,4,60.210384,20.122646,0.055300342793367346,0.11936483577806123
hzumfsms,BSE,3,5,46.113018,23.0127,0.21428571428571427,0.031862842793367346
hzumfsms,BSE,3,6,57.519615,14.969521,0.043222855548469385,0.054189253826530615
hzumfsms,BSE,3,7,64.876755,21.091597,0.03110550860969388,0.1688506457270408
hzumfsms,BSE,3,8,59.21,14.743791,0.04759247448979592,0.056052694515306124
hzumfsms,BSE,3,9,57.00007,13.594078,0.0454948580994898,0.026795679209183673
hzumfsms,BSE,3,10,59.24889,16.104668,0.03912727200255102,0.06628168845663265
hzumfsms,BSE,3,11,61.92747,22.315239,0.04784658003826531,0.14389847735969388
hzumfsms,BSE,3,12,66.084496,22.344309,0.03577905771683673,0.2019939811862245
hzumfsms,BSE,3,13,62.180984,21.777632,0.060247927295918366,0.1481036750637755
hzumfsms,BSE,3,14,61.382175,21.192127,0.05628188775510204,0.12570750956632654
hzumfsms,ETD,0,0,71.26552,27.490643,0.07254464285714286,0.04507134885204082
hzumfsms,ETD,0,1,78.33701,37.219444,0.058937539859693876,0.20335419323979592
hzumfsms,ETD,0,2,72.057274,32.2408,0.06873305963010204,0.09926558514030612
hzumfsms,ETD,0,3,64.52389,30.26871,0.11746651785714286,0.03964046556122449
hzumfsms,ETD,0,4,71.30206,33.39753,0.061643016581632654,0.10577268016581633
hzumfsms,ETD,0,5,68.99747,27.758419,0.05750757334183673,0.05038265306122449
hzumfsms,ETD,0,6,52.921253,45.175648,0.31637137276785715,0.10068060427295919
hzumfsms,ETD,0,7,52.576557,38.977985,0.2365772480867347,0.0725894850127551
hzumfsms,ETD,0,8,60.98068,29.60478,0.09531449298469388,0.03641681281887755
hzumfsms,ETD,0,9,48.17648,32.992588,0.11498026945153061,0.04317303093112245
hzumfsms,ETD,0,10,57.497215,35.061604,0.07987384406887756,0.05957529496173469
hzumfsms,ETD,0,11,60.131027,43.16464,0.19655313297193877,0.11326132015306123
hzumfsms,ETD,0,12,68.44236,34.4439,0.09501554528061225,0.07080078125
hzumfsms,ETD,0,13,65.96422,30.018658,0.04593829719387755,0.054652622767857144
hzumfsms,ETD,0,14,64.94422,35.920826,0.09476642219387756,0.07789580676020408
hzumfsms,ETD,1,0,74.55407,32.172665,0.08604213169642858,0.08759167729591837
hzumfsms,ETD,1,1,83.40728,33.571438,0.057786591198979595,0.20738002232142858
hzumfsms,ETD,1,2,75.91989,37.976048,0.08270388233418367,0.1890545280612245
hzumfsms,ETD,1,3,71.82085,28.138271,0.07326709980867346,0.05564413265306122
hzumfsms,ETD,1,4,67.28154,33.362843,0.09060108418367346,0.071533203125
hzumfsms,ETD,1,5,75.75196,22.787527,0.022112165178571428,0.04307836415816327
hzumfsms,ETD,1,6,71.391266,35.488384,0.10191127232142858,0.10387934470663265
hzumfsms,ETD,1,7,74.54517,18.571835,0.011942960778061224,0.0301937181122449
hzumfsms,ETD,1,8,63.935204,36.873142,0.1231265943877551,0.06652582908163265
hzumfsms,ETD,1,9,70.523445,33.461624,0.09558852838010204,0.08630620216836735
hzumfsms,ETD,1,10,76.07202,28.213074,0.05670041454081633,0.06646105707908163
hzumfsms,ETD,1,11,88.955956,35.207893,0.05593809789540816,0.28883828922193877
hzumfsms,ETD,1,12,70.88475,37.233665,0.11928013392857142,0.09308235012755102
hzumfsms,ETD,1,13,71.377495,28.823513,0.0406867825255102,0.06050701530612245
hzumfsms,ETD,1,14,79.81723,38.71943,0.08745216836734694,0.14396823182397958
hzumfsms,ETD,2,0,70.89319,37.490513,0.1104262994260204,0.08185686383928571
hzumfsms,ETD,2,1,76.8408,30.64061,0.05439353475765306,0.10031190210459184
hzumfsms,ETD,2,2,85.66573,37.861164,0.05506616709183673,0.25887874681122447
hzumfsms,ETD,2,3,76.28628,28.310987,0.06834442761479592,0.06497628348214286
hzumfsms,ETD,2,4,72.18976,25.031593,0.06634147799744898,0.032326211734693876
hzumfsms,ETD,2,5,68.949295,38.32304,0.14259307238520408,0.0804019850127551
hzumfsms,ETD,2,6,61.21672,40.29403,0.16874103156887754,0.09344606983418367
hzumfsms,ETD,2,7,71.91587,37.18503,0.11096938775510204,0.1494738520408163
hzumfsms,ETD,2,8,67.27035,36.296097,0.1331164301658163,0.08341139190051021
hzumfsms,ETD,2,9,78.2738,28.578888,0.03515625,0.1209293287627551
hzumfsms,ETD,2,10,72.090294,33.350597,0.11080496651785714,0.07052674585459184
hzumfsms,ETD,2,11,78.814835,29.90876,0.05279914700255102,0.10717275191326531
hzumfsms,ETD,2,12,79.08129,28.29427,0.03868881536989796,0.10940987723214286
hzumfsms,ETD,2,13,66.19086,36.351933,0.1563396843112245,0.06700414540816327
hzumfsms,ETD,2,14,76.13799,30.573502,0.0775569993622449,0.07954001913265306
hzumfsms,ETD,3,0,74.15989,33.985683,0.08392458545918367,0.08269391741071429
hzumfsms,ETD,3,1,80.51383,37.62567,0.08456732302295919,0.17019591039540816
hzumfsms,ETD,3,2,73.92991,35.548336,0.0884586256377551,0.09192143654336735
hzumfsms,ETD,3,3,76.58761,40.44958,0.12465122767857142,0.1714465082908163
hzumfsms,ETD,3,4,79.625984,30.639496,0.03749302455357143,0.13269292091836735
hzumfsms,ETD,3,5,56.58049,39.016636,0.2630092075892857,0.045709103954081634
hzumfsms,ETD,3,6,74.028824,27.181707,0.04383569834183673,0.05437858737244898
hzumfsms,ETD,3,7,82.654205,28.309223,0.036675900829081634,0.15153659119897958
hzumfsms,ETD,3,8,78.629845,28.739622,0.04570412149234694,0.06925123565051021
hzumfsms,ETD,3,9,74.32851,23.582733,0.04152383609693878,0.03244080835459184
hzumfsms,ETD,3,10,78.73903,25.357065,0.037841796875,0.06800562021683673
hzumfsms,ETD,3,11,79.98898,33.536182,0.05734315210459184,0.16225386639030612
hzumfsms,ETD,3,12,81.84378,28.810638,0.03644670758928571,0.16911471619897958
hzumfsms,ETD,3,13,80.84058,30.146679,0.05640146683673469,0.13032126913265307
hzumfsms,ETD,3,14,79.67935,30.786848,0.04912209024234694,0.12757593271683673
hzumfsms,Inlens,0,0,122.41982,38.82885,0.03759765625,0.09372508769132654
hzumfsms,Inlens,0,1,138.89635,44.159622,0.019690688775510203,0.17543247767857142
hzumfsms,Inlens,0,2,125.22363,47.436028,0.0467902981505102,0.13768534757653061
hzumfsms,Inlens,0,3,113.88816,41.939682,0.06831453284438775,0.09679926658163265
hzumfsms,Inlens,0,4,121.77145,41.629715,0.026103117028061226,0.11285275829081633
hzumfsms,Inlens,0,5,111.24193,45.239227,0.05252012914540816,0.10403380102040816
hzumfsms,Inlens,0,6,98.651924,62.478115,0.3530223612882653,0.13520408163265307
hzumfsms,Inlens,0,7,92.59046,56.75933,0.4522680165816326,0.11674406090561225
hzumfsms,Inlens,0,8,75.83087,44.645782,0.6081592793367347,0.05288384885204082
hzumfsms,Inlens,0,9,97.61485,44.250202,0.25547074298469385,0.06335698341836735
hzumfsms,Inlens,0,10,93.743126,51.293823,0.3695691167091837,0.08516023596938775
hzumfsms,Inlens,0,11,116.82021,55.69536,0.10934012276785714,0.1499870455994898
hzumfsms,Inlens,0,12,116.14531,49.843132,0.08218072385204081,0.1286670918367347
hzumfsms,Inlens,0,13,96.628296,42.862675,0.2517787388392857,0.05907704878826531
hzumfsms,Inlens,0,14,125.7335,41.6627,0.04989935427295918,0.11395886479591837
hzumfsms,Inlens,1,0,140.2191,41.614746,0.04315310108418367,0.13117825255102042
hzumfsms,Inlens,1,1,135.70374,38.94261,0.04261499521683673,0.10421316964285714
hzumfsms,Inlens,1,2,127.63305,39.08713,0.03447365274234694,0.10626096141581633
hzumfsms,Inlens,1,3,118.22044,36.004658,0.023646763392857144,0.07490134725765306
hzumfsms,Inlens,1,4,145.29688,47.090122,0.03293407206632653,0.21934789540816327
hzumfsms,Inlens,1,5,141.05457,34.753403,0.011145766900510204,0.11343570631377552
hzumfsms,Inlens,1,6,134.81343,42.998592,0.06034259406887755,0.1418506855867347
hzumfsms,Inlens,1,7,131.91174,22.789486,0.011723732461734694,0.041140186543367346
hzumfsms,Inlens,1,8,120.802315,43.11293,0.07983896683673469,0.09752172353316327
hzumfsms,Inlens,1,9,132.09616,44.55484,0.05517079878826531,0.13643973214285715
hzumfsms,Inlens,1,10,134.61926,35.698322,0.04063695790816327,0.08193160076530612
hzumfsms,Inlens,1,11,131.22472,35.55943,0.029022839604591837,0.09576789700255102
hzumfsms,Inlens,1,12,127.34457,41.652657,0.05633669483418367,0.11232461734693877
hzumfsms,Inlens,1,13,131.60916,32.334507,0.025694555165816327,0.06902702487244898
hzumfsms,Inlens,1,14,146.04927,49.564342,0.0709701849489796,0.2056261957908163
hzumfsms,Inlens,2,0,138.13145,45.73024,0.04046755420918367,0.1817253268494898
hzumfsms,Inlens,2,1,139.59792,34.14169,0.01103615274234694,0.12014708227040816
hzumfsms,Inlens,2,2,137.3058,38.526062,0.029336734693877552,0.12822863520408162
hzumfsms,Inlens,2,3,137.25067,35.390137,0.024239676339285716,0.10704320790816327
hzumfsms,Inlens,2,4,131.47595,32.13938,0.03445372289540816,0.0723453443877551
hzumfsms,Inlens,2,5,125.222496,42.066994,0.10454201211734694,0.06810028698979592
hzumfsms,Inlens,2,6,122.64934,43.566624,0.07524015465561225,0.10274334343112244
hzumfsms,Inlens,2,7,130.28783,36.88383,0.04745296556122449,0.08713329081632654
hzumfsms,Inlens,2,8,133.03136,40.684853,0.033636599170918366,0.13740632971938777
hzumfsms,Inlens,2,9,127.40713,32.35124,0.00996990593112245,0.09468670280612244
hzumfsms,Inlens,2,10,124.83572,45.651646,0.0797592474489796,0.11348054846938775
hzumfsms,Inlens,2,11,130.1186,38.80796,0.014847735969387755,0.12154217155612244
hzumfsms,Inlens,2,12,123.59293,33.934425,0.02497708067602041,0.07431341677295919
hzumfsms,Inlens,2,13,117.58714,40.11731,0.09078543526785714,0.07591776945153061
hzumfsms,Inlens,2,14,126.32704,32.956024,0.03180305325255102,0.076904296875
hzumfsms,Inlens,3,0,110.178375,37.251343,0.07313257334183673,0.06546456473214286
hzumfsms,Inlens,3,1,121.975006,37.42572,0.056919642857142856,0.08811483577806123
hzumfsms,Inlens,3,2,110.79245,44.447998,0.10987324617346939,0.08120914381377552
hzumfsms,Inlens,3,3,117.4385,43.933094,0.06415417729591837,0.09529954559948979
hzumfsms,Inlens,3,4,110.95442,41.045753,0.08662009725765306,0.06930106026785714
hzumfsms,Inlens,3,5,91.492226,40.806553,0.19353874362244897,0.03632712850765306
hzumfsms,Inlens,3,6,113.09026,31.559238,0.019267179528061226,0.05912189094387755
hzumfsms,Inlens,3,7,121.683235,31.088007,0.020178970025510203,0.06278400031887756
hzumfsms,Inlens,3,8,124.45869,36.96182,0.03147919323979592,0.09171217315051021
hzumfsms,Inlens,3,9,110.234795,32.476967,0.027617785395408163,0.057517538265306124
hzumfsms,Inlens,3,10,114.66887,35.502605,0.02269013073979592,0.07533980389030612
hzumfsms,Inlens,3,11,121.91506,36.73371,0.03306361607142857,0.08294304049744898
hzumfsms,Inlens,3,12,115.77699,25.544605,0.016083386479591837,0.03543028539540816
hzumfsms,Inlens,3,13,108.13792,33.146698,0.05361627072704082,0.043711136798469385
hzumfsms,Inlens,3,14,110.85738,29.146616,0.03649154974489796,0.03877351721938776
kbdh4tri,BSE,0,0,61.313133,13.449487,0.10157246492346939,0.043138153698979595
kbdh4tri,BSE,0,1,65.69897,15.938978,0.05009367028061224,0.09898656728316327
kbdh4tri,BSE,0,2,63.60255,15.326328,0.10182158801020408,0.09325673628826531
kbdh4tri,BSE,0,3,60.187172,10.546039,0.08572823660714286,0.013253348214285714
kbdh4tri,BSE,0,4,63.52894,17.452028,0.11727718431122448,0.0968441087372449
kbdh4tri,BSE,0,5,67.92756,19.12111,0.07050183354591837,0.15839744100765307
kbdh4tri,BSE,0,6,63.67428,18.323748,0.10420818718112244,0.10164720184948979
kbdh4tri,BSE,0,7,62.097458,15.996793,0.13823840082908162,0.07268415178571429
kbdh4tri,BSE,0,8,63.543045,13.471288,0.07572345344387756,0.060960419323979595
kbdh4tri,BSE,0,9,67.014046,16.452906,0.04361148756377551,0.12256855867346939
kbdh4tri,BSE,0,10,61.57559,15.642546,0.13619060905612246,0.059002311862244895
kbdh4tri,BSE,0,11,61.85404,15.315299,0.15045539700255103,0.06611228475765306
kbdh4tri,BSE,0,12,63.630123,15.47272,0.08766143176020408,0.08054149394132654
kbdh4tri,BSE,0,13,66.47186,19.800318,0.10796994579081633,0.15319575095663265
kbdh4tri,BSE,0,14,62.60381,12.074155,0.06927116549744898,0.045579559948979595
kbdh4tri,BSE,1,0,61.929295,13.364243,0.08643574617346939,0.04569415656887755
kbdh4tri,BSE,1,1,66.46165,16.612072,0.05304827008928571,0.12021185427295919
kbdh4tri,BSE,1,2,63.927486,14.570695,0.07804029815051021,0.08173230229591837
kbdh4tri,BSE,1,3,61.92027,11.697562,0.07061144770408163,0.033990353954081634
kbdh4tri,BSE,1,4,61.80828,13.70941,0.09665477519132654,0.04740812340561224
kbdh4tri,BSE,1,5,58.7298,12.791923,0.14300163424744897,0.01601363201530612
kbdh4tri,BSE,1,6,61.8355,13.96903,0.09883709343112244,0.047816685267857144
kbdh4tri,BSE,1,7,65.576675,17.613049,0.07210618622448979,0.11714764030612244
kbdh4tri,BSE,1,8,66.05729,17.998726,0.09716298628826531,0.11900111607142858
kbdh4tri,BSE,1,9,62.336285,10.912176,0.05908203125,0.030163823341836735
kbdh4tri,BSE,1,10,63.545895,16.93888,0.11552834024234694,0.08884227519132654
kbdh4tri,BSE,1,11,64.925575,15.783238,0.10416334502551021,0.11014728156887756
kbdh4tri,BSE,1,12,67.77016,19.716516,0.1121402662627551,0.1665088887117347
kbdh4tri,BSE,1,13,63.419006,17.208849,0.13845264668367346,0.09237982302295919
kbdh4tri,BSE,1,14,57.859825,15.589554,0.20959721779336735,0.033681441326530615
kbdh4tri,BSE,2,0,65.40465,16.792274,0.09405393016581633,0.10651506696428571
kbdh4tri,BSE,2,1,64.47478,16.673052,0.09833884725765306,0.09383968431122448
kbdh4tri,BSE,2,2,63.333263,15.076741,0.06613719706632654,0.07118443080357142
kbdh4tri,BSE,2,3,63.991913,19.020792,0.1282684948979592,0.11535893654336735
kbdh4tri,BSE,2,4,62.6318,18.322704,0.14840262276785715,0.10029695471938775
kbdh4tri,BSE,2,5,63.551937,14.738149,0.08043686224489796,0.07565868144132654
kbdh4tri,BSE,2,6,60.59496,13.210435,0.11554827008928571,0.0347526705994898
kbdh4tri,BSE,2,7,61.121876,13.072597,0.11221002072704081,0.03196249202806122
kbdh4tri,BSE,2,8,61.234837,13.7625,0.12181122448979592,0.04931142378826531
kbdh4tri,BSE,2,9,66.57326,17.367264,0.08588767538265306,0.1287418287627551
kbdh4tri,BSE,2,10,63.88681,15.449207,0.10947963169642858,0.088623046875
kbdh4tri,BSE,2,11,62.384125,14.170999,0.11684371014030612,0.06323740433673469
kbdh4tri,BSE,2,12,73.913666,22.84916,0.07509068080357142,0.26109095982142855
kbdh4tri,BSE,2,13,62.50519,11.806218,0.06443817761479592,0.04230110012755102
kbdh4tri,BSE,2,14,66.091484,18.981419,0.07370555644132654,0.12196069834183673
kbdh4tri,BSE,3,0,68.16562,19.204168,0.08762655452806123,0.16956812021683673
kbdh4tri,BSE,3,1,69.84363,21.53047,0.1009097975127551,0.213134765625
kbdh4tri,BSE,3,2,66.58679,20.086859,0.10658980389030612,0.15309111926020408
kbdh4tri,BSE,3,3,63.263805,14.841062,0.083251953125,0.06925123565051021
kbdh4tri,BSE,3,4,60.75977,13.422758,0.11563297193877552,0.03570930325255102
kbdh4tri,BSE,3,5,63.163364,19.821808,0.15382852359693877,0.113525390625
kbdh4tri,BSE,3,6,66.35786,17.86372,0.08517518335459184,0.12628547512755103
kbdh4tri,BSE,3,7,63.211945,16.412003,0.1201969068877551,0.08319216358418367
kbdh4tri,BSE,3,8,70.82252,24.103106,0.12176638233418367,0.2430693957270408
kbdh4tri,BSE,3,9,68.08059,21.43945,0.11578244579081633,0.16996671715561223
kbdh4tri,BSE,3,10,66.15748,21.346483,0.13620555644132654,0.15685786033163265
kbdh4tri,BSE,3,11,64.6732,16.019674,0.09763632015306123,0.10019232302295919
kbdh4tri,BSE,3,12,63.315857,12.3148775,0.06712870695153061,0.051747847576530615
kbdh4tri,BSE,3,13,62.155228,8.542162,0.02530094068877551,0.014294682716836735
kbdh4tri,BSE,3,14,65.49138,16.87348,0.09171217315051021,0.10904615752551021
kbdh4tri,ETD,0,0,71.09835,23.875467,0.09190150669642858,0.06253487723214286
kbdh4tri,ETD,0,1,76.42933,20.517017,0.030726841517857144,0.08827427455357142
kbdh4tri,ETD,0,2,71.81887,24.520704,0.09730747767857142,0.078369140625
kbdh4tri,ETD,0,3,69.6631,18.037601,0.073974609375,0.027064732142857144
kbdh4tri,ETD,0,4,73.67447,25.065392,0.10018734056122448,0.10010263871173469
kbdh4tri,ETD,0,5,78.07563,24.671843,0.054567920918367346,0.15391322544642858
kbdh4tri,ETD,0,6,72.68517,21.487001,0.07699896364795919,0.08853336256377552
kbdh4tri,ETD,0,7,67.52351,29.487995,0.16891043526785715,0.08497588488520408
kbdh4tri,ETD,0,8,68.0726,20.258785,0.10901626275510204,0.03515126753826531
kbdh4tri,ETD,0,9,78.01904,22.081383,0.03753288424744898,0.11465640943877552
kbdh4tri,ETD,0,10,72.879974,29.676771,0.13149214764030612,0.11063058035714286
kbdh4tri,ETD,0,11,68.30039,27.42832,0.1588558274872449,0.07360590720663265
kbdh4tri,ETD,0,12,71.868256,21.97656,0.07488141741071429,0.07031748246173469
kbdh4tri,ETD,0,13,73.254875,26.351618,0.12104392538265306,0.10465162627551021
kbdh4tri,ETD,0,14,72.40356,22.037605,0.06157326211734694,0.06496631855867346
kbdh4tri,ETD,1,0,72.386055,20.229233,0.07647082270408163,0.05255998883928571
kbdh4tri,ETD,1,1,76.12157,22.472488,0.04039281728316327,0.09829400510204081
kbdh4tri,ETD,1,2,71.11529,20.24639,0.06908681441326531,0.052614795918367346
kbdh4tri,ETD,1,3,69.952415,20.203417,0.07943538743622448,0.037228954081632654
kbdh4tri,ETD,1,4,69.73379,23.17063,0.09210578762755102,0.05519571109693878
kbdh4tri,ETD,1,5,66.83682,22.690006,0.14015664859693877,0.03533561862244898
kbdh4tri,ETD,1,6,72.12085,22.437449,0.08278858418367346,0.06831453284438775
kbdh4tri,ETD,1,7,76.13568,21.683533,0.05173290019132653,0.10275330835459184
kbdh4tri,ETD,1,8,77.166595,28.251942,0.10077028858418367,0.12488540338010204
kbdh4tri,ETD,1,9,74.11751,21.017078,0.05225107621173469,0.05796595982142857
kbdh4tri,ETD,1,10,73.093475,25.127934,0.09857800542091837,0.08569834183673469
kbdh4tri,ETD,1,11,74.6553,32.03648,0.1292301100127551,0.13731664540816327
kbdh4tri,ETD,1,12,74.29688,29.977268,0.12000757334183673,0.14708227040816327
kbdh4tri,ETD,1,13,70.39597,26.228945,0.13783482142857142,0.0834163743622449
kbdh4tri,ETD,1,14,64.00066,28.450722,0.23076271524234693,0.060691366390306124
kbdh4tri,ETD,2,0,75.30847,25.871166,0.09738719706632654,0.11306700414540816
kbdh4tri,ETD,2,1,74.36841,25.734264,0.09245954241071429,0.10940987723214286
kbdh4tri,ETD,2,2,73.22937,20.300428,0.053765744579081634,0.07770647321428571
kbdh4tri,ETD,2,3,73.81264,26.333914,0.10780054209183673,0.11893136160714286
kbdh4tri,ETD,2,4,69.642586,26.705414,0.14630998883928573,0.07960977359693877
kbdh4tri,ETD,2,5,72.877815,22.376776,0.07504085618622448,0.06671516262755102
kbdh4tri,ETD,2,6,69.31974,25.043995,0.1351592394770408,0.05890266262755102
kbdh4tri,ETD,2,7,70.55741,24.50077,0.11689851721938775,0.05866350446428571
kbdh4tri,ETD,2,8,68.44193,26.025703,0.14288703762755103,0.06183235012755102
kbdh4tri,ETD,2,9,77.07018,28.852322,0.08675462372448979,0.1367137675382653
kbdh4tri,ETD,2,10,71.26002,24.890982,0.09558852838010204,0.07821468431122448
kbdh4tri,ETD,2,11,73.757805,29.642237,0.10923549107142858,0.10355050223214286
kbdh4tri,ETD,2,12,79.54875,28.61663,0.0860172193877551,0.21903400031887754
kbdh4tri,ETD,2,13,70.969635,19.680538,0.05268455038265306,0.04521584024234694
kbdh4tri,ETD,2,14,73.712006,22.665232,0.06865832270408163,0.1204410475127551
kbdh4tri,ETD,3,0,76.54537,26.947489,0.09280333227040816,0.1397381218112245
kbdh4tri,ETD,3,1,79.56652,29.529215,0.09312719228316327,0.19068379304846939
kbdh4tri,ETD,3,2,74.336525,27.887657,0.1172622369260204,0.13941426179846939
kbdh4tri,ETD,3,3,72.778854,22.081682,0.07274892378826531,0.07328204719387756
kbdh4tri,ETD,3,4,69.39564,23.07103,0.11667928890306123,0.04918686224489796
kbdh4tri,ETD,3,5,72.635666,30.177116,0.14414760044642858,0.1207748724489796
kbdh4tri,ETD,3,6,75.62061,25.768385,0.08727778220663265,0.12254862882653061
kbdh4tri,ETD,3,7,71.9005,27.446775,0.1229721380739796,0.09563835299744898
kbdh4tri,ETD,3,8,74.339806,29.945372,0.1414520886479592,0.150146484375
kbdh4tri,ETD,3,9,78.16202,28.674675,0.11330616230867346,0.15943379304846939
kbdh4tri,ETD,3,10,76.12471,31.936161,0.13138253348214285,0.16460060586734693
kbdh4tri,ETD,3,11,70.80285,27.735638,0.10122369260204081,0.08420858577806123
kbdh4tri,ETD,3,12,71.63015,21.487278,0.07067621970663265,0.0536262356505102
kbdh4tri,ETD,3,13,71.21691,12.207686,0.007264429209183673,0.01902802136479592
kbdh4tri,ETD,3,14,75.10832,27.519943,0.08588767538265306,0.12830337213010204
kbdh4tri,Inlens,0,0,60.17848,36.148136,0.11368482940051021,0.07253966039540816
kbdh4tri,Inlens,0,1,66.28522,42.462242,0.07932079081632654,0.10232979910714286
kbdh4tri,Inlens,0,2,69.24607,42.11437,0.10027702487244898,0.11687360491071429
kbdh4tri,Inlens,0,3,53.37686,32.953537,0.14890086894132654,0.05775171396683673
kbdh4tri,Inlens,0,4,67.102974,40.259758,0.10477618781887756,0.09901147959183673
kbdh4tri,Inlens,0,5,71.56165,41.787178,0.08453244579081633,0.1179996412627551
kbdh4tri,Inlens,0,6,54.617695,28.587032,0.1345812739158163,0.03300382653061224
kbdh4tri,Inlens,0,7,68.1435,35.573746,0.1007503587372449,0.062001753826530615
kbdh4tri,Inlens,0,8,63.918854,35.149986,0.09446747448979592,0.061154735331632654
kbdh4tri,Inlens,0,9,67.30458,41.45429,0.08513532366071429,0.10841836734693877
kbdh4tri,Inlens,0,10,71.57372,41.826355,0.0813785475127551,0.10617127710459184
kbdh4tri,Inlens,0,11,75.12463,39.836082,0.07195671237244898,0.11772062340561225
kbdh4tri,Inlens,0,12,65.82146,40.89182,0.10892657844387756,0.10337611607142858
kbdh4tri,Inlens,0,13,75.22178,44.200584,0.07984893176020408,0.12349529655612244
kbdh4tri,Inlens,0,14,64.55705,39.96287,0.10001295440051021,0.09460200095663265
kbdh4tri,Inlens,1,0,58.834686,34.415768,0.046421595982142856,0.06565888073979592
kbdh4tri,Inlens,1,1,68.0212,44.421764,0.07071607940051021,0.11102917729591837
kbdh4tri,Inlens,1,2,68.254265,48.511406,0.11814911511479592,0.1300472337372449
kbdh4tri,Inlens,1,3,61.104008,40.09676,0.13324597417091838,0.09427814094387756
kbdh4tri,Inlens,1,4,59.890743,38.77786,0.16175063775510204,0.07808015784438775
kbdh4tri,Inlens,1,5,54.30658,30.645407,0.14275749362244897,0.04155373086734694
kbdh4tri,Inlens,1,6,62.84451,40.572174,0.12159697863520408,0.09561842315051021
kbdh4tri,Inlens,1,7,59.759247,36.11934,0.10326151945153061,0.06758709343112244
kbdh4tri,Inlens,1,8,77.57972,39.95803,0.04477240114795918,0.11192103794642858
kbdh4tri,Inlens,1,9,61.038357,38.634056,0.10602180325255102,0.09203105070153061
kbdh4tri,Inlens,1,10,65.772194,38.891975,0.11682876275510204,0.08440290178571429
kbdh4tri,Inlens,1,11,78.37579,45.31996,0.06283880739795919,0.1672961176658163
kbdh4tri,Inlens,1,12,85.937935,43.709232,0.0448371731505102,0.16661352040816327
kbdh4tri,Inlens,1,13,69.58091,39.53894,0.08499083227040816,0.09227020886479592
kbdh4tri,Inlens,1,14,62.770626,38.12353,0.13547811702806123,0.08079559948979592
kbdh4tri,Inlens,2,0,79.67096,43.79651,0.023995535714285716,0.1398975605867347
kbdh4tri,Inlens,2,1,72.030495,40.885166,0.06737783003826531,0.10764608577806123
kbdh4tri,Inlens,2,2,52.162445,27.798668,0.15034578284438777,0.0301090162627551
kbdh4tri,Inlens,2,3,65.17035,38.739944,0.10277822066326531,0.08187679368622448
kbdh4tri,Inlens,2,4,69.31924,44.301243,0.12049585459183673,0.10253408003826531
kbdh4tri,Inlens,2,5,63.651478,39.24646,0.09194634885204081,0.08599728954081633
kbdh4tri,Inlens,2,6,58.347916,34.25084,0.1308643574617347,0.06396982621173469
kbdh4tri,Inlens,2,7,66.38658,42.629314,0.09549386160714286,0.10906608737244898
kbdh4tri,Inlens,2,8,66.779655,42.014164,0.10756138392857142,0.11272819674744898
kbdh4tri,Inlens,2,9,81.654076,46.679493,0.05959024234693878,0.17579121492346939
kbdh4tri,Inlens,2,10,72.010315,43.56882,0.11480090082908163,0.12441705197704081
kbdh4tri,Inlens,2,11,67.991875,39.91569,0.08853834502551021,0.10127849968112244
kbdh4tri,Inlens,2,12,91.189316,45.075836,0.04098573022959184,0.17064433195153061
kbdh4tri,Inlens,2,13,54.309597,32.55422,0.1318957270408163,0.05870336415816327
kbdh4tri,Inlens,2,14,59.61118,34.28133,0.14372907366071427,0.04357162786989796
kbdh4tri,Inlens,3,0,67.738365,32.68848,0.03466796875,0.054652622767857144
kbdh4tri,Inlens,3,1,80.95417,44.60549,0.05259486607142857,0.1451789700255102
kbdh4tri,Inlens,3,2,71.143105,40.068314,0.08127889827806123,0.10262874681122448
kbdh4tri,Inlens,3,3,62.236755,39.79581,0.11221500318877552,0.08803013392857142
kbdh4tri,Inlens,3,4,61.314274,39.180573,0.10874720982142858,0.08767139668367346
kbdh4tri,Inlens,3,5,68.11659,43.598965,0.115234375,0.11650988520408163
kbdh4tri,Inlens,3,6,69.17159,37.331062,0.07204141422193877,0.08279356664540816
kbdh4tri,Inlens,3,7,72.73734,43.452538,0.08262416294642858,0.1216567681760204
kbdh4tri,Inlens,3,8,74.42909,38.10995,0.10025211256377552,0.07137874681122448
kbdh4tri,Inlens,3,9,78.44414,42.88687,0.04914202008928571,0.12331592793367346
kbdh4tri,Inlens,3,10,73.50074,44.537,0.1346859056122449,0.1347606425382653
kbdh4tri,Inlens,3,11,68.023865,40.887352,0.1178451849489796,0.10029695471938775
kbdh4tri,Inlens,3,12,63.703747,39.40785,0.10582250478316327,0.10096460459183673
kbdh4tri,Inlens,3,13,47.950684,24.827671,0.14692781409438777,0.02806620695153061
kbdh4tri,Inlens,3,14,77.75041,48.900974,0.083251953125,0.1554378587372449
mgxahqnk,BSE,0,0,60.77417,20.779392,0.03669084821428571,0.09630102040816327
mgxahqnk,BSE,0,1,60.43682,23.55589,0.06654077646683673,0.10659976881377552
mgxahqnk,BSE,0,2,59.02464,29.381844,0.13464106345663265,0.13996233258928573
mgxahqnk,BSE,0,3,54.097847,16.660051,0.07886738679846939,0.02247090242346939
mgxahqnk,BSE,0,4,52.092175,24.219526,0.17707669005102042,0.06803053252551021
mgxahqnk,BSE,0,5,56.277767,25.347696,0.14398816167091838,0.09791533801020408
mgxahqnk,BSE,0,6,62.764816,25.9464,0.06516063456632654,0.15082409917091838
mgxahqnk,BSE,0,7,56.04849,22.707884,0.1378447863520408,0.08944017059948979
mgxahqnk,BSE,0,8,56.481716,28.89329,0.17717135682397958,0.12453663105867346
mgxahqnk,BSE,0,9,65.553345,28.448362,0.09807477678571429,0.20307019292091838
mgxahqnk,BSE,0,10,57.43283,17.176762,0.05318279655612245,0.05586336096938776
mgxahqnk,BSE,0,11,60.220535,29.816988,0.13140246332908162,0.1549396125637755
mgxahqnk,BSE,0,12,55.71997,16.137243,0.06002869897959184,0.03648158482142857
mgxahqnk,BSE,0,13,52.537045,21.88611,0.17380819515306123,0.054607780612244895
mgxahqnk,BSE,0,14,50.43324,19.082668,0.1402911750637755,0.018584582270408163
mgxahqnk,BSE,1,0,61.670723,27.25869,0.09749681122448979,0.1428272480867347
mgxahqnk,BSE,1,1,57.413643,19.595604,0.09658502072704081,0.07588289221938775
mgxahqnk,BSE,1,2,52.98035,17.979063,0.10719268176020408,0.02527602838010204
mgxahqnk,BSE,1,3,52.736397,16.832113,0.10053611288265306,0.018853635204081634
mgxahqnk,BSE,1,4,61.504513,22.69777,0.059251434948979595,0.11910574776785714
mgxahqnk,BSE,1,5,55.20936,10.520103,0.013716717155612245,0.005107023278061225
mgxahqnk,BSE,1,6,61.8826,23.060219,0.04105548469387755,0.11732700892857142
mgxahqnk,BSE,1,7,51.96724,19.112425,0.140625,0.025006975446428572
mgxahqnk,BSE,1,8,57.84183,16.005772,0.05552455357142857,0.04891780931122449
mgxahqnk,BSE,1,9,67.381584,36.414265,0.15824298469387754,0.27786192602040816
mgxahqnk,BSE,1,10,64.97541,32.814934,0.1332409917091837,0.22526705994897958
mgxahqnk,BSE,1,11,54.29603,17.12633,0.09647042410714286,0.024817641900510203
mgxahqnk,BSE,1,12,55.43349,21.736906,0.14686802455357142,0.07020288584183673
mgxahqnk,BSE,1,13,54.061707,24.38637,0.15248325892857142,0.07095523756377552
mgxahqnk,BSE,1,14,53.712105,16.11216,0.07595264668367346,0.02263034119897959
mgxahqnk,BSE,2,0,55.009502,16.395998,0.06783123405612244,0.02985989317602041
mgxahqnk,BSE,2,1,57.666813,20.030603,0.07566864636479592,0.075927734375
mgxahqnk,BSE,2,2,55.394623,15.6691,0.06979432397959184,0.027383609693877552
mgxahqnk,BSE,2,3,57.474968,14.169171,0.039431202168367346,0.0323112643494898
mgxahqnk,BSE,2,4,55.95465,17.255928,0.08386479591836735,0.03728376116071429
mgxahqnk,BSE,2,5,53.400963,16.205126,0.09599709024234694,0.018549705038265307
mgxahqnk,BSE,2,6,52.622986,17.125065,0.11190110809948979,0.022186902104591837
mgxahqnk,BSE,2,7,52.66601,17.360962,0.10408860809948979,0.024149992028061226
mgxahqnk,BSE,2,8,57.677395,21.270582,0.10279815051020408,0.08940529336734694
mgxahqnk,BSE,2,9,53.674187,14.522121,0.0779605787627551,0.0162777024872449
mgxahqnk,BSE,2,10,84.4205,36.328327,0.07889229910714286,0.4964624521683674
mgxahqnk,BSE,2,11,64.75587,29.610703,0.09011280293367346,0.18810287786989796
mgxahqnk,BSE,2,12,78.28253,33.185425,0.07763671875,0.3864895567602041
mgxahqnk,BSE,2,13,53.843777,23.57874,0.15357441804846939,0.06630660076530612
mgxahqnk,BSE,2,14,54.220795,20.523212,0.11160216039540816,0.05259984853316327
mgxahqnk,BSE,3,0,55.791924,15.453703,0.07050183354591837,0.029162348533163265
mgxahqnk,BSE,3,1,57.66043,16.61503,0.06361607142857142,0.05571388711734694
mgxahqnk,BSE,3,2,65.35243,26.99812,0.058225047831632654,0.18345922353316327
mgxahqnk,BSE,3,3,58.26035,20.580704,0.07839903539540816,0.07130400988520408
mgxahqnk,BSE,3,4,55.38809,19.065239,0.10314692283163265,0.041269730548469385
mgxahqnk,BSE,3,5,50.44333,18.92076,0.18037009725765307,0.01788703762755102
mgxahqnk,BSE,3,6,51.12712,20.892532,0.1818249760841837,0.04279436383928571
mgxahqnk,BSE,3,7,50.579464,22.096764,0.18551698022959184,0.042002152423469385
mgxahqnk,BSE,3,8,56.043194,17.892561,0.07547931281887756,0.05812539859693878
mgxahqnk,BSE,3,9,57.810127,20.575583,0.07457250478316327,0.06812519929846939
mgxahqnk,BSE,3,10,69.19713,28.02278,0.06512077487244898,0.2598852040816326
mgxahqnk,BSE,3,11,72.48978,31.192308,0.08138352997448979,0.31312280771683676
mgxahqnk,BSE,3,12,56.760517,18.576649,0.07993363360969388,0.05126953125
mgxahqnk,BSE,3,13,55.053272,18.97937,0.11381437340561225,0.04509626116071429
mgxahqnk,BSE,3,14,67.70155,30.579365,0.09934530452806123,0.24018455038265307
mgxahqnk,ETD,0,0,78.975494,28.183914,0.035968391262755105,0.08599728954081633
mgxahqnk,ETD,0,1,80.83829,31.092585,0.05579858896683673,0.11952427455357142
mgxahqnk,ETD,0,2,75.48704,37.81107,0.13823840082908162,0.1460907605229592
mgxahqnk,ETD,0,3,75.14784,27.170506,0.06640625,0.04128966039540816
mgxahqnk,ETD,0,4,66.15845,37.462955,0.18818259725765307,0.07000856983418367
mgxahqnk,ETD,0,5,75.13217,40.24255,0.14317602040816327,0.12294722576530612
mgxahqnk,ETD,0,6,79.9462,36.90122,0.07635622608418367,0.14634486607142858
mgxahqnk,ETD,0,7,69.583786,38.02718,0.15952845982142858,0.08576311383928571
mgxahqnk,ETD,0,8,73.24723,40.129524,0.16451092155612246,0.13426737882653061
mgxahqnk,ETD,0,9,80.60958,40.98499,0.10621113679846939,0.18450554049744897
mgxahqnk,ETD,0,10,75.15729,30.086418,0.058160275829081634,0.07183215082908163
mgxahqnk,ETD,0,11,74.43301,37.678997,0.13120316485969388,0.1442821269132653
mgxahqnk,ETD,0,12,74.165794,24.880533,0.05093072385204082,0.044578085140306124
mgxahqnk,ETD,0,13,68.62766,38.111664,0.16846699617346939,0.09057118941326531
mgxahqnk,ETD,0,14,67.55433,31.546747,0.13130281409438777,0.043536750637755105
mgxahqnk,ETD,1,0,79.34153,34.94061,0.08704858896683673,0.13605110012755103
mgxahqnk,ETD,1,1,73.83126,34.787376,0.09768614477040816,0.07959980867346939
mgxahqnk,ETD,1,2,71.56426,30.145912,0.10114397321428571,0.03928172831632653
mgxahqnk,ETD,1,3,70.928375,26.157324,0.08528977997448979,0.025988520408163265
mgxahqnk,ETD,1,4,79.64276,34.507225,0.07078583386479592,0.13030632174744897
mgxahqnk,ETD,1,5,76.05612,10.481122,0.0026556521045918366,0.004434390943877551
mgxahqnk,ETD,1,6,77.64905,28.594189,0.04634685905612245,0.09010283801020408
mgxahqnk,ETD,1,7,72.79038,36.037773,0.1324089205994898,0.07321727519132654
mgxahqnk,ETD,1,8,74.18336,29.54266,0.06147361288265306,0.0584343112244898
mgxahqnk,ETD,1,9,81.94496,44.585236,0.15175083705357142,0.2615443638392857
mgxahqnk,ETD,1,10,81.15939,40.935314,0.1257922114158163,0.2139269770408163
mgxahqnk,ETD,1,11,72.66932,27.830008,0.0863460618622449,0.03712432238520408
mgxahqnk,ETD,1,12,70.47766,37.970913,0.16045519770408162,0.08638093909438775
mgxahqnk,ETD,1,13,69.17637,33.744354,0.1354382573341837,0.07366071428571429
mgxahqnk,ETD,1,14,72.01204,23.51569,0.06501116071428571,0.0244140625
mgxahqnk,ETD,2,0,74.597374,26.681683,0.07367067920918367,0.04263492506377551
mgxahqnk,ETD,2,1,77.67139,28.619745,0.06170778858418367,0.07149832589285714
mgxahqnk,ETD,2,2,73.88651,27.027454,0.07409917091836735,0.037498007015306124
mgxahqnk,ETD,2,3,77.312386,23.830135,0.03894790338010204,0.04063197544642857
mgxahqnk,ETD,2,4,73.62707,30.084843,0.07900689572704081,0.05872827646683673
mgxahqnk,ETD,2,5,70.09369,26.66219,0.09326670121173469,0.025241151147959183
mgxahqnk,ETD,2,6,71.674416,30.405613,0.102294921875,0.04737822863520408
mgxahqnk,ETD,2,7,71.76628,30.480759,0.09983856823979592,0.04949079241071429
mgxahqnk,ETD,2,8,71.09776,34.02254,0.13270288584183673,0.07231046715561225
mgxahqnk,ETD,2,9,71.23783,27.99536,0.09381975446428571,0.03579898756377551
mgxahqnk,ETD,2,10,97.148674,38.0395,0.06873305963010204,0.38576211734693877
mgxahqnk,ETD,2,11,80.47543,33.125874,0.07907166772959184,0.14243861607142858
mgxahqnk,ETD,2,12,92.17461,39.826637,0.09066087372448979,0.30906210140306123
mgxahqnk,ETD,2,13,69.370865,36.719162,0.1569027024872449,0.07993363360969388
mgxahqnk,ETD,2,14,70.19269,31.548935,0.11681879783163265,0.06473214285714286
mgxahqnk,ETD,3,0,76.63722,29.76035,0.07917131696428571,0.05926638233418367
mgxahqnk,ETD,3,1,74.16694,29.024572,0.0719467474489796,0.04843451052295918
mgxahqnk,ETD,3,2,83.584946,34.052868,0.05590322066326531,0.18263213488520408
mgxahqnk,ETD,3,3,78.0663,30.137821,0.07591278698979592,0.07770149075255102
mgxahqnk,ETD,3,4,72.56306,30.70046,0.10870735012755102,0.05380560427295918
mgxahqnk,ETD,3,5,66.07622,34.00321,0.17302594866071427,0.04083625637755102
mgxahqnk,ETD,3,6,64.34466,34.631073,0.17995157047193877,0.04407983896683673
mgxahqnk,ETD,3,7,63.839302,36.743843,0.19862583705357142,0.05103037308673469
mgxahqnk,ETD,3,8,70.83549,26.164558,0.08042191485969388,0.029022839604591837
mgxahqnk,ETD,3,9,76.556206,28.804573,0.07158801020408163,0.07115951849489796
mgxahqnk,ETD,3,10,84.73224,33.836388,0.07375039859693877,0.17606026785714285
mgxahqnk,ETD,3,11,88.86824,37.139633,0.08044184470663265,0.2312609614158163
mgxahqnk,ETD,3,12,73.81227,27.558817,0.06771165497448979,0.0511848294005102
mgxahqnk,ETD,3,13,72.300514,36.588184,0.1346161511479592,0.08342633928571429
mgxahqnk,ETD,3,14,81.62372,39.413692,0.11673409598214286,0.20928332270408162
mgxahqnk,Inlens,0,0,102.89646,59.538486,0.11888651945153061,0.06815011160714286
mgxahqnk,Inlens,0,1,104.41585,53.537483,0.07242506377551021,0.052659638073979595
mgxahqnk,Inlens,0,2,107.09658,59.50424,0.11000279017857142,0.07163285235969388
mgxahqnk,Inlens,0,3,95.89192,56.744137,0.11516960299744898,0.06422891422193877
mgxahqnk,Inlens,0,4,110.94537,69.27381,0.14630500637755103,0.12235431281887756
mgxahqnk,Inlens,0,5,117.03412,65.902016,0.09953962053571429,0.10981345663265306
mgxahqnk,Inlens,0,6,124.11954,65.52369,0.060845822704081634,0.12721221301020408
mgxahqnk,Inlens,0,7,120.03235,65.461075,0.08526486766581633,0.12013213488520408
mgxahqnk,Inlens,0,8,101.60141,59.506004,0.15974270567602042,0.057492625956632654
mgxahqnk,Inlens,0,9,137.28107,68.94505,0.06711874202806123,0.16921934789540816
mgxahqnk,Inlens,0,10,108.351105,62.44798,0.07761180644132654,0.10403878348214286
mgxahqnk,Inlens,0,11,120.33565,68.177765,0.09394929846938775,0.1326480787627551
mgxahqnk,Inlens,0,12,105.9165,62.962017,0.08241489955357142,0.10715282206632654
mgxahqnk,Inlens,0,13,114.16631,71.52506,0.16344467474489796,0.14206493144132654
mgxahqnk,Inlens,0,14,96.394135,65.06475,0.18555683992346939,0.09486108896683673
mgxahqnk,Inlens,1,0,103.87444,53.04345,0.10070053411989796,0.03524593431122449
mgxahqnk,Inlens,1,1,127.72551,72.423325,0.0707260443239796,0.1888054049744898
mgxahqnk,Inlens,1,2,98.097435,61.54142,0.11165696747448979,0.09180683992346939
mgxahqnk,Inlens,1,3,96.43301,57.13808,0.11819395727040816,0.0681949537627551
mgxahqnk,Inlens,1,4,119.78783,66.92725,0.103515625,0.12858737244897958
mgxahqnk,Inlens,1,5,67.13205,16.624443,0.1427624760841837,0.0012904575892857143
mgxahqnk,Inlens,1,6,106.16129,56.38254,0.07583805006377552,0.06348154496173469
mgxahqnk,Inlens,1,7,103.61791,58.519478,0.10328144929846939,0.07122927295918367
mgxahqnk,Inlens,1,8,120.56549,63.148853,0.06845404177295919,0.10666454081632654
mgxahqnk,Inlens,1,9,143.98358,67.37283,0.06940569196428571,0.14460598692602042
mgxahqnk,Inlens,1,10,136.0688,64.73544,0.07627650669642858,0.1353386080994898
mgxahqnk,Inlens,1,11,106.25141,55.061226,0.05601283482142857,0.06571867028061225
mgxahqnk,Inlens,1,12,144.60693,71.1999,0.06181740274234694,0.21145567602040816
mgxahqnk,Inlens,1,13,111.54118,64.86591,0.13880141900510204,0.09732740752551021
mgxahqnk,Inlens,1,14,89.17606,52.145016,0.12891621492346939,0.054876833545918366
mgxahqnk,Inlens,2,0,87.65045,47.063972,0.12471599968112244,0.03327287946428571
mgxahqnk,Inlens,2,1,108.624016,65.98273,0.1328972018494898,0.10727240114795919
mgxahqnk,Inlens,2,2,117.28496,64.89291,0.06007852359693878,0.1248305963010204
mgxahqnk,Inlens,2,3,129.43202,59.27469,0.011469626913265306,0.13109355070153061
mgxahqnk,Inlens,2,4,133.05502,59.40743,0.03271982621173469,0.1351642219387755
mgxahqnk,Inlens,2,5,105.68809,50.883194,0.0635512994260204,0.0517578125
mgxahqnk,Inlens,2,6,98.92,60.741913,0.1609484614158163,0.08231525031887756
mgxahqnk,Inlens,2,7,96.76072,59.790466,0.16516362404336735,0.0745376275510204
mgxahqnk,Inlens,2,8,122.663765,66.51523,0.08379005899234694,0.13009705835459184
mgxahqnk,Inlens,2,9,102.01078,61.361084,0.08881238042091837,0.10049127072704081
mgxahqnk,Inlens,2,10,152.21072,42.727318,0.017558195153061226,0.06647102200255102
mgxahqnk,Inlens,2,11,117.264786,53.280807,0.06915656887755102,0.04266481983418367
mgxahqnk,Inlens,2,12,161.33182,48.18529,0.014917490433673469,0.12859235491071427
mgxahqnk,Inlens,2,13,113.105865,66.762184,0.1450793207908163,0.10852798150510204
mgxahqnk,Inlens,2,14,100.51025,61.7191,0.14651925223214285,0.09265385841836735
mgxahqnk,Inlens,3,0,113.194595,61.255314,0.046551139987244895,0.10171197385204081
mgxahqnk,Inlens,3,1,114.47497,61.27937,0.07656548947704081,0.0840591119260204
mgxahqnk,Inlens,3,2,123.97569,59.634304,0.08735251913265306,0.07426359215561225
mgxahqnk,Inlens,3,3,124.68752,58.96876,0.07189194036989796,0.09315708705357142
mgxahqnk,Inlens,3,4,122.4265,54.73595,0.06419403698979592,0.08305763711734694
mgxahqnk,Inlens,3,5,108.76361,49.751297,0.09505540497448979,0.04951570471938776
mgxahqnk,Inlens,3,6,99.081474,60.852543,0.21446508290816327,0.06218610491071429
mgxahqnk,Inlens,3,7,111.20393,70.54123,0.16135702327806123,0.12139768016581633
mgxahqnk,Inlens,3,8,107.55084,64.17999,0.10248425542091837,0.11147759885204081
mgxahqnk,Inlens,3,9,115.26543,55.163242,0.046929807079081634,0.060870735012755105
mgxahqnk,Inlens,3,10,141.60213,59.901558,0.03713428730867347,0.11703802614795919
mgxahqnk,Inlens,3,11,149.105,53.909256,0.03557477678571429,0.10256397480867346
mgxahqnk,Inlens,3,12,115.603195,66.21346,0.08466697225765306,0.12179627710459184
mgxahqnk,Inlens,3,13,137.9615,67.58671,0.03895786830357143,0.1753527582908163
mgxahqnk,Inlens,3,14,150.76552,61.714893,0.024972098214285716,0.19112723214285715
pl8uabbv,BSE,0,0,57.57527,29.20687,0.12270308514030612,0.21562599649234693
pl8uabbv,BSE,0,1,58.435726,25.215378,0.10078523596938775,0.20437061543367346
pl8uabbv,BSE,0,2,62.028954,32.057014,0.13083446269132654,0.28305863360969385
pl8uabbv,BSE,0,3,59.74819,23.615597,0.028494698660714284,0.16941366390306123
pl8uabbv,BSE,0,4,52.13202,19.34924,0.06891741071428571,0.07179727359693877
pl8uabbv,BSE,0,5,48.83491,20.202919,0.13846261160714285,0.05329241071428571
pl8uabbv,BSE,0,6,54.649837,27.825432,0.1319903938137755,0.1451839524872449
pl8uabbv,BSE,0,7,53.246567,16.360657,0.04758749202806122,0.052320830676020405
pl8uabbv,BSE,0,8,59.44106,23.099909,0.05437858737244898,0.1532605229591837
pl8uabbv,BSE,0,9,61.621696,25.586784,0.04720882493622449,0.18815768494897958
pl8uabbv,BSE,0,10,53.76983,15.9784565,0.04808075573979592,0.053187779017857144
pl8uabbv,BSE,0,11,52.628265,23.49314,0.10178671077806123,0.08803013392857142
pl8uabbv,BSE,0,12,54.431923,15.96212,0.03404516103316327,0.06517558195153061
pl8uabbv,BSE,0,13,64.43739,29.02852,0.06601263552295919,0.23743423150510204
pl8uabbv,BSE,0,14,53.57586,19.545305,0.08130381058673469,0.06610730229591837
pl8uabbv,BSE,1,0,50.583256,26.971258,0.20088787468112246,0.12935467155612246
pl8uabbv,BSE,1,1,46.624317,22.069248,0.1822086256377551,0.05440349968112245
pl8uabbv,BSE,1,2,45.344234,25.524689,0.19371312978316327,0.07663026147959184
pl8uabbv,BSE,1,3,46.075764,26.014168,0.19918885522959184,0.09502052774234694
pl8uabbv,BSE,1,4,52.52191,26.915886,0.14190051020408162,0.1168686224489796
pl8uabbv,BSE,1,5,50.32659,14.613181,0.0459831393494898,0.021544164540816327
pl8uabbv,BSE,1,6,49.858734,16.402817,0.07962472098214286,0.03108059630102041
pl8uabbv,BSE,1,7,52.142117,15.349246,0.04062201052295918,0.040671835140306124
pl8uabbv,BSE,1,8,57.812405,25.190678,0.07656548947704081,0.16057477678571427
pl8uabbv,BSE,1,9,50.32693,16.522165,0.06756218112244898,0.031394491390306124
pl8uabbv,BSE,1,10,55.10734,23.833641,0.0726741868622449,0.1085628587372449
pl8uabbv,BSE,1,11,50.63197,18.243595,0.08079559948979592,0.04893773915816327
pl8uabbv,BSE,1,12,50.120785,18.419756,0.08799027423469388,0.04230608258928571
pl8uabbv,BSE,1,13,62.00166,31.804983,0.10741689253826531,0.2621372767857143
pl8uabbv,BSE,1,14,46.131268,19.209202,0.1565539301658163,0.02976024394132653
pl8uabbv,BSE,2,0,48.23444,19.446903,0.12863221460459184,0.038494499362244895
pl8uabbv,BSE,2,1,47.66006,20.871803,0.1327178332270408,0.0450813137755102
pl8uabbv,BSE,2,2,54.643356,26.260147,0.10308215082908163,0.1407047193877551
pl8uabbv,BSE,2,3,49.563515,18.486416,0.10440250318877552,0.040602080676020405
pl8uabbv,BSE,2,4,51.757504,15.301795,0.04905731823979592,0.034299266581632654
pl8uabbv,BSE,2,5,52.079037,17.893778,0.06195192920918367,0.05714883609693878
pl8uabbv,BSE,2,6,53.302338,21.828932,0.09135841836734694,0.0882991868622449
pl8uabbv,BSE,2,7,54.877766,27.375391,0.12241410235969388,0.14695272640306123
pl8uabbv,BSE,2,8,58.27971,25.287647,0.06092055963010204,0.1492645886479592
pl8uabbv,BSE,2,9,53.905098,18.003395,0.03990453603316327,0.061179647640306124
pl8uabbv,BSE,2,10,68.224556,33.522163,0.07290338010204081,0.3217623963647959
pl8uabbv,BSE,2,11,49.843685,16.499594,0.06869818239795919,0.02952606823979592
pl8uabbv,BSE,2,12,48.615086,18.63242,0.11077507174744898,0.03511140784438776
pl8uabbv,BSE,2,13,52.709877,20.06252,0.07740752551020408,0.07176239636479592
pl8uabbv,BSE,2,14,47.285744,19.209011,0.12479073660714286,0.025684590242346938
pl8uabbv,BSE,3,0,51.891663,25.813513,0.13783980389030612,0.10101941167091837
pl8uabbv,BSE,3,1,52.782303,15.177377,0.04081134406887755,0.041449099170918366
pl8uabbv,BSE,3,2,51.07387,19.696976,0.08693897480867346,0.05126953125
pl8uabbv,BSE,3,3,51.47018,18.350012,0.08557378029336735,0.047597456951530615
pl8uabbv,BSE,3,4,46.75221,22.61604,0.16841717155612246,0.042335977359693876
pl8uabbv,BSE,3,5,58.624905,28.081661,0.07493124202806123,0.16563197544642858
pl8uabbv,BSE,3,6,54.512405,21.31536,0.07116948341836735,0.08730767697704081
pl8uabbv,BSE,3,7,49.111115,19.869331,0.12021683673469388,0.04350685586734694
pl8uabbv,BSE,3,8,50.876526,16.804497,0.07701889349489796,0.03701470822704082
pl8uabbv,BSE,3,9,50.955273,17.66846,0.08402921715561225,0.04066187021683673
pl8uabbv,BSE,3,10,47.34758,19.974745,0.133544921875,0.028918207908163265
pl8uabbv,BSE,3,11,50.583984,16.126019,0.06932099011479592,0.03169842155612245
pl8uabbv,BSE,3,12,60.08786,25.547184,0.054876833545918366,0.1700115593112245
pl8uabbv,BSE,3,13,46.51318,21.683136,0.1785514987244898,0.045888472576530615
pl8uabbv,BSE,3,14,48.897217,22.729073,0.1430066167091837,0.058827925701530615
pl8uabbv,BSE,4,0,56.395145,24.787655,0.09604193239795919,0.13124302455357142
pl8uabbv,BSE,4,1,52.67298,18.969488,0.08800522161989796,0.05856883769132653
pl8uabbv,BSE,4,2,55.924343,23.450623,0.09112424266581633,0.12117845184948979
pl8uabbv,BSE,4,3,54.33372,15.584075,0.038255341198979595,0.048459422831632654
pl8uabbv,BSE,4,4,60.142235,23.901396,0.046750438456632654,0.15335518973214285
pl8uabbv,BSE,4,5,54.672913,22.379557,0.08148317920918367,0.09094487404336735
pl8uabbv,BSE,4,6,51.926746,22.119621,0.11962890625,0.07344148596938775
pl8uabbv,BSE,4,7,53.573627,17.984573,0.05443837691326531,0.04928651147959184
pl8uabbv,BSE,4,8,56.33328,25.205809,0.09999800701530612,0.13807397959183673
pl8uabbv,BSE,4,9,54.855484,25.906496,0.12233936543367346,0.12663922991071427
pl8uabbv,BSE,4,10,53.709835,18.752188,0.07025271045918367,0.06256477200255102
pl8uabbv,BSE,4,11,49.986046,19.939178,0.12984295280612246,0.04871851084183673
pl8uabbv,BSE,4,12,59.522186,30.328445,0.11381437340561225,0.18753487723214285
pl8uabbv,BSE,4,13,68.25686,33.836773,0.0729233099489796,0.27965561224489793
pl8uabbv,BSE,4,14,55.199997,24.123774,0.10364516900510204,0.10597696109693877
pl8uabbv,ETD,0,0,83.08431,44.782574,0.11321647799744898,0.23060327646683673
pl8uabbv,ETD,0,1,84.28079,46.177353,0.10255899234693877,0.22724509725765307
pl8uabbv,ETD,0,2,78.55269,45.28207,0.1720244738520408,0.2561533402423469
pl8uabbv,ETD,0,3,81.65646,29.354464,0.0283203125,0.13591159119897958
pl8uabbv,ETD,0,4,77.78678,29.20811,0.05565908003826531,0.07265425701530612
pl8uabbv,ETD,0,5,67.28868,37.19156,0.17499402104591838,0.07224569515306123
pl8uabbv,ETD,0,6,75.824684,38.821556,0.13708246970663265,0.15579659598214285
pl8uabbv,ETD,0,7,76.99208,25.202192,0.04905731823979592,0.05103037308673469
pl8uabbv,ETD,0,8,84.495056,30.334724,0.04277443399234694,0.15064473054846939
pl8uabbv,ETD,0,9,81.11718,27.616379,0.04271962691326531,0.13253348214285715
pl8uabbv,ETD,0,10,77.1433,24.859688,0.042889030612244895,0.05131437340561224
pl8uabbv,ETD,0,11,73.71794,30.88781,0.09516501913265306,0.08840381855867346
pl8uabbv,ETD,0,12,79.56977,28.784145,0.02991470025510204,0.07456253985969388
pl8uabbv,ETD,0,13,84.62177,38.164745,0.062420280612244895,0.22945731026785715
pl8uabbv,ETD,0,14,72.616295,32.70832,0.10242446588010204,0.08592255261479592
pl8uabbv,ETD,1,0,66.469025,47.843727,0.22359793526785715,0.15068957270408162
pl8uabbv,ETD,1,1,61.766506,38.332386,0.24738919005102042,0.057542450573979595
pl8uabbv,ETD,1,2,68.16613,37.217632,0.15954340720663265,0.09931540975765306
pl8uabbv,ETD,1,3,65.974785,36.926926,0.18482441804846939,0.08758171237244898
pl8uabbv,ETD,1,4,69.675575,36.55448,0.13049067283163265,0.11146763392857142
pl8uabbv,ETD,1,5,74.04215,19.516521,0.03867885044642857,0.016183035714285716
pl8uabbv,ETD,1,6,70.59367,27.797813,0.08809988839285714,0.0453254544005102
pl8uabbv,ETD,1,7,76.532906,23.634132,0.03899772799744898,0.04830994897959184
pl8uabbv,ETD,1,8,79.39019,36.651203,0.07962472098214286,0.15718670280612246
pl8uabbv,ETD,1,9,68.68531,24.818275,0.08359574298469388,0.021708585778061226
pl8uabbv,ETD,1,10,76.06957,29.07943,0.06732800542091837,0.10756138392857142
pl8uabbv,ETD,1,11,72.35014,26.537422,0.07423867984693877,0.053232621173469385
pl8uabbv,ETD,1,12,72.40919,29.319946,0.07953005420918367,0.06634646045918367
pl8uabbv,ETD,1,13,79.013336,37.994595,0.10708306760204081,0.20822205835459184
pl8uabbv,ETD,1,14,62.822254,33.074265,0.16817303093112246,0.044134646045918366
pl8uabbv,ETD,2,0,70.195274,32.456795,0.12300203284438775,0.05847915338010204
pl8uabbv,ETD,2,1,70.12077,30.652988,0.11095942283163265,0.05947564572704082
pl8uabbv,ETD,2,2,77.12343,35.82537,0.10987324617346939,0.1462452168367347
pl8uabbv,ETD,2,3,69.63767,28.95159,0.10387436224489796,0.04452327806122449
pl8uabbv,ETD,2,4,75.004585,22.27652,0.04111029177295918,0.03651646205357143
pl8uabbv,ETD,2,5,73.95553,27.661055,0.06214126275510204,0.06293845663265306
pl8uabbv,ETD,2,6,75.172646,32.792747,0.08987862723214286,0.10434271364795919
pl8uabbv,ETD,2,7,74.93205,39.506065,0.13090421715561223,0.15767996651785715
pl8uabbv,ETD,2,8,80.55527,32.78092,0.06029775191326531,0.1521045918367347
pl8uabbv,ETD,2,9,74.5852,23.364853,0.03765744579081633,0.056765186543367346
pl8uabbv,ETD,2,10,86.53043,36.761105,0.07492625956632654,0.28506656568877553
pl8uabbv,ETD,2,11,72.48119,24.973186,0.06075115593112245,0.03919204400510204
pl8uabbv,ETD,2,12,69.603806,30.6004,0.10501036352040816,0.05687978316326531
pl8uabbv,ETD,2,13,73.32937,28.639229,0.079833984375,0.07843391262755102
pl8uabbv,ETD,2,14,66.25427,27.966646,0.12828344228316327,0.02654655612244898
pl8uabbv,ETD,3,0,73.056206,38.40113,0.1451042330994898,0.10706313775510204
pl8uabbv,ETD,3,1,73.76563,22.124031,0.045245735012755105,0.03364656409438776
pl8uabbv,ETD,3,2,72.90169,28.65587,0.08522002551020408,0.053790656887755105
pl8uabbv,ETD,3,3,71.88894,28.218248,0.08167251275510204,0.0484992825255102
pl8uabbv,ETD,3,4,66.39601,33.629612,0.16500916772959184,0.049680125956632654
pl8uabbv,ETD,3,5,80.667915,30.989729,0.06517059948979592,0.15571189413265307
pl8uabbv,ETD,3,6,76.03565,29.53505,0.07016302614795919,0.08774613360969388
pl8uabbv,ETD,3,7,69.02579,30.044863,0.11893136160714286,0.038564253826530615
pl8uabbv,ETD,3,8,72.247406,26.52697,0.07660036670918367,0.0400390625
pl8uabbv,ETD,3,9,71.51007,25.622805,0.07343152104591837,0.037767059948979595
pl8uabbv,ETD,3,10,65.79137,28.77906,0.13244379783163265,0.025579958545918366
pl8uabbv,ETD,3,11,72.19923,25.357687,0.0703922193877551,0.036900111607142856
pl8uabbv,ETD,3,12,79.66705,28.072344,0.048972616390306124,0.1339385363520408
pl8uabbv,ETD,3,13,63.388557,36.330647,0.20853595344387754,0.05978954081632653
pl8uabbv,ETD,3,14,67.08167,33.88829,0.14899553571428573,0.06344168526785714
pl8uabbv,ETD,4,0,77.7615,35.68218,0.09972397161989796,0.13058533960459184
pl8uabbv,ETD,4,1,74.21893,28.797136,0.08813974808673469,0.057373046875
pl8uabbv,ETD,4,2,76.41769,30.158195,0.09031210140306123,0.09238480548469388
pl8uabbv,ETD,4,3,76.3272,22.917368,0.042236328125,0.044712611607142856
pl8uabbv,ETD,4,4,81.27019,26.495386,0.03847955197704082,0.12642996651785715
pl8uabbv,ETD,4,5,75.34883,32.96976,0.08932059151785714,0.10520467952806123
pl8uabbv,ETD,4,6,72.46193,32.728104,0.11201072225765306,0.07707868303571429
pl8uabbv,ETD,4,7,73.48396,22.730438,0.05523557079081633,0.032924107142857144
pl8uabbv,ETD,4,8,73.92527,33.70781,0.11113879145408163,0.10972377232142858
pl8uabbv,ETD,4,9,73.04171,36.434406,0.13361965880102042,0.12216497927295919
pl8uabbv,ETD,4,10,72.48227,24.951204,0.07254962531887756,0.03822046396683673
pl8uabbv,ETD,4,11,67.29753,30.656393,0.14236387914540816,0.03588368941326531
pl8uabbv,ETD,4,12,77.08241,35.108906,0.10990812340561225,0.1631756218112245
pl8uabbv,ETD,4,13,84.938156,34.983574,0.07208127391581633,0.24760343590561223
pl8uabbv,ETD,4,14,73.122696,31.97464,0.10681401466836735,0.09066087372448979
pl8uabbv,Inlens,0,0,148.81142,82.47209,0.2957290338010204,0.33349609375
pl8uabbv,Inlens,0,1,156.13934,71.52367,0.18134665975765307,0.30848413584183676
pl8uabbv,Inlens,0,2,165.21616,65.372925,0.14122787786989796,0.2746432557397959
pl8uabbv,Inlens,0,3,125.78686,70.00172,0.34326171875,0.1428820551658163
pl8uabbv,Inlens,0,4,122.510864,66.89629,0.34914102359693877,0.10159239477040816
pl8uabbv,Inlens,0,5,162.60033,56.60733,0.08325693558673469,0.22760383450255103
pl8uabbv,Inlens,0,6,156.2839,49.98054,0.07822464923469388,0.13408801020408162
pl8uabbv,Inlens,0,7,162.60649,35.875446,0.009999800701530613,0.11898118622448979
pl8uabbv,Inlens,0,8,172.82788,46.49649,0.03400530133928571,0.22115652901785715
pl8uabbv,Inlens,0,9,169.06932,44.905254,0.020876514668367346,0.2329998405612245
pl8uabbv,Inlens,0,10,163.69958,36.881996,0.012829838966836735,0.12742645886479592
pl8uabbv,Inlens,0,11,159.81575,51.42758,0.05642139668367347,0.17735072544642858
pl8uabbv,Inlens,0,12,153.74371,34.06681,0.014593630420918368,0.07652064732142858
pl8uabbv,Inlens,0,13,175.58932,45.874012,0.027149433992346938,0.2525161431760204
pl8uabbv,Inlens,0,14,168.67792,38.93681,0.01951630261479592,0.17012117346938777
pl8uabbv,Inlens,1,0,163.00148,70.44969,0.14237384406887754,0.31472716039540816
pl8uabbv,Inlens,1,1,141.01932,53.903336,0.10674426020408163,0.11890644929846939
pl8uabbv,Inlens,1,2,109.747856,60.391796,0.35255899234693877,0.07004344706632654
pl8uabbv,Inlens,1,3,96.37242,62.837906,0.5260881696428571,0.06827467315051021
pl8uabbv,Inlens,1,4,135.09834,46.761105,0.13007712850765307,0.07215102838010204
pl8uabbv,Inlens,1,5,138.65991,33.244007,0.02790676817602041,0.04571906887755102
pl8uabbv,Inlens,1,6,152.16368,40.41752,0.024189851721938774,0.11691346460459184
pl8uabbv,Inlens,1,7,148.03247,33.555954,0.010552853954081632,0.08257932079081633
pl8uabbv,Inlens,1,8,172.27441,49.13186,0.02635224011479592,0.2640355947066326
pl8uabbv,Inlens,1,9,147.69812,38.36882,0.03375617825255102,0.07656548947704081
pl8uabbv,Inlens,1,10,150.31934,37.03341,0.027224170918367346,0.09282326211734694
pl8uabbv,Inlens,1,11,143.63052,37.54807,0.025021922831632654,0.07959980867346939
pl8uabbv,Inlens,1,12,146.42172,45.3406,0.044513313137755105,0.11463647959183673
pl8uabbv,Inlens,1,13,160.92346,52.541027,0.051189811862244895,0.22726502710459184
pl8uabbv,Inlens,1,14,139.14107,48.216076,0.10562818877551021,0.10283801020408163
pl8uabbv,Inlens,2,0,130.43901,42.972454,0.0855289381377551,0.052564971301020405
pl8uabbv,Inlens,2,1,129.07872,45.125164,0.09388950892857142,0.0598991549744898
pl8uabbv,Inlens,2,2,139.49194,44.766766,0.06631656568877552,0.08288325095663265
pl8uabbv,Inlens,2,3,139.13374,39.293137,0.04487205038265306,0.07117446588010204
pl8uabbv,Inlens,2,4,136.77824,33.943592,0.02658641581632653,0.052699497767857144
pl8uabbv,Inlens,2,5,147.2643,46.870243,0.027363679846938774,0.14207987882653061
pl8uabbv,Inlens,2,6,157.53166,45.268196,0.03682039221938776,0.16357421875
pl8uabbv,Inlens,2,7,153.5621,49.584538,0.07133390465561225,0.14514409279336735
pl8uabbv,Inlens,2,8,153.15123,41.949696,0.03256038743622449,0.11736188616071429
pl8uabbv,Inlens,2,9,142.49097,33.36818,0.016063456632653062,0.06399473852040816
pl8uabbv,Inlens,2,10,151.49628,41.35392,0.04352180325255102,0.09547393176020408
pl8uabbv,Inlens,2,11,129.93051,37.482586,0.045664261798469385,0.04519092793367347
pl8uabbv,Inlens,2,12,136.34549,43.198048,0.05640146683673469,0.07249481823979592
pl8uabbv,Inlens,2,13,141.1242,39.83835,0.041748046875,0.07675980548469388
pl8uabbv,Inlens,2,14,129.85753,39.54177,0.07078085140306123,0.044911910076530615
pl8uabbv,Inlens,3,0,130.76157,55.238064,0.11849290497448979,0.10693359375
pl8uabbv,Inlens,3,1,135.12323,34.30124,0.016551737882653062,0.06473214285714286
pl8uabbv,Inlens,3,2,125.70456,34.15962,0.0672183912627551,0.028370137117346938
pl8uabbv,Inlens,3,3,136.14696,37.565025,0.04905731823979592,0.04796117665816327
pl8uabbv,Inlens,3,4,121.21867,45.463947,0.12864716198979592,0.04742805325255102
pl8uabbv,Inlens,3,5,137.83696,43.32847,0.0572883450255102,0.06661053093112244
pl8uabbv,Inlens,3,6,145.67303,44.635998,0.04969507334183673,0.10127351721938775
pl8uabbv,Inlens,3,7,133.94981,45.23685,0.09242964764030612,0.07417390784438775
pl8uabbv,Inlens,3,8,140.64767,38.063526,0.03167350924744898,0.07544941804846939
pl8uabbv,Inlens,3,9,135.02986,37.423344,0.055908203125,0.05295360331632653
pl8uabbv,Inlens,3,10,121.317764,34.41388,0.09636579241071429,0.01911770567602041
pl8uabbv,Inlens,3,11,128.83522,35.265377,0.03519610969387755,0.05198202327806122
pl8uabbv,Inlens,3,12,140.62003,39.637978,0.03652642697704082,0.06498126594387756
pl8uabbv,Inlens,3,13,123.78707,48.13327,0.1610481106505102,0.054273955676020405
pl8uabbv,Inlens,3,14,132.30368,51.075417,0.09685905612244898,0.0831772161989796
pl8uabbv,Inlens,4,0,118.22786,35.233727,0.10791513871173469,0.024777782206632654
pl8uabbv,Inlens,4,1,111.70599,33.37499,0.12692821269132654,0.01968570631377551
pl8uabbv,Inlens,4,2,116.96718,38.045097,0.1106754225127551,0.021364795918367346
pl8uabbv,Inlens,4,3,116.21472,31.653803,0.04178790656887755,0.03193259725765306
pl8uabbv,Inlens,4,4,122.86965,33.795094,0.046018016581632654,0.02760283801020408
pl8uabbv,Inlens,4,5,125.990715,37.889557,0.06174266581632653,0.03666095344387755
pl8uabbv,Inlens,4,6,115.17298,38.05385,0.11645009566326531,0.02295918367346939
pl8uabbv,Inlens,4,7,108.5228,23.255144,0.056715361926020405,0.0019431600765306123
pl8uabbv,Inlens,4,8,123.83187,44.480667,0.10016242825255102,0.06521544164540816
pl8uabbv,Inlens,4,9,117.609886,42.39535,0.13097895408163265,0.040029097576530615
pl8uabbv,Inlens,4,10,108.95761,29.788898,0.09533442283163265,0.015146683673469387
pl8uabbv,Inlens,4,11,97.45403,33.14642,0.25679109534438777,0.01346759406887755
pl8uabbv,Inlens,4,12,106.50733,42.245026,0.16884068080357142,0.02175342793367347
pl8uabbv,Inlens,4,13,123.04313,39.1389,0.07093032525510204,0.038006218112244895
pl8uabbv,Inlens,4,14,117.15478,40.20288,0.11510483099489796,0.036875199298469385
ptg8lmto,BSE,0,0,65.909805,27.777508,0.08307258450255102,0.192626953125
ptg8lmto,BSE,0,1,68.83478,32.42486,0.10989815848214286,0.25721958705357145
ptg8lmto,BSE,0,2,59.503365,25.121035,0.1427375637755102,0.13129284917091838
ptg8lmto,BSE,0,3,55.140396,19.338335,0.13773517219387754,0.05887775031887755
ptg8lmto,BSE,0,4,73.5601,32.257374,0.09471161511479592,0.33662507971938777
ptg8lmto,BSE,0,5,57.64435,19.414152,0.09308733258928571,0.0708805006377551
ptg8lmto,BSE,0,6,56.530277,11.273741,0.02320830676020408,0.013671875
ptg8lmto,BSE,0,7,57.02298,16.16956,0.06579340720663265,0.04104053730867347
ptg8lmto,BSE,0,8,54.006508,16.079315,0.11402363679846939,0.030029296875
ptg8lmto,BSE,0,9,54.184467,21.725008,0.16258769132653061,0.06569375797193877
ptg8lmto,BSE,0,10,60.10991,22.668299,0.09457210618622448,0.12003248565051021
ptg8lmto,BSE,0,11,54.414845,15.578528,0.1041683274872449,0.026895328443877552
ptg8lmto,BSE,0,12,63.492523,28.642448,0.1072524713010204,0.16667829241071427
ptg8lmto,BSE,0,13,51.51076,17.18128,0.15059490593112246,0.014673349808673469
ptg8lmto,BSE,0,14,54.286,15.178843,0.07642598054846939,0.01788703762755102
ptg8lmto,BSE,1,0,57.918488,14.078752,0.036611128826530615,0.044264190051020405
ptg8lmto,BSE,1,1,57.070004,16.665838,0.067626953125,0.05506118463010204
ptg8lmto,BSE,1,2,56.709896,20.147633,0.11037149234693877,0.07180723852040816
ptg8lmto,BSE,1,3,56.215027,14.0155525,0.05488181600765306,0.027134486607142856
ptg8lmto,BSE,1,4,57.845764,16.50272,0.056640625,0.05760224011479592
ptg8lmto,BSE,1,5,53.538784,17.183052,0.12196069834183673,0.029979472257653062
ptg8lmto,BSE,1,6,53.31659,14.32997,0.07300801179846939,0.006277901785714286
ptg8lmto,BSE,1,7,59.94648,26.308975,0.13398836096938777,0.1331513073979592
ptg8lmto,BSE,1,8,56.417713,17.410524,0.10175681600765306,0.05576869419642857
ptg8lmto,BSE,1,9,59.719456,23.922894,0.10297253667091837,0.11256875797193877
ptg8lmto,BSE,1,10,57.088993,17.46582,0.07233537946428571,0.053546516262755105
ptg8lmto,BSE,1,11,61.695553,24.62967,0.07774633290816327,0.1231216119260204
ptg8lmto,BSE,1,12,61.42348,22.719463,0.06522540656887756,0.11595683195153061
ptg8lmto,BSE,1,13,58.890026,22.955456,0.10888671875,0.09885702327806123
ptg8lmto,BSE,1,14,52.6813,18.536535,0.12851761798469388,0.026571468431122448
ptg8lmto,BSE,2,0,52.76073,15.852095,0.11416812818877552,0.013691804846938776
ptg8lmto,BSE,2,1,58.47992,16.77629,0.04265485491071429,0.06105010363520408
ptg8lmto,BSE,2,2,61.722424,29.368458,0.1306750239158163,0.15468550701530612
ptg8lmto,BSE,2,3,60.28164,20.283604,0.06093052455357143,0.09467673788265306
ptg8lmto,BSE,2,4,60.35293,20.937294,0.07025271045918367,0.10100944674744898
ptg8lmto,BSE,2,5,57.10627,17.943161,0.07390983737244898,0.05333227040816327
ptg8lmto,BSE,2,6,65.19231,36.66612,0.22944734534438777,0.2695910395408163
ptg8lmto,BSE,2,7,80.68484,36.6012,0.08880739795918367,0.4213269292091837
ptg8lmto,BSE,2,8,55.26602,17.385702,0.10547871492346939,0.045310507015306124
ptg8lmto,BSE,2,9,56.394814,18.511517,0.10035176179846939,0.06033262914540816
ptg8lmto,BSE,2,10,58.25093,17.890738,0.06605249521683673,0.06706891741071429
ptg8lmto,BSE,2,11,59.320686,20.961826,0.07530492665816327,0.08710837850765306
ptg8lmto,BSE,2,12,61.357742,24.089935,0.09770109215561225,0.134765625
ptg8lmto,BSE,2,13,56.457813,19.127497,0.09210578762755102,0.05444834183673469
ptg8lmto,BSE,2,14,56.729786,21.585587,0.11755121970663265,0.07335180165816327
ptg8lmto,ETD,0,0,75.78432,38.777733,0.11055584343112244,0.1840870137117347
ptg8lmto,ETD,0,1,76.39721,38.93416,0.14286710778061223,0.21803252551020408
ptg8lmto,ETD,0,2,71.92332,38.939926,0.15603575414540816,0.14765027104591838
ptg8lmto,ETD,0,3,64.77457,32.57419,0.15605070153061223,0.06279894770408163
ptg8lmto,ETD,0,4,82.64551,39.836937,0.11300721460459184,0.2827048788265306
ptg8lmto,ETD,0,5,67.06003,31.135532,0.10916573660714286,0.06956513073979592
ptg8lmto,ETD,0,6,70.49089,11.76951,0.008425342793367346,0.008928571428571428
ptg8lmto,ETD,0,7,72.47,26.90759,0.06054189253826531,0.06403459821428571
ptg8lmto,ETD,0,8,67.54883,29.58338,0.11032665019132654,0.05979950573979592
ptg8lmto,ETD,0,9,65.08194,34.317318,0.1713817362882653,0.07583306760204081
ptg8lmto,ETD,0,10,74.4283,33.776634,0.09042669802295919,0.11707788584183673
ptg8lmto,ETD,0,11,65.789665,28.700832,0.10613639987244898,0.04479233099489796
ptg8lmto,ETD,0,12,76.685295,36.23902,0.10435766103316327,0.16905990911989796
ptg8lmto,ETD,0,13,61.079075,29.05638,0.15796894929846939,0.02757294323979592
ptg8lmto,ETD,0,14,68.593,23.968243,0.06630660076530612,0.036964883609693876
ptg8lmto,ETD,1,0,71.66934,22.72055,0.027393574617346938,0.052325813137755105
ptg8lmto,ETD,1,1,70.27837,29.546124,0.07667012117346939,0.06733298788265306
ptg8lmto,ETD,1,2,68.08524,31.431572,0.1285774075255102,0.08025251116071429
ptg8lmto,ETD,1,3,69.47938,22.231236,0.04535036670918367,0.03651646205357143
ptg8lmto,ETD,1,4,70.47807,25.41848,0.054567920918367346,0.05681501116071429
ptg8lmto,ETD,1,5,64.936676,28.16427,0.1219905931122449,0.04346201371173469
ptg8lmto,ETD,1,6,68.944374,20.760605,0.05711395886479592,0.015076929209183673
ptg8lmto,ETD,1,7,73.61174,39.080082,0.14692283163265307,0.14401805644132654
ptg8lmto,ETD,1,8,67.962654,32.44221,0.10079021843112244,0.0780452806122449
ptg8lmto,ETD,1,9,72.24136,33.208427,0.09503547512755102,0.11668925382653061
ptg8lmto,ETD,1,10,67.52165,26.725502,0.08706353635204081,0.05069156568877551
ptg8lmto,ETD,1,11,73.87574,31.639303,0.07305783641581633,0.12985790019132654
ptg8lmto,ETD,1,12,75.71944,30.660511,0.06636140784438775,0.1252391581632653
ptg8lmto,ETD,1,13,70.02399,31.260338,0.10963408801020408,0.09128368144132654
ptg8lmto,ETD,1,14,66.50188,30.40109,0.12271803252551021,0.05524055325255102
ptg8lmto,ETD,2,0,62.29959,23.075315,0.11843809789540816,0.008310746173469387
ptg8lmto,ETD,2,1,70.58883,23.15346,0.036944953762755105,0.0556640625
ptg8lmto,ETD,2,2,72.616196,39.17296,0.14661391900510204,0.16660355548469388
ptg8lmto,ETD,2,3,72.89776,28.991505,0.06271922831632654,0.09099968112244898
ptg8lmto,ETD,2,4,73.375145,29.223488,0.06911172672193877,0.0997787786989796
ptg8lmto,ETD,2,5,69.18054,24.892,0.07205636160714286,0.056251992984693876
ptg8lmto,ETD,2,6,73.523155,46.305355,0.2208525988520408,0.24492785395408162
ptg8lmto,ETD,2,7,88.868385,39.371243,0.09688895089285714,0.36503507653061223
ptg8lmto,ETD,2,8,64.16287,30.380108,0.13816864636479592,0.04984952965561224
ptg8lmto,ETD,2,9,71.41143,35.29441,0.10325653698979592,0.09023238201530612
ptg8lmto,ETD,2,10,72.29442,29.3496,0.06508091517857142,0.08080556441326531
ptg8lmto,ETD,2,11,70.308235,28.177372,0.08490114795918367,0.08494599011479592
ptg8lmto,ETD,2,12,74.6445,34.636948,0.09858298788265306,0.14423230229591838
ptg8lmto,ETD,2,13,68.252716,27.7941,0.09115413743622448,0.05912687340561224
ptg8lmto,ETD,2,14,69.93621,32.995995,0.11819893973214286,0.09033701371173469
ptg8lmto,Inlens,0,0,114.18735,66.01858,0.040607063137755105,0.1978435905612245
ptg8lmto,Inlens,0,1,104.76002,50.805252,0.05042749521683673,0.09536930006377552
ptg8lmto,Inlens,0,2,106.08858,61.900185,0.07392478475765306,0.16801857461734693
ptg8lmto,Inlens,0,3,87.63975,52.95637,0.09905133928571429,0.10005281409438775
ptg8lmto,Inlens,0,4,124.01062,55.291096,0.030089086415816327,0.16694236288265307
ptg8lmto,Inlens,0,5,91.73622,57.741077,0.06985909598214286,0.12420778858418367
ptg8lmto,Inlens,0,6,61.657272,20.342209,0.08157286352040816,0.01062759088010204
ptg8lmto,Inlens,0,7,80.28287,45.24882,0.07168267697704081,0.06440330038265306
ptg8lmto,Inlens,0,8,76.44878,42.635563,0.07155313297193877,0.06284378985969388
ptg8lmto,Inlens,0,9,88.12376,52.340355,0.10654994419642858,0.09247448979591837
ptg8lmto,Inlens,0,10,104.89544,64.2954,0.05512595663265306,0.1695282605229592
ptg8lmto,Inlens,0,11,84.81312,48.156345,0.06337193080357142,0.07948521205357142
ptg8lmto,Inlens,0,12,96.89967,54.03942,0.06014827806122449,0.12031150350765306
ptg8lmto,Inlens,0,13,65.08123,31.186993,0.15700733418367346,0.019486407844387755
ptg8lmto,Inlens,0,14,69.46378,35.964848,0.09817442602040816,0.03531070631377551
ptg8lmto,Inlens,1,0,81.84894,50.380196,0.06966477997448979,0.08811483577806123
ptg8lmto,Inlens,1,1,90.149506,58.705105,0.0733219068877551,0.12567761479591838
ptg8lmto,Inlens,1,2,91.648476,55.9995,0.06870316485969388,0.11354532047193877
ptg8lmto,Inlens,1,3,74.50269,42.139797,0.07440808354591837,0.059450733418367346
ptg8lmto,Inlens,1,4,87.58222,56.4944,0.06900709502551021,0.11673907844387756
ptg8lmto,Inlens,1,5,76.972145,45.860836,0.09337631536989796,0.0679508131377551
ptg8lmto,Inlens,1,6,59.24023,16.5077,0.10259885204081633,0.0029147401147959183
ptg8lmto,Inlens,1,7,102.98183,55.177704,0.07204141422193877,0.12294224330357142
ptg8lmto,Inlens,1,8,93.28011,55.963203,0.07518036511479592,0.12624561543367346
ptg8lmto,Inlens,1,9,98.792404,59.51507,0.07636120854591837,0.13916015625
ptg8lmto,Inlens,1,10,84.99895,48.771854,0.055698939732142856,0.0814682318239796
ptg8lmto,Inlens,1,11,91.17375,51.108948,0.06993383290816327,0.08810487085459184
ptg8lmto,Inlens,1,12,93.00072,53.82626,0.05604272959183673,0.10906110491071429
ptg8lmto,Inlens,1,13,89.787476,49.947254,0.07931580835459184,0.08363062021683673
ptg8lmto,Inlens,1,14,78.30675,46.099323,0.12027164381377552,0.062245894451530615
ptg8lmto,Inlens,2,0,65.847565,31.572964,0.12170161033163265,0.027099609375
ptg8lmto,Inlens,2,1,80.689,52.3861,0.06834941007653061,0.09494080835459184
ptg8lmto,Inlens,2,2,107.45126,62.856884,0.06158820950255102,0.17581612723214285
ptg8lmto,Inlens,2,3,93.81031,56.05301,0.043536750637755105,0.11556321747448979
ptg8lmto,Inlens,2,4,95.763054,57.88281,0.04210678411989796,0.1299774792729592
ptg8lmto,Inlens,2,5,85.83929,52.32041,0.047841597576530615,0.09844347895408163
ptg8lmto,Inlens,2,6,115.31425,54.09187,0.10626594387755102,0.1433155293367347
ptg8lmto,Inlens,2,7,115.844,48.57028,0.04025829081632653,0.09903639190051021
ptg8lmto,Inlens,2,8,86.353035,52.009193,0.07571847098214286,0.09873744419642858
ptg8lmto,Inlens,2,9,94.77659,58.36395,0.07142358896683673,0.13462611607142858
ptg8lmto,Inlens,2,10,87.28046,51.565678,0.049879424426020405,0.09677933673469388
ptg8lmto,Inlens,2,11,84.60104,47.166496,0.06613719706632654,0.073486328125
ptg8lmto,Inlens,2,12,105.40185,58.71282,0.05187240911989796,0.1505550462372449
ptg8lmto,Inlens,2,13,76.8111,43.891323,0.09807477678571429,0.05751255580357143
ptg8lmto,Inlens,2,14,86.67937,52.49886,0.10518474968112244,0.09598214285714286
tuy3zymq,BSE,0,0,63.104687,13.652873,0.08827925701530612,0.06798070790816327
tuy3zymq,BSE,0,1,62.31519,14.64324,0.11644013073979592,0.07555404974489796
tuy3zymq,BSE,0,2,65.12752,15.594496,0.04876335299744898,0.0987125318877551
tuy3zymq,BSE,0,3,62.460453,10.575106,0.04156369579081633,0.03004424426020408
tuy3zymq,BSE,0,4,62.897495,13.188527,0.08334163743622448,0.06050203284438776
tuy3zymq,BSE,0,5,65.29355,15.68547,0.07873784279336735,0.10804966517857142
tuy3zymq,BSE,0,6,65.57503,15.681687,0.05712890625,0.10154257015306123
tuy3zymq,BSE,0,7,70.221504,20.254414,0.06683474170918367,0.22823660714285715
tuy3zymq,BSE,0,8,62.88036,16.721483,0.10994798309948979,0.08639588647959184
tuy3zymq,BSE,0,9,62.358154,13.34048,0.08218570631377552,0.05124461894132653
tuy3zymq,BSE,0,10,65.46142,18.122702,0.12143255739795919,0.15231883769132654
tuy3zymq,BSE,0,11,68.73769,21.135891,0.09598712531887756,0.1957409917091837
tuy3zymq,BSE,0,12,62.34951,14.036199,0.09857800542091837,0.06461256377551021
tuy3zymq,BSE,0,13,66.152435,17.058374,0.08055644132653061,0.12904575892857142
tuy3zymq,BSE,0,14,63.49001,17.550207,0.11244917889030612,0.10089485012755102
tuy3zymq,BSE,1,0,62.78315,12.147064,0.06552933673469388,0.05047233737244898
tuy3zymq,BSE,1,1,60.80421,14.766294,0.132568359375,0.05399992028061224
tuy3zymq,BSE,1,2,62.16896,16.757866,0.15525849011479592,0.09124382174744898
tuy3zymq,BSE,1,3,63.66951,14.94058,0.09071568080357142,0.08630121970663265
tuy3zymq,BSE,1,4,64.284996,15.08603,0.07884247448979592,0.08731265943877552
tuy3zymq,BSE,1,5,68.83788,18.823574,0.06984913105867346,0.1742566167091837
tuy3zymq,BSE,1,6,62.362488,18.668325,0.14854213169642858,0.09699358258928571
tuy3zymq,BSE,1,7,57.23962,15.2899065,0.19447544642857142,0.027079679528061226
tuy3zymq,BSE,1,8,59.49362,16.31018,0.16262256855867346,0.04971500318877551
tuy3zymq,BSE,1,9,58.90097,16.488134,0.21520746970663265,0.06433852838010204
tuy3zymq,BSE,1,10,60.04085,15.620609,0.16175063775510204,0.055051219706632654
tuy3zymq,BSE,1,11,62.96082,14.035198,0.08220563616071429,0.06549944196428571
tuy3zymq,BSE,1,12,61.738815,14.312814,0.09177196269132654,0.05348672672193878
tuy3zymq,BSE,1,13,61.578,16.101686,0.14351482780612246,0.07852857940051021
tuy3zymq,BSE,1,14,61.624104,11.9965315,0.07366569674744898,0.03488719706632653
tuy3zymq,BSE,2,0,62.67106,15.124148,0.11294742506377552,0.07929089604591837
tuy3zymq,BSE,2,1,60.129833,15.146906,0.12082469706632654,0.04439373405612245
tuy3zymq,BSE,2,2,61.538246,11.28528,0.06772660235969388,0.0327995455994898
tuy3zymq,BSE,2,3,61.75086,15.821343,0.12390385841836735,0.07470703125
tuy3zymq,BSE,2,4,68.48171,21.80369,0.13502471301020408,0.22443498883928573
tuy3zymq,BSE,2,5,62.42878,15.822981,0.09850326849489796,0.07559889190051021
tuy3zymq,BSE,2,6,70.97216,22.674812,0.09131855867346939,0.2244449537627551
tuy3zymq,BSE,2,7,62.453625,17.209084,0.13810885682397958,0.09565828284438775
tuy3zymq,BSE,2,8,60.73602,12.84825,0.11118363360969388,0.039794921875
tuy3zymq,BSE,2,9,68.95401,21.031164,0.11593191964285714,0.21559610172193877
tuy3zymq,BSE,2,10,61.724884,9.908877,0.04246552136479592,0.025106624681122448
tuy3zymq,BSE,2,11,62.212837,14.060444,0.09418347417091837,0.06370575573979592
tuy3zymq,BSE,2,12,62.292053,16.133696,0.11983816964285714,0.07301797672193877
tuy3zymq,BSE,2,13,62.021603,12.380123,0.05625697544642857,0.03608298788265306
tuy3zymq,BSE,2,14,64.10364,16.407898,0.08386479591836735,0.09137336575255102
tuy3zymq,BSE,3,0,64.775894,15.516039,0.08473672672193877,0.10358039700255102
tuy3zymq,BSE,3,1,66.25311,19.264166,0.09272361288265306,0.1331363600127551
tuy3zymq,BSE,3,2,64.54688,19.529634,0.12074996014030612,0.11880181760204081
tuy3zymq,BSE,3,3,63.15518,16.50728,0.11717255261479592,0.08842374840561225
tuy3zymq,BSE,3,4,62.57486,13.347347,0.08811981823979592,0.059689891581632654
tuy3zymq,BSE,3,5,65.39868,15.475142,0.06961993781887756,0.11134307238520408
tuy3zymq,BSE,3,6,64.34762,16.839808,0.11327626753826531,0.11084482621173469
tuy3zymq,BSE,3,7,62.226566,12.610947,0.08028240593112244,0.041025589923469385
tuy3zymq,BSE,3,8,62.16323,13.377537,0.08515027104591837,0.05626694036989796
tuy3zymq,BSE,3,9,61.40039,13.464032,0.09937519929846939,0.045355349170918366
tuy3zymq,BSE,3,10,61.668476,12.730703,0.08202626753826531,0.043133171237244895
tuy3zymq,BSE,3,11,61.920578,17.6855,0.1348453443877551,0.07952008928571429
tuy3zymq,BSE,3,12,62.524567,11.795188,0.06137396364795918,0.04154874840561224
tuy3zymq,BSE,3,13,67.09219,16.563622,0.05996890943877551,0.11771065848214286
tuy3zymq,BSE,3,14,63.188927,17.073862,0.12102897799744898,0.09286312181122448
tuy3zymq,ETD,0,0,72.9453,27.445114,0.09384466677295919,0.08918108258928571
tuy3zymq,ETD,0,1,71.5252,30.613922,0.12751116071428573,0.08776108099489796
tuy3zymq,ETD,0,2,76.382416,21.837173,0.03989955357142857,0.09603196747448979
tuy3zymq,ETD,0,3,74.73515,18.433245,0.03208705357142857,0.04667570153061224
tuy3zymq,ETD,0,4,71.82751,24.890923,0.09167729591836735,0.07347636320153061
tuy3zymq,ETD,0,5,77.9212,29.310371,0.08008808992346939,0.13473074776785715
tuy3zymq,ETD,0,6,74.75263,22.171963,0.05439851721938776,0.08773118622448979
tuy3zymq,ETD,0,7,80.30653,25.12946,0.058160275829081634,0.17346938775510204
tuy3zymq,ETD,0,8,75.12112,27.264421,0.09716298628826531,0.10486088966836735
tuy3zymq,ETD,0,9,75.74277,24.900993,0.06991390306122448,0.09072066326530612
tuy3zymq,ETD,0,10,73.64798,32.652058,0.13081951530612246,0.11908083545918367
tuy3zymq,ETD,0,11,78.37733,29.934992,0.10231983418367346,0.19267677774234693
tuy3zymq,ETD,0,12,70.75104,25.449154,0.0985580755739796,0.07584303252551021
tuy3zymq,ETD,0,13,75.27538,26.899082,0.0838199537627551,0.11687360491071429
tuy3zymq,ETD,0,14,69.812706,27.948366,0.13757075095663265,0.08982382015306123
tuy3zymq,ETD,1,0,74.24049,24.44936,0.06723832110969388,0.07701391103316327
tuy3zymq,ETD,1,1,69.09488,27.13277,0.12978316326530612,0.06196687659438776
tuy3zymq,ETD,1,2,72.31367,32.96864,0.16163604113520408,0.12646484375
tuy3zymq,ETD,1,3,74.96682,27.410051,0.08831413424744898,0.09682417889030612
tuy3zymq,ETD,1,4,72.273445,23.684032,0.08388472576530612,0.07913643973214286
tuy3zymq,ETD,1,5,83.74242,27.768679,0.055300342793367346,0.19429109534438777
tuy3zymq,ETD,1,6,69.32944,28.392294,0.1554577885841837,0.09573301977040816
tuy3zymq,ETD,1,7,65.46163,24.120504,0.18222855548469388,0.03590860172193878
tuy3zymq,ETD,1,8,66.94318,25.608715,0.15367904974489796,0.057936065051020405
tuy3zymq,ETD,1,9,65.965385,34.365616,0.2539660395408163,0.09328164859693877
tuy3zymq,ETD,1,10,69.33124,28.988651,0.15491968271683673,0.07899693080357142
tuy3zymq,ETD,1,11,74.95972,24.02365,0.07018793845663265,0.08564353475765306
tuy3zymq,ETD,1,12,69.7371,21.826654,0.09180683992346939,0.046620894451530615
tuy3zymq,ETD,1,13,68.22319,27.160614,0.1426578443877551,0.06937579719387756
tuy3zymq,ETD,1,14,72.855774,20.839289,0.06562898596938775,0.05310805963010204
tuy3zymq,ETD,2,0,72.443726,29.442118,0.12116350446428571,0.09350087691326531
tuy3zymq,ETD,2,1,70.478355,22.841967,0.10951450892857142,0.050860969387755105
tuy3zymq,ETD,2,2,68.75707,17.603346,0.06972456951530612,0.019770408163265307
tuy3zymq,ETD,2,3,70.258446,25.246765,0.11837830835459184,0.05893255739795918
tuy3zymq,ETD,2,4,76.14196,32.241203,0.13619559151785715,0.16979233099489796
tuy3zymq,ETD,2,5,74.2627,23.22421,0.09772102200255102,0.06855867346938775
tuy3zymq,ETD,2,6,79.79167,30.369354,0.09283322704081633,0.20261180644132654
tuy3zymq,ETD,2,7,69.75512,28.25572,0.13397839604591838,0.08495097257653061
tuy3zymq,ETD,2,8,68.51655,24.44076,0.12504982461734693,0.050168407206632654
tuy3zymq,ETD,2,9,77.96744,33.3553,0.1304308832908163,0.1910674426020408
tuy3zymq,ETD,2,10,71.678764,17.047857,0.029815051020408163,0.034877232142857144
tuy3zymq,ETD,2,11,72.15742,28.740873,0.11035654496173469,0.08404416454081633
tuy3zymq,ETD,2,12,70.91721,26.191517,0.1134506536989796,0.08716318558673469
tuy3zymq,ETD,2,13,71.00704,17.53056,0.04274453922193878,0.041185028698979595
tuy3zymq,ETD,2,14,76.00267,24.250965,0.07217594068877552,0.09772102200255102
tuy3zymq,ETD,3,0,73.35535,26.496634,0.08842374840561225,0.09635084502551021
tuy3zymq,ETD,3,1,73.97953,25.34757,0.09776586415816327,0.11444216358418367
tuy3zymq,ETD,3,2,75.00167,27.035664,0.11008250956632654,0.11787507971938775
tuy3zymq,ETD,3,3,73.707214,27.947674,0.1089614556760204,0.1052993463010204
tuy3zymq,ETD,3,4,70.891205,24.546936,0.10596699617346939,0.05906708386479592
tuy3zymq,ETD,3,5,77.44324,25.618792,0.05819515306122449,0.10121372767857142
tuy3zymq,ETD,3,6,73.99885,30.578173,0.12520428093112246,0.1128726881377551
tuy3zymq,ETD,3,7,71.678345,21.79508,0.07606226084183673,0.057273397640306124
tuy3zymq,ETD,3,8,71.43786,24.827324,0.09759646045918367,0.06367087850765306
tuy3zymq,ETD,3,9,71.07637,22.85317,0.08861806441326531,0.055120974170918366
tuy3zymq,ETD,3,10,72.10021,22.36407,0.07747727997448979,0.05813038105867347
tuy3zymq,ETD,3,11,72.1129,25.915438,0.12057059151785714,0.09229512117346939
tuy3zymq,ETD,3,12,71.29866,20.692968,0.06057178730867347,0.05209661989795918
tuy3zymq,ETD,3,13,76.73764,25.25944,0.055120974170918366,0.13206513073979592
tuy3zymq,ETD,3,14,69.08544,26.419708,0.12890625,0.09067083864795919
tuy3zymq,Inlens,0,0,72.053955,45.617775,0.09246452487244898,0.12227957589285714
tuy3zymq,Inlens,0,1,71.03416,48.19015,0.09365533322704081,0.14198521205357142
tuy3zymq,Inlens,0,2,63.88144,40.564487,0.07713847257653061,0.07959482621173469
tuy3zymq,Inlens,0,3,57.619274,37.949963,0.09582768654336735,0.06784119897959184
tuy3zymq,Inlens,0,4,77.76512,52.10815,0.06161312181122449,0.16670320471938777
tuy3zymq,Inlens,0,5,81.81174,49.461918,0.045933314732142856,0.15621014030612246
tuy3zymq,Inlens,0,6,72.5657,45.048065,0.05520567602040816,0.11554827008928571
tuy3zymq,Inlens,0,7,71.633606,38.09783,0.06210140306122449,0.06859355070153061
tuy3zymq,Inlens,0,8,62.76489,38.232613,0.12240413743622448,0.07037228954081633
tuy3zymq,Inlens,0,9,64.89502,39.921654,0.0891860650510204,0.07988380899234694
tuy3zymq,Inlens,0,10,85.17949,46.79876,0.07176737882653061,0.1611926020408163
tuy3zymq,Inlens,0,11,79.620285,46.608418,0.05296356823979592,0.12553312340561223
tuy3zymq,Inlens,0,12,72.19531,45.126915,0.07667510363520408,0.11828862404336735
tuy3zymq,Inlens,0,13,82.35619,49.309563,0.04463787468112245,0.17053471779336735
tuy3zymq,Inlens,0,14,77.194466,46.186317,0.06727319834183673,0.12191087372448979
tuy3zymq,Inlens,1,0,62.944286,38.78025,0.11935985331632654,0.07578324298469388
tuy3zymq,Inlens,1,1,66.16788,46.0814,0.13302176339285715,0.10957928093112244
tuy3zymq,Inlens,1,2,84.10618,50.708214,0.06536491549744898,0.18092813297193877
tuy3zymq,Inlens,1,3,72.44927,48.940975,0.08444774394132654,0.13575713488520408
tuy3zymq,Inlens,1,4,77.32942,51.7888,0.056695432079081634,0.1531608737244898
tuy3zymq,Inlens,1,5,75.709885,36.53466,0.05071647799744898,0.06202666613520408
tuy3zymq,Inlens,1,6,71.18476,45.012695,0.14513412786989796,0.09820432079081633
tuy3zymq,Inlens,1,7,50.319813,29.077515,0.21376255580357142,0.027637715242346938
tuy3zymq,Inlens,1,8,57.753872,32.30225,0.1700165417729592,0.03196747448979592
tuy3zymq,Inlens,1,9,67.00436,38.120445,0.10758131377551021,0.07166772959183673
tuy3zymq,Inlens,1,10,71.04931,45.336987,0.1074966119260204,0.11231465242346939
tuy3zymq,Inlens,1,11,72.00621,46.727203,0.05912189094387755,0.11877192283163265
tuy3zymq,Inlens,1,12,64.11446,37.435314,0.06061662946428571,0.0647720025510204
tuy3zymq,Inlens,1,13,67.029945,36.995583,0.08407904177295919,0.06312779017857142
tuy3zymq,Inlens,1,14,64.26993,40.097744,0.031992386798469385,0.07957489636479592
tuy3zymq,Inlens,2,0,74.39493,47.318943,0.10088488520408163,0.14031110491071427
tuy3zymq,Inlens,2,1,54.55231,35.1662,0.14328563456632654,0.053058235012755105
tuy3zymq,Inlens,2,2,58.26636,34.730434,0.11585718271683673,0.05078623246173469
tuy3zymq,Inlens,2,3,67.50157,46.969707,0.13688815369897958,0.11611128826530612
tuy3zymq,Inlens,2,4,78.98441,42.680355,0.07659040178571429,0.11635044642857142
tuy3zymq,Inlens,2,5,55.720432,29.935884,0.08304767219387756,0.029820033482142856
tuy3zymq,Inlens,2,6,78.57639,40.35183,0.09487105389030612,0.07864815848214286
tuy3zymq,Inlens,2,7,69.48075,42.263977,0.12259845344387756,0.08984873246173469
tuy3zymq,Inlens,2,8,60.01484,34.62388,0.11502012914540816,0.052126514668367346
tuy3zymq,Inlens,2,9,85.783134,46.151794,0.06722835618622448,0.1525829081632653
tuy3zymq,Inlens,2,10,53.829628,36.194664,0.15135224011479592,0.06268435108418367
tuy3zymq,Inlens,2,11,71.42862,42.892952,0.06911670918367346,0.10417829241071429
tuy3zymq,Inlens,2,12,72.52221,44.340702,0.06023297991071429,0.12153718909438775
tuy3zymq,Inlens,2,13,54.880352,30.941132,0.06639628507653061,0.03690509406887755
tuy3zymq,Inlens,2,14,70.09923,39.490704,0.040472536670918366,0.07675980548469388
tuy3zymq,Inlens,3,0,76.48523,47.39872,0.06519052933673469,0.13526387117346939
tuy3zymq,Inlens,3,1,71.152,40.709534,0.06254484215561225,0.08713329081632654
tuy3zymq,Inlens,3,2,68.45685,41.443527,0.09988341039540816,0.08086037149234694
tuy3zymq,Inlens,3,3,70.242065,42.134335,0.10316187021683673,0.09927555006377552
tuy3zymq,Inlens,3,4,65.34579,42.965084,0.1005062181122449,0.09509526466836735
tuy3zymq,Inlens,3,5,70.207146,44.17524,0.07920619419642858,0.10665955835459184
tuy3zymq,Inlens,3,6,71.87408,41.837868,0.09393435108418367,0.09307736766581633
tuy3zymq,Inlens,3,7,64.49903,40.003017,0.09420340401785714,0.07607720822704081
tuy3zymq,Inlens,3,8,69.56071,49.263195,0.09754165338010204,0.1331164301658163
tuy3zymq,Inlens,3,9,66.17652,44.837646,0.10279815051020408,0.10646524234693877
tuy3zymq,Inlens,3,10,63.7158,44.813316,0.10028698979591837,0.10226004464285714
tuy3zymq,Inlens,3,11,64.66968,38.39128,0.09361049107142858,0.05766202965561224
tuy3zymq,Inlens,3,12,67.93505,43.36378,0.04229611766581633,0.10431780133928571
tuy3zymq,Inlens,3,13,80.970116,39.48453,0.014214963329081632,0.09533940529336735
tuy3zymq,Inlens,3,14,69.43241,32.86164,0.024309430803571428,0.036740672831632654
ufdvpb81,BSE,0,0,57.049572,15.668649,0.06787109375,0.04825015943877551
ufdvpb81,BSE,0,1,58.603912,17.776747,0.06490154655612244,0.08225047831632654
ufdvpb81,BSE,0,2,58.283474,21.238092,0.11933494100765306,0.11703304368622448
ufdvpb81,BSE,0,3,54.57005,15.869754,0.10544882015306123,0.03310845822704082
ufdvpb81,BSE,0,4,53.7624,19.90558,0.1384875239158163,0.05395009566326531
ufdvpb81,BSE,0,5,54.952293,19.448748,0.1277652662627551,0.06863839285714286
ufdvpb81,BSE,0,6,63.586216,23.433601,0.06033262914540816,0.1805145886479592
ufdvpb81,BSE,0,7,58.20748,19.40715,0.08531967474489796,0.09704838966836735
ufdvpb81,BSE,0,8,55.455597,14.668784,0.07763671875,0.027981505102040817
ufdvpb81,BSE,0,9,53.865154,19.042177,0.15004683514030612,0.052410514987244895
ufdvpb81,BSE,0,10,58.158203,18.684866,0.08656529017857142,0.08181700414540816
ufdvpb81,BSE,0,11,63.612007,24.80627,0.08150310905612244,0.2070910395408163
ufdvpb81,BSE,0,12,54.210167,15.210118,0.10995794802295919,0.024638273278061226
ufdvpb81,BSE,0,13,55.618053,17.836933,0.10639548788265306,0.057542450573979595
ufdvpb81,BSE,0,14,60.12319,19.266815,0.05322265625,0.10228993941326531
ufdvpb81,BSE,1,0,56.554592,12.850187,0.05662069515306122,0.018395248724489797
ufdvpb81,BSE,1,1,59.889366,22.546686,0.11908083545918367,0.1455028300382653
ufdvpb81,BSE,1,2,55.640694,17.747362,0.11294742506377552,0.04601303411989796
ufdvpb81,BSE,1,3,61.65682,23.285078,0.09392936862244898,0.1470623405612245
ufdvpb81,BSE,1,4,56.321976,11.636853,0.044508330676020405,0.01869917889030612
ufdvpb81,BSE,1,5,55.992737,12.397158,0.05481704400510204,0.017712651466836735
ufdvpb81,BSE,1,6,56.301056,13.515236,0.06726821588010204,0.023542131696428572
ufdvpb81,BSE,1,7,68.27158,24.326109,0.059136838329081634,0.2822963169642857
ufdvpb81,BSE,1,8,70.071754,27.773756,0.07786591198979592,0.3259327168367347
ufdvpb81,BSE,1,9,57.63229,14.940512,0.06320750956632654,0.03837990274234694
ufdvpb81,BSE,1,10,55.116127,16.683292,0.10966896524234694,0.02965561224489796
ufdvpb81,BSE,1,11,55.456417,20.430197,0.15341996173469388,0.08703364158163265
ufdvpb81,BSE,1,12,57.62493,14.254365,0.060068558673469385,0.044398716517857144
ufdvpb81,BSE,1,13,61.782352,18.036806,0.03708944515306122,0.11904097576530612
ufdvpb81,BSE,1,14,58.098118,13.242603,0.04145906409438776,0.03638193558673469
ufdvpb81,BSE,2,0,55.537163,15.849899,0.10255899234693877,0.028160873724489797
ufdvpb81,BSE,2,1,53.649525,17.31143,0.12683852838010204,0.023890904017857144
ufdvpb81,BSE,2,2,50.709087,19.910019,0.1884715800382653,0.0204280931122449
ufdvpb81,BSE,2,3,53.527817,18.019377,0.12400350765306123,0.02783203125
ufdvpb81,BSE,2,4,59.258087,17.728077,0.07097516741071429,0.08027742346938775
ufdvpb81,BSE,2,5,51.721546,17.328054,0.15766003667091838,0.019586057079081634
ufdvpb81,BSE,2,6,56.363575,14.9551735,0.09554866868622448,0.03636200573979592
ufdvpb81,BSE,2,7,60.39981,21.256334,0.09022739955357142,0.11696827168367346
ufdvpb81,BSE,2,8,58.981907,19.682497,0.09047154017857142,0.09990832270408163
ufdvpb81,BSE,2,9,58.996643,14.96877,0.05837452168367347,0.06276905293367346
ufdvpb81,BSE,2,10,56.25062,16.59268,0.11368482940051021,0.04994419642857143
ufdvpb81,BSE,2,11,57.897865,15.512501,0.06438337053571429,0.04460797991071429
ufdvpb81,BSE,2,12,64.66319,26.334135,0.08698381696428571,0.19741011639030612
ufdvpb81,BSE,2,13,55.79235,19.130411,0.12527403539540816,0.062220982142857144
ufdvpb81,BSE,2,14,58.361736,25.402744,0.1534797512755102,0.1400769292091837
ufdvpb81,BSE,3,0,59.636574,15.454308,0.07861826371173469,0.06552933673469388
ufdvpb81,BSE,3,1,58.433838,16.520363,0.10039660395408163,0.06765186543367346
ufdvpb81,BSE,3,2,58.718536,13.926945,0.06394491390306123,0.04081632653061224
ufdvpb81,BSE,3,3,54.667805,19.154215,0.1441276705994898,0.04176299426020408
ufdvpb81,BSE,3,4,56.224903,19.773663,0.13270288584183673,0.0728336256377551
ufdvpb81,BSE,3,5,58.601723,11.864312,0.030706911670918366,0.03912727200255102
ufdvpb81,BSE,3,6,59.981476,11.920006,0.030203683035714284,0.047482860331632654
ufdvpb81,BSE,3,7,52.908638,18.893837,0.14961834343112246,0.041623485331632654
ufdvpb81,BSE,3,8,60.121872,14.886579,0.05825494260204082,0.07670001594387756
ufdvpb81,BSE,3,9,62.34416,26.007214,0.13058533960459184,0.21946249202806123
ufdvpb81,BSE,3,10,56.123615,21.026125,0.13393355389030612,0.08099988042091837
ufdvpb81,BSE,3,11,59.25845,16.248852,0.07179727359693877,0.07470204878826531
ufdvpb81,BSE,3,12,68.47101,29.682491,0.11117366868622448,0.28281947544642855
ufdvpb81,BSE,3,13,58.575493,21.916471,0.12867207429846939,0.11749143016581633
ufdvpb81,BSE,3,14,63.87224,26.84285,0.1153987962372449,0.2081024792729592
ufdvpb81,ETD,0,0,80.10015,26.31164,0.05640146683673469,0.06019312021683673
ufdvpb81,ETD,0,1,80.83563,28.727966,0.05994897959183673,0.09078045280612244
ufdvpb81,ETD,0,2,80.51179,36.983967,0.11707290338010204,0.13560267857142858
ufdvpb81,ETD,0,3,76.789894,33.85846,0.09239477040816327,0.07665517378826531
ufdvpb81,ETD,0,4,72.26088,34.566723,0.1363251355229592,0.0708755181760204
ufdvpb81,ETD,0,5,78.157005,37.778084,0.1207698899872449,0.11054089604591837
ufdvpb81,ETD,0,6,84.58599,28.638885,0.04998405612244898,0.14937918526785715
ufdvpb81,ETD,0,7,81.28989,32.92607,0.08011300223214286,0.11185626594387756
ufdvpb81,ETD,0,8,77.387566,28.663456,0.07028260522959184,0.05107023278061224
ufdvpb81,ETD,0,9,72.48878,38.467796,0.16027084661989796,0.08703862404336735
ufdvpb81,ETD,0,10,83.13427,35.899193,0.0861019212372449,0.11986308195153061
ufdvpb81,ETD,0,11,85.009895,35.607224,0.07326709980867346,0.18225845025510204
ufdvpb81,ETD,0,12,73.97985,31.60737,0.11592693718112244,0.04736328125
ufdvpb81,ETD,0,13,73.78508,32.187828,0.11532405931122448,0.06321249202806123
ufdvpb81,ETD,0,14,81.67976,28.533594,0.04553970025510204,0.09616151147959184
ufdvpb81,ETD,1,0,79.97845,20.941229,0.04764728156887755,0.01889847735969388
ufdvpb81,ETD,1,1,81.63311,33.287277,0.10181660554846939,0.12379922672193877
ufdvpb81,ETD,1,2,79.95444,31.47475,0.08842374840561225,0.06788105867346939
ufdvpb81,ETD,1,3,83.42204,34.270283,0.08538942920918367,0.1516063456632653
ufdvpb81,ETD,1,4,75.202545,23.508274,0.05702427455357143,0.021484375
ufdvpb81,ETD,1,5,79.1397,26.94602,0.05825494260204082,0.047682158801020405
ufdvpb81,ETD,1,6,79.85653,27.473753,0.05992904974489796,0.04687998246173469
ufdvpb81,ETD,1,7,93.171196,29.832666,0.04740314094387755,0.19704141422193877
ufdvpb81,ETD,1,8,94.226036,36.94089,0.07630640146683673,0.2995057397959184
ufdvpb81,ETD,1,9,82.7257,25.273623,0.057074099170918366,0.04574896364795918
ufdvpb81,ETD,1,10,82.48191,33.75578,0.097900390625,0.07351622289540816
ufdvpb81,ETD,1,11,81.63982,38.965263,0.13398337850765307,0.11824876434948979
ufdvpb81,ETD,1,12,83.17546,27.18356,0.05198202327806122,0.06861846301020408
ufdvpb81,ETD,1,13,87.87604,28.395193,0.035609654017857144,0.1304508131377551
ufdvpb81,ETD,1,14,80.99567,23.174349,0.04125478316326531,0.04545499840561224
ufdvpb81,ETD,2,0,77.66402,26.705793,0.08647062340561225,0.02914241868622449
ufdvpb81,ETD,2,1,75.85384,30.242668,0.10799485809948979,0.03964046556122449
ufdvpb81,ETD,2,2,71.355545,35.51491,0.17275191326530612,0.041050502232142856
ufdvpb81,ETD,2,3,73.68012,30.742985,0.10747668207908163,0.037607621173469385
ufdvpb81,ETD,2,4,82.158295,29.753632,0.0546875,0.09666474011479592
ufdvpb81,ETD,2,5,69.88347,34.096786,0.1585419323979592,0.04062201052295918
ufdvpb81,ETD,2,6,78.496124,29.493979,0.09056620695153061,0.041937380420918366
ufdvpb81,ETD,2,7,82.88728,33.29023,0.07898696588010204,0.12586196588010204
ufdvpb81,ETD,2,8,83.26882,34.31314,0.08768634406887756,0.1234554368622449
ufdvpb81,ETD,2,9,85.53148,31.626947,0.05486686862244898,0.10003786670918367
ufdvpb81,ETD,2,10,80.524864,36.907333,0.11845802774234694,0.09226024394132654
ufdvpb81,ETD,2,11,83.87327,28.340055,0.07150330835459184,0.06007852359693878
ufdvpb81,ETD,2,12,88.73347,35.732822,0.07497608418367346,0.21791294642857142
ufdvpb81,ETD,2,13,77.63948,37.30355,0.11512974330357142,0.09474649234693877
ufdvpb81,ETD,2,14,79.32532,40.319767,0.14796914859693877,0.15284697863520408
ufdvpb81,ETD,3,0,80.05116,24.874372,0.07121930803571429,0.02260542889030612
ufdvpb81,ETD,3,1,78.625786,27.932804,0.09688895089285714,0.030188735650510203
ufdvpb81,ETD,3,2,80.24241,23.205704,0.053586375956632654,0.028405014349489797
ufdvpb81,ETD,3,3,73.45978,32.077675,0.1364148198341837,0.03244579081632653
ufdvpb81,ETD,3,4,74.953064,32.95548,0.11889150191326531,0.06936583227040816
ufdvpb81,ETD,3,5,79.59531,19.793993,0.03085140306122449,0.02780711894132653
ufdvpb81,ETD,3,6,82.42957,18.868221,0.023327885841836735,0.028479751275510203
ufdvpb81,ETD,3,7,71.88974,33.70035,0.1428172831632653,0.04774693080357143
ufdvpb81,ETD,3,8,82.34992,24.756681,0.04771703603316327,0.03977499202806122
ufdvpb81,ETD,3,9,83.47985,37.93851,0.12830835459183673,0.14905532525510204
ufdvpb81,ETD,3,10,74.651344,36.29244,0.1260662468112245,0.08993841677295919
ufdvpb81,ETD,3,11,82.25379,31.26466,0.06230070153061224,0.08252949617346939
ufdvpb81,ETD,3,12,88.4261,42.11025,0.10575275031887756,0.26901805644132654
ufdvpb81,ETD,3,13,78.018936,40.09622,0.13545818718112246,0.14576690051020408
ufdvpb81,ETD,3,14,86.447845,41.891487,0.10355548469387756,0.23063815369897958
ufdvpb81,Inlens,0,0,135.58093,35.03802,0.028021364795918366,0.10914082429846939
ufdvpb81,Inlens,0,1,130.41711,31.158457,0.03606305803571429,0.09909618144132654
ufdvpb81,Inlens,0,2,141.49025,33.37656,0.04091099330357143,0.12928989955357142
ufdvpb81,Inlens,0,3,153.08788,47.039932,0.03417470503826531,0.27332290338010207
ufdvpb81,Inlens,0,4,136.92824,44.461536,0.08474170918367346,0.13228934151785715
ufdvpb81,Inlens,0,5,136.04112,38.567425,0.07514050542091837,0.11664939413265306
ufdvpb81,Inlens,0,6,133.71692,33.016468,0.03823541135204082,0.13838787468112246
ufdvpb81,Inlens,0,7,131.8258,38.732014,0.05770687181122449,0.1337890625
ufdvpb81,Inlens,0,8,140.55089,35.313335,0.051967075892857144,0.11014229910714286
ufdvpb81,Inlens,0,9,144.88249,42.29502,0.049440967793367346,0.1907535475127551
ufdvpb81,Inlens,0,10,149.20262,40.969135,0.04556461256377551,0.22212312659438777
ufdvpb81,Inlens,0,11,149.39471,40.777657,0.04192243303571429,0.2823112643494898
ufdvpb81,Inlens,0,12,144.65189,37.809258,0.04276945153061224,0.14994718590561223
ufdvpb81,Inlens,0,13,138.12593,40.62365,0.06741270727040816,0.14345005580357142
ufdvpb81,Inlens,0,14,134.06702,32.639565,0.04253029336734694,0.084228515625
ufdvpb81,Inlens,1,0,127.58241,25.99192,0.02699996014030612,0.054921675701530615
ufdvpb81,Inlens,1,1,125.833145,30.543558,0.06041234853316327,0.06625677614795919
ufdvpb81,Inlens,1,2,140.63469,39.613464,0.06943558673469388,0.12716737085459184
ufdvpb81,Inlens,1,3,133.4588,31.480223,0.04775689572704082,0.07737763073979592
ufdvpb81,Inlens,1,4,144.77786,24.597557,0.009775589923469387,0.07336674904336735
ufdvpb81,Inlens,1,5,145.36856,28.222229,0.025684590242346938,0.08646564094387756
ufdvpb81,Inlens,1,6,131.56062,30.156977,0.03663604113520408,0.07068618463010204
ufdvpb81,Inlens,1,7,136.7483,32.425888,0.04665577168367347,0.12029655612244898
ufdvpb81,Inlens,1,8,135.05606,30.59252,0.025166414221938774,0.12146245216836735
ufdvpb81,Inlens,1,9,142.54706,33.934914,0.03227638711734694,0.10633071588010204
ufdvpb81,Inlens,1,10,146.07726,40.608574,0.05975466358418367,0.16205955038265307
ufdvpb81,Inlens,1,11,141.74908,42.385796,0.0664859693877551,0.19201411033163265
ufdvpb81,Inlens,1,12,146.92447,35.72193,0.021185427295918366,0.1603954081632653
ufdvpb81,Inlens,1,13,146.16948,32.707767,0.03477260044642857,0.1437390385841837
ufdvpb81,Inlens,1,14,145.5992,27.148806,0.01937679368622449,0.07183215082908163
ufdvpb81,Inlens,2,0,120.67985,27.318806,0.07246990593112244,0.03496193399234694
ufdvpb81,Inlens,2,1,116.62099,33.991405,0.09606186224489796,0.049306441326530615
ufdvpb81,Inlens,2,2,119.36023,42.741814,0.1568180006377551,0.07421376753826531
ufdvpb81,Inlens,2,3,130.2757,44.770878,0.08909139827806123,0.11467633928571429
ufdvpb81,Inlens,2,4,138.66388,33.160637,0.026083187181122448,0.11731704400510204
ufdvpb81,Inlens,2,5,125.763535,34.635532,0.06715361926020408,0.06725326849489796
ufdvpb81,Inlens,2,6,130.44757,33.561462,0.06629165338010204,0.07222576530612244
ufdvpb81,Inlens,2,7,137.23386,35.13255,0.05629185267857143,0.1271922831632653
ufdvpb81,Inlens,2,8,141.38742,40.039402,0.04873345822704082,0.1703503667091837
ufdvpb81,Inlens,2,9,141.52406,32.41106,0.02793168048469388,0.13019172512755103
ufdvpb81,Inlens,2,10,142.46169,38.58617,0.042246293048469385,0.14433195153061223
ufdvpb81,Inlens,2,11,122.23059,31.165518,0.031683474170918366,0.06313775510204081
ufdvpb81,Inlens,2,12,131.59175,39.583652,0.06125936702806122,0.1177555006377551
ufdvpb81,Inlens,2,13,135.1071,37.611065,0.06226084183673469,0.11828364158163265
ufdvpb81,Inlens,2,14,117.5333,40.178146,0.11215023118622448,0.0748714524872449
ufdvpb81,Inlens,3,0,106.79176,25.751791,0.08621153539540816,0.017284159757653062
ufdvpb81,Inlens,3,1,102.998726,26.749182,0.1233657525510204,0.017040019132653062
ufdvpb81,Inlens,3,2,108.26156,22.02014,0.0575324856505102,0.012177136479591837
ufdvpb81,Inlens,3,3,103.655556,32.894024,0.14795918367346939,0.029715401785714284
ufdvpb81,Inlens,3,4,104.773155,32.42588,0.14016661352040816,0.041070432079081634
ufdvpb81,Inlens,3,5,106.12673,25.548359,0.03394052933673469,0.03850446428571429
ufdvpb81,Inlens,3,6,105.73184,23.715906,0.05877810108418367,0.025166414221938774
ufdvpb81,Inlens,3,7,93.936104,32.67219,0.1608836894132653,0.025425502232142856
ufdvpb81,Inlens,3,8,113.00664,21.653696,0.07763671875,0.006043726084183673
ufdvpb81,Inlens,3,9,109.27753,34.68831,0.13790955835459184,0.015679807079081634
ufdvpb81,Inlens,3,10,104.41423,32.75826,0.1163753587372449,0.025320870535714284
ufdvpb81,Inlens,3,11,112.80393,27.178223,0.0684390943877551,0.03172333386479592
ufdvpb81,Inlens,3,12,116.48978,36.8441,0.10690868144132654,0.07839903539540816
ufdvpb81,Inlens,3,13,114.97295,39.114002,0.13421257174744897,0.08846859056122448
ufdvpb81,Inlens,3,14,110.21482,32.622257,0.08965939891581633,0.04549984056122449
utfgcjfa,BSE,0,0,67.58642,30.626173,0.06598274075255102,0.25559530452806123
utfgcjfa,BSE,0,1,55.99945,19.588104,0.07671496332908163,0.0718570631377551
utfgcjfa,BSE,0,2,51.707664,15.322768,0.05955536511479592,0.028943120216836735
utfgcjfa,BSE,0,3,60.03055,25.364273,0.05828981983418367,0.1492645886479592
utfgcjfa,BSE,0,4,72.92652,33.983913,0.06994878029336735,0.3391063456632653
utfgcjfa,BSE,0,5,56.029552,19.56315,0.07475187340561225,0.07097516741071429
utfgcjfa,BSE,0,6,66.15415,33.250698,0.104736328125,0.2627501195790816
utfgcjfa,BSE,0,7,51.374744,11.992885,0.029336734693877552,0.013203523596938776
utfgcjfa,BSE,0,8,51.781544,15.452835,0.06834941007653061,0.019899952168367346
utfgcjfa,BSE,0,9,50.232018,14.447817,0.06399972098214286,0.015415736607142858
utfgcjfa,BSE,0,10,52.268646,18.253565,0.07027762276785714,0.046795280612244895
utfgcjfa,BSE,0,11,60.81254,26.978962,0.06612723214285714,0.16157126913265307
utfgcjfa,BSE,0,12,57.159016,22.67671,0.08225047831632654,0.09931042729591837
utfgcjfa,BSE,0,13,51.250767,18.26296,0.10624601403061225,0.04347197863520408
utfgcjfa,BSE,0,14,58.93759,26.11466,0.08684430803571429,0.1495087292729592
utfgcjfa,BSE,1,0,55.57224,19.99395,0.09275350765306123,0.06628667091836735
utfgcjfa,BSE,1,1,56.091846,18.23843,0.07785594706632654,0.06009845344387755
utfgcjfa,BSE,1,2,49.936066,18.207718,0.11785514987244898,0.030064174107142856
utfgcjfa,BSE,1,3,50.949543,18.834587,0.1368682238520408,0.039794921875
utfgcjfa,BSE,1,4,62.556656,30.26084,0.09931540975765306,0.20967693718112246
utfgcjfa,BSE,1,5,53.043682,21.542368,0.13556780133928573,0.07730289381377552
utfgcjfa,BSE,1,6,48.799168,20.651068,0.16448102678571427,0.04522580516581633
utfgcjfa,BSE,1,7,52.989796,21.676056,0.10677913743622448,0.07448780293367346
utfgcjfa,BSE,1,8,49.96126,22.743406,0.15251813616071427,0.06278898278061225
utfgcjfa,BSE,1,9,56.879253,23.40435,0.08480648118622448,0.11024194834183673
utfgcjfa,BSE,1,10,52.251595,20.179497,0.10748664700255102,0.05664560746173469
utfgcjfa,BSE,1,11,58.660152,32.04679,0.16777941645408162,0.19077845982142858
utfgcjfa,BSE,1,12,51.751415,14.7782345,0.06268435108418367,0.027901785714285716
utfgcjfa,BSE,1,13,52.36676,14.701047,0.05697444993622449,0.03251056281887755
utfgcjfa,BSE,1,14,51.442154,19.6281,0.11721241230867346,0.05980947066326531
utfgcjfa,BSE,2,0,54.54875,19.001923,0.11658462213010204,0.0559929049744898
utfgcjfa,BSE,2,1,50.55536,19.740946,0.13105867346938777,0.04553970025510204
utfgcjfa,BSE,2,2,51.543354,23.685972,0.15625,0.08405412946428571
utfgcjfa,BSE,2,3,59.00775,21.944328,0.06706891741071429,0.1256726323341837
utfgcjfa,BSE,2,4,53.068577,17.052172,0.08109952965561225,0.05552953603316327
utfgcjfa,BSE,2,5,53.621887,16.209837,0.05819515306122449,0.04715900031887755
utfgcjfa,BSE,2,6,52.516045,16.48777,0.07504085618622448,0.04711415816326531
utfgcjfa,BSE,2,7,52.43074,18.417027,0.10776068239795919,0.058339644451530615
utfgcjfa,BSE,2,8,58.5841,22.789394,0.062265824298469385,0.11797971141581633
utfgcjfa,BSE,2,9,74.10243,32.485313,0.04507633131377551,0.33287328603316324
utfgcjfa,BSE,2,10,52.98594,20.119947,0.08558374521683673,0.05862364477040816
utfgcjfa,BSE,2,11,51.935284,11.644295,0.0240055006377551,0.014967315051020409
utfgcjfa,BSE,2,12,56.33128,32.28726,0.21347855548469388,0.19725067761479592
utfgcjfa,BSE,2,13,46.538685,21.097477,0.18421157525510204,0.037119339923469385
utfgcjfa,BSE,2,14,47.705074,24.05739,0.21157027264030612,0.061867227359693876
utfgcjfa,BSE,3,0,57.959457,31.50662,0.16378846460459184,0.19068877551020408
utfgcjfa,BSE,3,1,58.793884,25.560545,0.10078025350765306,0.15772979113520408
utfgcjfa,BSE,3,2,52.189426,16.961056,0.08167251275510204,0.04029815051020408
utfgcjfa,BSE,3,3,51.608265,20.529171,0.12627052774234693,0.06174266581632653
utfgcjfa,BSE,3,4,53.889896,15.8750105,0.04367127710459184,0.05317283163265306
utfgcjfa,BSE,3,5,52.336445,20.056816,0.11533900669642858,0.06341179049744898
utfgcjfa,BSE,3,6,55.745655,20.010967,0.0642837213010204,0.0868343431122449
utfgcjfa,BSE,3,7,52.422215,23.343195,0.15688277264030612,0.09283820950255102
utfgcjfa,BSE,3,8,54.705826,22.149355,0.0934311224489796,0.08577806122448979
utfgcjfa,BSE,3,9,68.95955,32.640705,0.08368044483418367,0.2939453125
utfgcjfa,BSE,3,10,50.67383,20.904655,0.12834323182397958,0.05685487085459184
utfgcjfa,BSE,3,11,49.43167,18.87223,0.1521843112244898,0.04864875637755102
utfgcjfa,BSE,3,12,50.898354,20.521553,0.13188576211734693,0.05972476881377551
utfgcjfa,BSE,3,13,53.817112,16.346676,0.046595982142857144,0.05237563775510204
utfgcjfa,BSE,3,14,69.097145,31.378698,0.04560945471938776,0.26291454081632654
utfgcjfa,Inlens,0,0,150.70465,55.626385,0.025844029017857144,0.1411730707908163
utfgcjfa,Inlens,0,1,130.12065,53.53082,0.026835538903061226,0.10108916613520408
utfgcjfa,Inlens,0,2,85.186226,47.538116,0.11691346460459184,0.02419483418367347
utfgcjfa,Inlens,0,3,122.16265,67.54013,0.048658721301020405,0.13417271205357142
utfgcjfa,Inlens,0,4,163.97522,57.621223,0.020751953125,0.198486328125
utfgcjfa,Inlens,0,5,130.27411,55.349213,0.03748305963010204,0.10302734375
utfgcjfa,Inlens,0,6,145.01773,69.28014,0.04631696428571429,0.22710558832908162
utfgcjfa,Inlens,0,7,71.451065,40.841614,0.12836814413265307,0.028843470982142856
utfgcjfa,Inlens,0,8,94.664055,41.822098,0.07066127232142858,0.016312579719387755
utfgcjfa,Inlens,0,9,77.89508,49.43827,0.15743582589285715,0.0403679049744898
utfgcjfa,Inlens,0,10,87.09277,54.655582,0.12521424585459184,0.05471739477040816
utfgcjfa,Inlens,0,11,120.34004,60.701332,0.04228117028061224,0.07696408641581633
utfgcjfa,Inlens,0,12,129.25256,55.385406,0.04126474808673469,0.08788066007653061
utfgcjfa,Inlens,0,13,109.40846,60.297386,0.06517059948979592,0.08215082908163265
utfgcjfa,Inlens,0,14,120.23467,66.99087,0.07210618622448979,0.1093002630739796
utfgcjfa,Inlens,1,0,136.55353,45.667217,0.022376235650510203,0.0877212213010204
utfgcjfa,Inlens,1,1,132.07443,49.43054,0.031907684948979595,0.095703125
utfgcjfa,Inlens,1,2,96.51389,52.19454,0.10401885363520408,0.036855269451530615
utfgcjfa,Inlens,1,3,114.67185,50.438072,0.061847297512755105,0.056521045918367346
utfgcjfa,Inlens,1,4,133.04295,64.05511,0.0694156568877551,0.1031020806760204
utfgcjfa,Inlens,1,5,124.915016,62.28633,0.0813735650510204,0.10598194355867346
utfgcjfa,Inlens,1,6,99.14493,57.796608,0.108154296875,0.061488560267857144
utfgcjfa,Inlens,1,7,101.79975,57.908707,0.08249960140306123,0.06130919164540816
utfgcjfa,Inlens,1,8,94.046394,53.446445,0.14059510522959184,0.027657645089285716
utfgcjfa,Inlens,1,9,113.67501,59.737816,0.08947006536989796,0.07168765943877552
utfgcjfa,Inlens,1,10,110.275696,66.121124,0.10056600765306123,0.10011758609693877
utfgcjfa,Inlens,1,11,118.88427,60.961353,0.08791553730867346,0.0628238600127551
utfgcjfa,Inlens,1,12,88.72985,54.30975,0.07751713966836735,0.05812539859693878
utfgcjfa,Inlens,1,13,104.091934,61.757034,0.04962531887755102,0.10067063934948979
utfgcjfa,Inlens,1,14,103.82387,64.184006,0.11208545918367346,0.09368024553571429
utfgcjfa,Inlens,2,0,136.65398,51.483505,0.048828125,0.10924047353316327
utfgcjfa,Inlens,2,1,109.91998,64.87513,0.17609016262755103,0.07441804846938775
utfgcjfa,Inlens,2,2,98.340126,59.711582,0.1401965082908163,0.0625797193877551
utfgcjfa,Inlens,2,3,136.11804,69.49587,0.06572863520408163,0.17707170758928573
utfgcjfa,Inlens,2,4,115.640625,64.64453,0.07683454241071429,0.10714285714285714
utfgcjfa,Inlens,2,5,109.01365,57.625015,0.04629205197704082,0.0848862005739796
utfgcjfa,Inlens,2,6,116.69348,69.34773,0.05862364477040816,0.14484514508928573
utfgcjfa,Inlens,2,7,131.01814,71.0172,0.059007294323979595,0.18127690529336735
utfgcjfa,Inlens,2,8,121.65159,67.65513,0.06805544483418367,0.13553790656887754
utfgcjfa,Inlens,2,9,166.9066,63.715096,0.025041852678571428,0.2817980707908163
utfgcjfa,Inlens,2,10,96.28369,57.585762,0.09678431919642858,0.06565888073979592
utfgcjfa,Inlens,2,11,72.47001,37.021564,0.1039241868622449,0.020178970025510203
utfgcjfa,Inlens,2,12,134.9151,69.95336,0.1138492506377551,0.16111288265306123
utfgcjfa,Inlens,2,13,81.10633,51.298553,0.20456493144132654,0.030602279974489797
utfgcjfa,Inlens,2,14,85.90179,51.400627,0.1917998644770408,0.027772241709183673
utfgcjfa,Inlens,3,0,128.79129,72.559,0.11777543048469388,0.16720643335459184
utfgcjfa,Inlens,3,1,134.12619,71.22798,0.05776666135204082,0.19298569036989796
utfgcjfa,Inlens,3,2,99.94298,49.171394,0.06416912468112244,0.05324258609693878
utfgcjfa,Inlens,3,3,106.03061,59.876614,0.09696368781887756,0.07946528220663265
utfgcjfa,Inlens,3,4,100.57549,63.359406,0.08301279496173469,0.10001295440051021
utfgcjfa,Inlens,3,5,110.745834,62.608196,0.09882214604591837,0.08669483418367346
utfgcjfa,Inlens,3,6,111.320015,64.247444,0.07035734215561225,0.09981863839285714
utfgcjfa,Inlens,3,7,119.24519,69.70947,0.13072983099489796,0.12222476881377552
utfgcjfa,Inlens,3,8,113.974556,65.4802,0.05473732461734694,0.12182118941326531
utfgcjfa,Inlens,3,9,151.84888,61.382206,0.030323262117346938,0.18117725605867346
utfgcjfa,Inlens,3,10,93.23435,54.875286,0.11568279655612244,0.040940888073979595
utfgcjfa,Inlens,3,11,92.23005,51.492733,0.12357999840561225,0.037607621173469385
utfgcjfa,Inlens,3,12,87.59756,52.62243,0.15418227838010204,0.037587691326530615
utfgcjfa,Inlens,3,13,88.05225,55.16223,0.09355568399234694,0.06125936702806122
utfgcjfa,Inlens,3,14,139.47514,64.60479,0.024987045599489797,0.16667330994897958
utfgcjfa,SE,0,0,87.83568,34.948544,0.061403858418367346,0.23337352519132654
utfgcjfa,SE,0,1,73.582855,29.717422,0.07532485650510204,0.07123425542091837
utfgcjfa,SE,0,2,67.49594,24.037243,0.05781648596938776,0.03619260204081633
utfgcjfa,SE,0,3,78.02891,30.627054,0.06018813775510204,0.12883649553571427
utfgcjfa,SE,0,4,90.68549,37.339928,0.061767578125,0.31068140146683676
utfgcjfa,SE,0,5,74.2561,29.992859,0.0742934869260204,0.0781997369260204
utfgcjfa,SE,0,6,82.54724,39.006424,0.10460678411989796,0.2421875
utfgcjfa,SE,0,7,68.07053,16.148647,0.02614795918367347,0.012520926339285714
utfgcjfa,SE,0,8,70.81002,22.857912,0.05845424107142857,0.02516143176020408
utfgcjfa,SE,0,9,67.09163,20.894583,0.058583785076530615,0.018171037946428572
utfgcjfa,SE,0,10,69.739525,24.021988,0.05688974808673469,0.045654296875
utfgcjfa,SE,0,11,78.10655,30.828234,0.060845822704081634,0.14131257971938777
utfgcjfa,SE,0,12,78.46106,33.48862,0.07011818399234694,0.12131796077806123
utfgcjfa,SE,0,13,68.39725,31.885866,0.11692841198979592,0.06263950892857142
utfgcjfa,SE,0,14,75.84779,33.969448,0.0870834661989796,0.13285235969387754
utfgcjfa,SE,1,0,76.4676,31.534668,0.09687898596938775,0.07766661352040816
utfgcjfa,SE,1,1,76.171036,31.505465,0.08490613042091837,0.07654555963010204
utfgcjfa,SE,1,2,65.301445,29.268045,0.12922512755102042,0.03344228316326531
utfgcjfa,SE,1,3,71.06939,34.088604,0.117919921875,0.05621711575255102
utfgcjfa,SE,1,4,78.29285,39.153008,0.11508490114795919,0.18210399394132654
utfgcjfa,SE,1,5,68.72265,35.116028,0.13850247130102042,0.07435327646683673
utfgcjfa,SE,1,6,63.387424,35.45853,0.1918148118622449,0.060781050701530615
utfgcjfa,SE,1,7,70.4983,30.371132,0.09189652423469388,0.07512555803571429
utfgcjfa,SE,1,8,66.97805,36.03084,0.14617047991071427,0.07392976721938775
utfgcjfa,SE,1,9,73.956764,33.164722,0.08895188934948979,0.10458187181122448
utfgcjfa,SE,1,10,69.45285,33.132195,0.10764110331632654,0.07306780133928571
utfgcjfa,SE,1,11,71.467415,40.766605,0.1761150749362245,0.1667430644132653
utfgcjfa,SE,1,12,72.14734,24.191359,0.05967494419642857,0.035769092793367346
utfgcjfa,SE,1,13,68.72818,26.275665,0.07034239477040816,0.03557975924744898
utfgcjfa,SE,1,14,74.112144,37.113228,0.10745675223214286,0.08426837531887756
utfgcjfa,SE,2,0,76.14164,34.760017,0.11338588169642858,0.08184191645408163
utfgcjfa,SE,2,1,62.933563,34.66333,0.16190011160714285,0.06055185746173469
utfgcjfa,SE,2,2,67.37323,34.587124,0.14793925382653061,0.08246472417091837
utfgcjfa,SE,2,3,79.27485,33.215572,0.05886778539540816,0.12416294642857142
utfgcjfa,SE,2,4,66.300415,29.839651,0.0945621412627551,0.04811065051020408
utfgcjfa,SE,2,5,72.463394,25.794024,0.06410933514030612,0.04330755739795918
utfgcjfa,SE,2,6,71.64846,30.591917,0.07228057238520408,0.07358099489795919
utfgcjfa,SE,2,7,66.70134,34.37212,0.12433235012755102,0.07288345025510204
utfgcjfa,SE,2,8,74.5001,32.746807,0.07442801339285714,0.11527423469387756
utfgcjfa,SE,2,9,86.13302,36.096283,0.0504524075255102,0.275081712372449
utfgcjfa,SE,2,10,71.33504,29.01194,0.07496611926020408,0.06712372448979592
utfgcjfa,SE,2,11,70.15286,15.843942,0.016207948022959183,0.014284717793367346
utfgcjfa,SE,2,12,73.88801,47.10437,0.2250926737882653,0.20463468590561223
utfgcjfa,SE,2,13,60.621826,29.29037,0.17069913903061223,0.01984016262755102
utfgcjfa,SE,2,14,68.192085,42.496567,0.210205078125,0.08199139030612244
utfgcjfa,SE,3,0,72.1593,42.507732,0.1724579480229592,0.16473014987244897
utfgcjfa,SE,3,1,73.01778,39.957954,0.1212631536989796,0.14640963807397958
utfgcjfa,SE,3,2,70.98731,27.779863,0.07022281568877552,0.04421934789540816
utfgcjfa,SE,3,3,68.33516,31.701242,0.12454161352040816,0.05458286830357143
utfgcjfa,SE,3,4,71.304085,26.113325,0.04423927774234694,0.05707908163265306
utfgcjfa,SE,3,5,70.94075,35.709343,0.12279775191326531,0.08863799426020408
utfgcjfa,SE,3,6,74.50175,29.349922,0.060068558673469385,0.08306261957908163
utfgcjfa,SE,3,7,69.75432,40.847263,0.17283661511479592,0.1197933274872449
utfgcjfa,SE,3,8,72.27696,31.385479,0.08833406409438775,0.08925581951530612
utfgcjfa,SE,3,9,82.84389,36.448,0.09140326052295919,0.220703125
utfgcjfa,SE,3,10,69.077995,31.321177,0.11960897640306123,0.06181242028061224
utfgcjfa,SE,3,11,64.55077,32.064632,0.15880600286989796,0.04822524713010204
utfgcjfa,SE,3,12,70.45941,34.26452,0.12447684151785714,0.07548429528061225
utfgcjfa,SE,3,13,70.528305,24.395319,0.04681521045918367,0.049435985331632654
utfgcjfa,SE,3,14,88.42216,33.98214,0.04672054368622449,0.25063277264030615
vc2whyaq,BSE,0,0,59.312187,25.696281,0.09665477519132654,0.15823301977040816
vc2whyaq,BSE,0,1,51.55469,18.14567,0.09467175542091837,0.04359654017857143
vc2whyaq,BSE,0,2,55.379005,19.04715,0.06815509406887756,0.07371053890306123
vc2whyaq,BSE,0,3,55.657356,26.595379,0.1496532206632653,0.13015186543367346
vc2whyaq,BSE,0,4,54.72304,19.439915,0.09499561543367346,0.05550960618622449
vc2whyaq,BSE,0,5,55.032227,14.437397,0.046630859375,0.025196308992346938
vc2whyaq,BSE,0,6,56.7137,22.37304,0.08679448341836735,0.08893694196428571
vc2whyaq,BSE,0,7,53.63936,13.730709,0.04574896364795918,0.030323262117346938
vc2whyaq,BSE,0,8,54.70059,20.82667,0.07293825733418367,0.07500099649234694
vc2whyaq,BSE,0,9,52.01481,10.880404,0.01944156568877551,0.012152224170918368
vc2whyaq,BSE,0,10,49.98641,17.379221,0.09233996332908163,0.028315330038265307
vc2whyaq,BSE,0,11,62.93597,31.345392,0.1058773118622449,0.21806242028061223
vc2whyaq,BSE,0,12,61.56669,29.005077,0.1064453125,0.20514787946428573
vc2whyaq,BSE,0,13,66.38534,28.476252,0.057960977359693876,0.22073301977040816
vc2whyaq,BSE,0,14,51.756294,17.170238,0.09414859693877552,0.036386918048469385
vc2whyaq,BSE,1,0,55.78462,21.083277,0.08334163743622448,0.07638113839285714
vc2whyaq,BSE,1,1,56.671326,29.657877,0.1591846699617347,0.15211953922193877
vc2whyaq,BSE,1,2,50.985382,26.43467,0.2205536511479592,0.08957967952806123
vc2whyaq,BSE,1,3,54.421993,18.7004,0.09739716198979592,0.049236686862244895
vc2whyaq,BSE,1,4,56.83278,15.14235,0.054896763392857144,0.04546994579081633
vc2whyaq,BSE,1,5,53.372852,19.73164,0.1347706074617347,0.05415437659438776
vc2whyaq,BSE,1,6,60.130276,30.982798,0.14564233896683673,0.1781628667091837
vc2whyaq,BSE,1,7,50.738113,17.63921,0.12629544005102042,0.02766262755102041
vc2whyaq,BSE,1,8,66.1509,34.157593,0.11706792091836735,0.26620794802295916
vc2whyaq,BSE,1,9,48.316715,21.118437,0.19533242984693877,0.04239078443877551
vc2whyaq,BSE,1,10,43.949497,20.076052,0.254703443877551,0.015281210140306123
vc2whyaq,BSE,1,11,53.21113,21.981234,0.1234554368622449,0.0750308912627551
vc2whyaq,BSE,1,12,56.07693,22.672363,0.07817482461734694,0.10243443080357142
vc2whyaq,BSE,1,13,64.509544,29.686092,0.09777084661989796,0.22133091517857142
vc2whyaq,BSE,1,14,52.634636,18.28498,0.12343550701530612,0.05067163584183673
vc2whyaq,BSE,2,0,66.222466,27.961441,0.07228057238520408,0.2220832669005102
vc2whyaq,BSE,2,1,58.37331,18.254583,0.05155353156887755,0.08098493303571429
vc2whyaq,BSE,2,2,55.19963,26.655752,0.14243363360969388,0.1114975286989796
vc2whyaq,BSE,2,3,69.0446,32.233685,0.08970424107142858,0.27304886798469385
vc2whyaq,BSE,2,4,59.35923,18.932592,0.05555444834183673,0.10790019132653061
vc2whyaq,BSE,2,5,70.32321,32.46699,0.08075573979591837,0.2981754225127551
vc2whyaq,BSE,2,6,58.70345,18.70753,0.06577845982142858,0.09894172512755102
vc2whyaq,BSE,2,7,52.713455,16.032213,0.08477658641581633,0.03329779177295918
vc2whyaq,BSE,2,8,52.669502,18.766224,0.122802734375,0.04110530931122449
vc2whyaq,BSE,2,9,55.606773,14.865372,0.06161312181122449,0.0302734375
vc2whyaq,BSE,2,10,56.115467,15.54739,0.05430883290816327,0.0372688137755102
vc2whyaq,BSE,2,11,54.956573,22.911266,0.0936702806122449,0.09075554049744898
vc2whyaq,BSE,2,12,54.12537,23.08176,0.13057039221938777,0.087158203125
vc2whyaq,BSE,2,13,53.032307,18.129107,0.09274354272959184,0.053347217793367346
vc2whyaq,BSE,2,14,53.29575,19.65905,0.11143773915816327,0.07045200892857142
vc2whyaq,BSE,3,0,55.31192,19.40152,0.09308733258928571,0.06646105707908163
vc2whyaq,BSE,3,1,55.679295,16.136814,0.06565389827806123,0.05348174426020408
vc2whyaq,BSE,3,2,63.767807,26.691786,0.06440330038265306,0.18469487404336735
vc2whyaq,BSE,3,3,53.963215,17.123156,0.09131357621173469,0.041140186543367346
vc2whyaq,BSE,3,4,58.665623,11.305717,0.010757134885204082,0.033447265625
vc2whyaq,BSE,3,5,59.863,21.729492,0.0664809869260204,0.10713289221938775
vc2whyaq,BSE,3,6,60.917824,23.853048,0.07702885841836735,0.1473762356505102
vc2whyaq,BSE,3,7,57.370388,19.909067,0.07489138233418367,0.08248963647959184
vc2whyaq,BSE,3,8,59.837044,27.14176,0.09499063297193877,0.15337511957908162
vc2whyaq,BSE,3,9,53.844223,20.939833,0.12738659917091838,0.07227558992346939
vc2whyaq,BSE,3,10,57.280827,15.759536,0.05181760204081633,0.05347177933673469
vc2whyaq,BSE,3,11,59.954327,22.49453,0.07754205197704081,0.13040597098214285
vc2whyaq,BSE,3,12,53.55832,17.079649,0.10512994260204081,0.03480747767857143
vc2whyaq,BSE,3,13,51.33906,18.34976,0.14334542410714285,0.026745854591836735
vc2whyaq,BSE,3,14,54.211796,21.127077,0.11365991709183673,0.06074119100765306
vc2whyaq,Inlens,0,0,134.8715,69.731766,0.07734275350765306,0.1649543606505102
vc2whyaq,Inlens,0,1,106.68886,67.92253,0.1629962531887755,0.10922054368622448
vc2whyaq,Inlens,0,2,124.59397,72.74769,0.10234972895408163,0.1710479113520408
vc2whyaq,Inlens,0,3,145.25261,71.86601,0.08239995216836735,0.19289102359693877
vc2whyaq,Inlens,0,4,129.51561,45.540016,0.032724808673469385,0.06936583227040816
vc2whyaq,Inlens,0,5,116.268196,33.100464,0.03389070471938776,0.02175342793367347
vc2whyaq,Inlens,0,6,136.72495,56.046066,0.04778679049744898,0.10269351881377552
vc2whyaq,Inlens,0,7,114.53069,61.8312,0.09424824617346939,0.11967374840561225
vc2whyaq,Inlens,0,8,105.867546,63.800316,0.2051727917729592,0.08320212850765306
vc2whyaq,Inlens,0,9,69.406456,34.965477,0.33240991709183676,0.018843670280612245
vc2whyaq,Inlens,0,10,74.9531,45.363724,0.316715162627551,0.030796595982142856
vc2whyaq,Inlens,0,11,136.54292,74.97311,0.1204410475127551,0.20994100765306123
vc2whyaq,Inlens,0,12,144.50262,72.204384,0.086669921875,0.19186463647959184
vc2whyaq,Inlens,0,13,159.52856,63.878914,0.029072664221938774,0.24754862882653061
vc2whyaq,Inlens,0,14,107.163666,59.680763,0.15826789700255103,0.0758529974489796
vc2whyaq,Inlens,1,0,123.573364,52.794502,0.06694435586734694,0.057980907206632654
vc2whyaq,Inlens,1,1,116.94288,67.03947,0.13368443080357142,0.08594746492346939
vc2whyaq,Inlens,1,2,140.94344,59.557255,0.08730767697704081,0.10906110491071429
vc2whyaq,Inlens,1,3,134.26505,46.962284,0.040472536670918366,0.07556899713010204
vc2whyaq,Inlens,1,4,140.5385,42.30559,0.01952128507653061,0.08167251275510204
vc2whyaq,Inlens,1,5,141.97531,55.61209,0.055544483418367346,0.13341537786989796
vc2whyaq,Inlens,1,6,141.51427,59.873653,0.07382015306122448,0.13025649713010204
vc2whyaq,Inlens,1,7,114.58077,53.12017,0.09962930484693877,0.06806540975765306
vc2whyaq,Inlens,1,8,143.81116,64.73917,0.07882752710459184,0.14433195153061223
vc2whyaq,Inlens,1,9,109.66511,51.650097,0.12992267219387754,0.04195232780612245
vc2whyaq,Inlens,1,10,96.067566,49.208466,0.19536730707908162,0.017294124681122448
vc2whyaq,Inlens,1,11,121.80917,64.01186,0.11179647640306123,0.09588249362244898
vc2whyaq,Inlens,1,12,115.92442,71.584785,0.198974609375,0.10908103475765306
vc2whyaq,Inlens,1,13,150.78552,62.057396,0.07548927774234694,0.12465122767857142
vc2whyaq,Inlens,1,14,113.533844,57.92259,0.13884626116071427,0.05748266103316327
vc2whyaq,Inlens,2,0,161.43053,56.523785,0.03201231664540816,0.17634426817602042
vc2whyaq,Inlens,2,1,135.37369,50.441936,0.03990453603316327,0.08318219866071429
vc2whyaq,Inlens,2,2,127.001015,65.5479,0.13555285395408162,0.11322644292091837
vc2whyaq,Inlens,2,3,168.90393,55.76619,0.022426060267857144,0.2210419323979592
vc2whyaq,Inlens,2,4,154.15561,56.98463,0.03380600286989796,0.14662388392857142
vc2whyaq,Inlens,2,5,165.40086,56.96339,0.03983976403061224,0.20335419323979592
vc2whyaq,Inlens,2,6,147.10776,52.248615,0.02825554049744898,0.12920021524234693
vc2whyaq,Inlens,2,7,112.8751,55.186962,0.12080974968112244,0.060825892857142856
vc2whyaq,Inlens,2,8,131.5076,54.416367,0.08158282844387756,0.08161272321428571
vc2whyaq,Inlens,2,9,125.896385,32.118866,0.019331951530612245,0.028569435586734693
vc2whyaq,Inlens,2,10,121.06433,29.69888,0.0240902024872449,0.015405771683673469
vc2whyaq,Inlens,2,11,113.41503,58.85533,0.10196109693877552,0.06783621651785714
vc2whyaq,Inlens,2,12,133.10721,60.295937,0.07620675223214286,0.09909618144132654
vc2whyaq,Inlens,2,13,118.687805,59.071514,0.08823441485969388,0.07914142219387756
vc2whyaq,Inlens,2,14,112.445724,64.90491,0.17790377869897958,0.08980887276785714
vc2whyaq,Inlens,3,0,128.28072,54.21121,0.06414421237244898,0.08191167091836735
vc2whyaq,Inlens,3,1,133.71497,52.001637,0.040407764668367346,0.07946528220663265
vc2whyaq,Inlens,3,2,142.17914,61.155727,0.05242546237244898,0.13837790975765307
vc2whyaq,Inlens,3,3,119.02216,39.02831,0.05608258928571429,0.024458904655612245
vc2whyaq,Inlens,3,4,122.662575,25.04199,0.0006875797193877551,0.020348373724489797
vc2whyaq,Inlens,3,5,148.42577,49.66974,0.026123046875,0.10814433195153061
vc2whyaq,Inlens,3,6,146.73035,51.928185,0.03540537308673469,0.09191645408163265
vc2whyaq,Inlens,3,7,126.89766,50.053024,0.07442303093112244,0.06441824776785714
vc2whyaq,Inlens,3,8,126.66671,60.656223,0.08280851403061225,0.08072584502551021
vc2whyaq,Inlens,3,9,130.13905,54.493084,0.05962013711734694,0.08350605867346939
vc2whyaq,Inlens,3,10,136.25499,40.427208,0.010577766262755101,0.06441326530612244
vc2whyaq,Inlens,3,11,150.91249,50.866398,0.013417769451530613,0.11964883609693877
vc2whyaq,Inlens,3,12,136.92729,37.30835,0.02008430325255102,0.03926179846938776
vc2whyaq,Inlens,3,13,117.49874,36.069046,0.06612723214285714,0.016641422193877552
vc2whyaq,Inlens,3,14,122.3852,45.754387,0.05965999681122449,0.04960040656887755
vc2whyaq,SE,0,0,78.41877,35.427086,0.09688396843112244,0.14287209024234693
vc2whyaq,SE,0,1,71.85973,31.058167,0.09508529974489796,0.06085578762755102
vc2whyaq,SE,0,2,73.30501,31.522102,0.07772142059948979,0.08748704559948979
vc2whyaq,SE,0,3,71.74872,41.86337,0.1696179448341837,0.1454280931122449
vc2whyaq,SE,0,4,77.13995,29.54087,0.09200613839285714,0.05904217155612245
vc2whyaq,SE,0,5,77.5174,18.847475,0.03994937818877551,0.01123046875
vc2whyaq,SE,0,6,75.395996,31.206821,0.08788066007653061,0.08965441645408163
vc2whyaq,SE,0,7,74.66191,26.31341,0.04982461734693878,0.047288544323979595
vc2whyaq,SE,0,8,72.89214,26.579992,0.05938596141581633,0.06864337531887756
vc2whyaq,SE,0,9,69.38046,12.403847,0.006228077168367347,0.008988360969387755
vc2whyaq,SE,0,10,71.53075,25.887957,0.06582828443877552,0.04217653858418367
vc2whyaq,SE,0,11,81.65256,39.199413,0.10641541772959184,0.22189393335459184
vc2whyaq,SE,0,12,78.07582,38.600563,0.12596161511479592,0.1686065051020408
vc2whyaq,SE,0,13,86.384224,33.763203,0.0564811862244898,0.20329440369897958
vc2whyaq,SE,0,14,69.68307,28.65031,0.08714325573979592,0.04955556441326531
vc2whyaq,SE,1,0,75.46488,26.98674,0.06618203922193877,0.07186204559948979
vc2whyaq,SE,1,1,77.281105,38.674454,0.13495994100765307,0.1646404655612245
vc2whyaq,SE,1,2,69.05978,41.976902,0.21633848852040816,0.11080496651785714
vc2whyaq,SE,1,3,74.11685,27.981255,0.0914779974489796,0.044244260204081634
vc2whyaq,SE,1,4,80.32013,23.76092,0.04989935427295918,0.038006218112244895
vc2whyaq,SE,1,5,72.25893,34.11524,0.1345165019132653,0.0589225924744898
vc2whyaq,SE,1,6,74.92823,39.141064,0.15541294642857142,0.14896065848214285
vc2whyaq,SE,1,7,67.047676,30.441278,0.1355827487244898,0.03644670758928571
vc2whyaq,SE,1,8,83.5581,38.987057,0.10620615433673469,0.23597935267857142
vc2whyaq,SE,1,9,64.17983,32.8591,0.17116749043367346,0.04603296396683673
vc2whyaq,SE,1,10,57.186684,35.848637,0.2707021285076531,0.0321418606505102
vc2whyaq,SE,1,11,73.71524,32.932083,0.11217514349489796,0.07371053890306123
vc2whyaq,SE,1,12,73.45761,30.376348,0.07654057716836735,0.09410375478316327
vc2whyaq,SE,1,13,86.109245,40.17372,0.09452228156887756,0.24986049107142858
vc2whyaq,SE,1,14,74.15351,40.790615,0.12634526466836735,0.10206572863520408
vc2whyaq,SE,2,0,85.92231,33.535595,0.07848373724489796,0.1807238520408163
vc2whyaq,SE,2,1,79.625206,29.365017,0.06407944036989796,0.08592753507653061
vc2whyaq,SE,2,2,68.8935,38.281002,0.1602409518494898,0.11789500956632654
vc2whyaq,SE,2,3,84.7322,38.28682,0.09650530133928571,0.23433015784438777
vc2whyaq,SE,2,4,79.01785,28.38731,0.05893255739795918,0.07244001116071429
vc2whyaq,SE,2,5,90.09176,38.215763,0.07873784279336735,0.2834422831632653
vc2whyaq,SE,2,6,75.185844,30.039206,0.06476702008928571,0.06969965720663265
vc2whyaq,SE,2,7,71.79913,29.871382,0.08955974968112244,0.05835459183673469
vc2whyaq,SE,2,8,70.635506,32.433937,0.12945930325255103,0.047193877551020405
vc2whyaq,SE,2,9,77.12693,22.142159,0.058225047831632654,0.0193668287627551
vc2whyaq,SE,2,10,76.80927,22.115631,0.05290876116071429,0.023885921556122448
vc2whyaq,SE,2,11,77.13555,30.596064,0.07848373724489796,0.09643056441326531
vc2whyaq,SE,2,12,69.921715,36.56624,0.15410255899234693,0.09134347098214286
vc2whyaq,SE,2,13,73.294495,32.10604,0.09780572385204081,0.08084044164540816
vc2whyaq,SE,2,14,70.41275,34.28995,0.12348533163265306,0.08016780931122448
vc2whyaq,SE,3,0,76.3461,30.546072,0.09453224649234694,0.06726323341836735
vc2whyaq,SE,3,1,76.46775,28.49915,0.06636140784438775,0.06026287468112245
vc2whyaq,SE,3,2,83.388824,33.854366,0.06596779336734694,0.17354910714285715
vc2whyaq,SE,3,3,71.52468,27.265724,0.09786551339285714,0.02867904974489796
vc2whyaq,SE,3,4,79.68329,13.846713,0.008858816964285714,0.015121771364795918
vc2whyaq,SE,3,5,82.06702,30.028757,0.06138891103316327,0.10589225924744898
vc2whyaq,SE,3,6,79.63167,32.200233,0.07604731345663265,0.12135283801020408
vc2whyaq,SE,3,7,78.35929,28.37645,0.0724300462372449,0.07866808832908163
vc2whyaq,SE,3,8,74.68976,32.40506,0.09935028698979592,0.12767558195153061
vc2whyaq,SE,3,9,72.114265,34.97567,0.13498983577806123,0.08459223533163265
vc2whyaq,SE,3,10,76.70102,25.000612,0.05945571588010204,0.04377092633928571
vc2whyaq,SE,3,11,83.189735,37.046318,0.07287846779336735,0.1568927375637755
vc2whyaq,SE,3,12,67.027054,31.128906,0.13862703284438777,0.029261997767857144
vc2whyaq,SE,3,13,71.013466,30.615398,0.13367446588010204,0.034902144451530615
vc2whyaq,SE,3,14,74.103714,31.888893,0.11305703922193877,0.06116470025510204
x77cy643,BSE,0,0,55.039955,18.227669,0.041693239795918366,0.05919164540816327
x77cy643,BSE,0,1,64.36501,23.997349,0.026905293367346938,0.16919941804846939
x77cy643,BSE,0,2,54.97538,17.74423,0.06758709343112244,0.04480727838010204
x77cy643,BSE,0,3,54.08485,15.089613,0.030557437818877552,0.03682537468112245
x77cy643,BSE,0,4,64.65011,30.731972,0.06863839285714286,0.21830157844387754
x77cy643,BSE,0,5,57.768913,24.943155,0.10222516741071429,0.1270129145408163
x77cy643,BSE,0,6,55.302036,21.052082,0.07817482461734694,0.07773138552295919
x77cy643,BSE,0,7,52.339294,16.588448,0.07160295758928571,0.03759267378826531
x77cy643,BSE,0,8,49.41423,15.732359,0.09202108577806123,0.014882613201530613
x77cy643,BSE,0,9,50.223133,18.312523,0.1256427375637755,0.03260522959183673
x77cy643,BSE,0,10,54.81646,23.207678,0.08401925223214286,0.08353097098214286
x77cy643,BSE,0,11,51.653667,15.367904,0.061558314732142856,0.027393574617346938
x77cy643,BSE,0,12,57.711803,25.621115,0.09143315529336735,0.12410813934948979
x77cy643,BSE,0,13,61.222282,26.256908,0.0758480149872449,0.1555972975127551
x77cy643,BSE,0,14,50.42158,21.059858,0.11913066007653061,0.048040896045918366
x77cy643,BSE,1,0,55.972595,25.23,0.10754145408163265,0.11065549266581633
x77cy643,BSE,1,1,54.85352,22.893776,0.1094547193877551,0.08394949776785714
x77cy643,BSE,1,2,50.628895,21.586397,0.15449617346938777,0.055943080357142856
x77cy643,BSE,1,3,61.260853,23.795412,0.06767179528061225,0.15273238201530612
x77cy643,BSE,1,4,51.84982,23.70057,0.16159119897959184,0.08132872289540816
x77cy643,BSE,1,5,70.71587,31.487667,0.0428840481505102,0.2825902822066326
x77cy643,BSE,1,6,60.570892,27.25469,0.08215082908163265,0.15656887755102042
x77cy643,BSE,1,7,57.792442,22.322075,0.056919642857142856,0.09769112723214286
x77cy643,BSE,1,8,56.924053,25.220526,0.10211555325255102,0.11984813456632654
x77cy643,BSE,1,9,54.209023,21.258713,0.10386439732142858,0.09476642219387756
x77cy643,BSE,1,10,52.838367,20.980412,0.13552794164540816,0.06096540178571429
x77cy643,BSE,1,11,64.09569,33.69758,0.14258808992346939,0.2474041374362245
x77cy643,BSE,1,12,52.41869,26.618956,0.18345424107142858,0.09735730229591837
x77cy643,BSE,1,13,52.61066,14.920384,0.0596550143494898,0.025819116709183673
x77cy643,BSE,1,14,53.45448,17.90358,0.07812998246173469,0.04816047512755102
x77cy643,BSE,2,0,50.9806,14.323903,0.05848413584183673,0.017687739158163265
x77cy643,BSE,2,1,64.61521,29.95258,0.08253946109693877,0.21618403220663265
x77cy643,BSE,2,2,55.310627,28.078777,0.1642119738520408,0.1285076530612245
x77cy643,BSE,2,3,53.644352,20.932383,0.1171875,0.07285355548469388
x77cy643,BSE,2,4,56.229774,26.320772,0.1252391581632653,0.11615613042091837
x77cy643,BSE,2,5,57.22569,25.488855,0.09589245854591837,0.12360491071428571
x77cy643,BSE,2,6,48.287952,25.471302,0.23070292570153061,0.06098533163265306
x77cy643,BSE,2,7,56.973553,20.863035,0.06936084980867346,0.08477160395408163
x77cy643,BSE,2,8,53.27471,18.320501,0.10764608577806123,0.035808952487244895
x77cy643,BSE,2,9,53.77147,17.958952,0.08941027582908163,0.03981983418367347
x77cy643,BSE,2,10,60.066124,29.68565,0.11373465401785714,0.17036531409438777
x77cy643,BSE,2,11,56.74521,15.179555,0.03540537308673469,0.052968550701530615
x77cy643,BSE,2,12,55.09515,21.343235,0.09419343909438775,0.07692422672193877
x77cy643,BSE,2,13,53.742615,21.69113,0.08698381696428571,0.07058155293367346
x77cy643,BSE,2,14,58.68178,27.668804,0.11090959821428571,0.14619040975765307
x77cy643,BSE,3,0,61.888374,30.944351,0.11963887117346939,0.20256696428571427
x77cy643,BSE,3,1,61.919933,29.919716,0.11696328922193877,0.20804767219387754
x77cy643,BSE,3,2,56.718235,18.766794,0.04300860969387755,0.06807039221938775
x77cy643,BSE,3,3,53.80314,14.507615,0.04179288903061224,0.03365154655612245
x77cy643,BSE,3,4,51.692398,21.895983,0.13855229591836735,0.059939014668367346
x77cy643,BSE,3,5,57.892155,34.514347,0.19036491549744897,0.20197903380102042
x77cy643,BSE,3,6,58.949074,19.80652,0.05113500478316327,0.07758689413265306
x77cy643,BSE,3,7,55.305573,17.616564,0.07310267857142858,0.05764708227040816
x77cy643,BSE,3,8,53.068913,17.481041,0.07854352678571429,0.04480727838010204
x77cy643,BSE,3,9,52.49595,20.020771,0.10390425701530612,0.05316286670918367
x77cy643,BSE,3,10,51.888016,17.305393,0.09479631696428571,0.03913225446428571
x77cy643,BSE,3,11,49.312843,19.802107,0.14335040656887754,0.03207210618622449
x77cy643,BSE,3,12,68.11967,34.769806,0.11358019770408163,0.2906469228316326
x77cy643,BSE,3,13,56.769363,24.481861,0.09909119897959184,0.11607142857142858
x77cy643,BSE,3,14,64.49561,33.66368,0.12319634885204081,0.24304448341836735
x77cy643,Inlens,0,0,104.70741,63.60119,0.0655094068877551,0.07981903698979592
x77cy643,Inlens,0,1,145.58458,61.894604,0.020856584821428572,0.14891083386479592
x77cy643,Inlens,0,2,122.751755,52.898052,0.04574398118622449,0.07346639827806123
x77cy643,Inlens,0,3,92.87543,53.35364,0.11333107461734694,0.047607421875
x77cy643,Inlens,0,4,129.5478,67.61659,0.07483159279336735,0.13685825892857142
x77cy643,Inlens,0,5,141.40784,67.22956,0.04588349011479592,0.15617526307397958
x77cy643,Inlens,0,6,122.40992,71.85587,0.08977399553571429,0.12999740911989796
x77cy643,Inlens,0,7,104.26632,65.03117,0.10377969547193877,0.09558354591836735
x77cy643,Inlens,0,8,89.694214,61.013035,0.16655871332908162,0.07484155771683673
x77cy643,Inlens,0,9,105.99703,65.80609,0.11949936224489796,0.0958675462372449
x77cy643,Inlens,0,10,105.323135,66.83239,0.12593172034438777,0.1045669244260204
x77cy643,Inlens,0,11,93.30785,59.359035,0.13429229113520408,0.06855867346938775
x77cy643,Inlens,0,12,133.16698,75.36365,0.08940031090561225,0.19534239477040816
x77cy643,Inlens,0,13,158.83966,63.603897,0.04013372927295918,0.1810726243622449
x77cy643,Inlens,0,14,99.94213,61.555626,0.13286730707908162,0.06381038743622448
x77cy643,Inlens,1,0,121.1997,65.58501,0.09888691804846939,0.08361567283163265
x77cy643,Inlens,1,1,132.70428,57.056,0.06676498724489796,0.07817980707908163
x77cy643,Inlens,1,2,109.72051,58.670696,0.1092105787627551,0.05804069674744898
x77cy643,Inlens,1,3,150.26395,61.291115,0.02121532206632653,0.13441685267857142
x77cy643,Inlens,1,4,108.93511,63.63467,0.12512456154336735,0.064697265625
x77cy643,Inlens,1,5,149.21178,61.48721,0.026940170599489797,0.1333605707908163
x77cy643,Inlens,1,6,125.379295,66.606125,0.0743831712372449,0.10410853794642858
x77cy643,Inlens,1,7,124.02637,62.810417,0.04129962531887755,0.10284299266581633
x77cy643,Inlens,1,8,135.39891,65.767784,0.03992446588010204,0.13250358737244897
x77cy643,Inlens,1,9,118.96124,72.2434,0.08026745854591837,0.15767996651785715
x77cy643,Inlens,1,10,135.67154,60.53323,0.04794622927295918,0.10581253985969388
x77cy643,Inlens,1,11,158.20851,62.437027,0.050836057079081634,0.17091338488520408
x77cy643,Inlens,1,12,122.026405,64.52097,0.10460678411989796,0.09670958227040816
x77cy643,Inlens,1,13,107.60976,60.144882,0.10167709661989796,0.060716278698979595
x77cy643,Inlens,1,14,115.69049,64.19179,0.06685467155612244,0.10472636320153061
x77cy643,Inlens,2,0,81.8245,45.814846,0.09384964923469388,0.03406509088010204
x77cy643,Inlens,2,1,138.35262,58.37351,0.04991430165816327,0.11473612882653061
x77cy643,Inlens,2,2,117.78837,67.57289,0.17929886798469388,0.0823551100127551
x77cy643,Inlens,2,3,113.44631,63.530506,0.11355030293367346,0.09052634725765306
x77cy643,Inlens,2,4,123.31856,66.25458,0.09761639030612244,0.10496552136479592
x77cy643,Inlens,2,5,121.77204,66.30473,0.07279874840561225,0.09182676977040816
x77cy643,Inlens,2,6,118.08339,70.09481,0.16587113360969388,0.10731724330357142
x77cy643,Inlens,2,7,133.79602,57.085934,0.02952606823979592,0.09837372448979592
x77cy643,Inlens,2,8,131.51263,52.774025,0.04568419164540816,0.08385483099489796
x77cy643,Inlens,2,9,130.38402,53.331596,0.05025310905612245,0.06656070631377552
x77cy643,Inlens,2,10,134.5288,58.989655,0.06685467155612244,0.07419882015306123
x77cy643,Inlens,2,11,136.31966,54.47582,0.019072863520408163,0.10103934151785714
x77cy643,Inlens,2,12,117.66964,58.904774,0.08700374681122448,0.05358139349489796
x77cy643,Inlens,2,13,108.23499,65.531136,0.10897640306122448,0.09062101403061225
x77cy643,Inlens,2,14,137.94133,67.91315,0.06215122767857143,0.135986328125
x77cy643,Inlens,3,0,137.92279,63.27861,0.06861348054846939,0.10495555644132654
x77cy643,Inlens,3,1,137.3077,63.043488,0.07414899553571429,0.11318658322704081
x77cy643,Inlens,3,2,110.481064,50.938335,0.08937041613520408,0.03569435586734694
x77cy643,Inlens,3,3,95.55658,59.069786,0.11151745854591837,0.07187201052295919
x77cy643,Inlens,3,4,126.026825,67.21575,0.09038185586734694,0.11028180803571429
x77cy643,Inlens,3,5,126.41801,66.82973,0.12275290975765306,0.05988420758928571
x77cy643,Inlens,3,6,131.3267,39.611534,0.024548588966836735,0.04697963169642857
x77cy643,Inlens,3,7,120.58124,61.507107,0.07949019451530612,0.09424824617346939
x77cy643,Inlens,3,8,102.37488,59.97898,0.16856664540816327,0.0660873724489796
x77cy643,Inlens,3,9,113.76015,61.31009,0.09702845982142858,0.06993383290816327
x77cy643,Inlens,3,10,101.785835,57.91972,0.09201610331632654,0.052455357142857144
x77cy643,Inlens,3,11,105.058105,64.771996,0.1400769292091837,0.07224071269132654
x77cy643,Inlens,3,12,157.40854,70.85885,0.06485670440051021,0.22435526945153061
x77cy643,Inlens,3,13,129.4063,67.99308,0.07268913424744898,0.1269481425382653
x77cy643,Inlens,3,14,145.91434,72.77793,0.07717334980867346,0.19859594228316327
x77cy643,SE,0,0,74.41079,25.941296,0.040472536670918366,0.06254484215561225
x77cy643,SE,0,1,88.07418,32.885384,0.025589923469387755,0.1581084582270408
x77cy643,SE,0,2,73.60595,28.687876,0.0709701849489796,0.057363081951530615
x77cy643,SE,0,3,73.3896,21.028008,0.024164939413265307,0.03504663584183673
x77cy643,SE,0,4,82.752716,33.71969,0.05918666294642857,0.18506855867346939
x77cy643,SE,0,5,75.683784,36.402267,0.11221002072704081,0.12041115274234694
x77cy643,SE,0,6,73.688965,36.76703,0.09089006696428571,0.09962432238520408
x77cy643,SE,0,7,74.308304,30.570662,0.06754225127551021,0.07082569355867346
x77cy643,SE,0,8,67.6539,28.906796,0.08663504464285714,0.04547492825255102
x77cy643,SE,0,9,67.47884,35.359276,0.14431700414540816,0.0638851243622449
x77cy643,SE,0,10,74.17422,31.991938,0.07842893016581633,0.09883211096938775
x77cy643,SE,0,11,70.11431,25.191883,0.056341677295918366,0.03684530452806122
x77cy643,SE,0,12,77.97963,36.758476,0.08791055484693877,0.1371123644770408
x77cy643,SE,0,13,78.47534,33.83792,0.07000856983418367,0.11616111288265306
x77cy643,SE,0,14,69.05502,33.739555,0.11629563934948979,0.07024772799744898
x77cy643,SE,1,0,72.84869,37.671658,0.13307158801020408,0.11958904655612244
x77cy643,SE,1,1,73.40338,37.03804,0.09884207589285714,0.09222038424744898
x77cy643,SE,1,2,67.26407,35.911865,0.1590152662627551,0.061448700573979595
x77cy643,SE,1,3,79.51102,37.00097,0.08265904017857142,0.13111348054846939
x77cy643,SE,1,4,67.28498,39.921238,0.18284638073979592,0.07873784279336735
x77cy643,SE,1,5,86.130264,33.649063,0.03874860491071429,0.21359315210459184
x77cy643,SE,1,6,79.074196,35.14766,0.08673967633928571,0.13750099649234693
x77cy643,SE,1,7,78.09739,28.260763,0.04909717793367347,0.08923588966836735
x77cy643,SE,1,8,72.973625,35.7486,0.10398895886479592,0.11021205357142858
x77cy643,SE,1,9,72.80671,37.144123,0.09256915656887756,0.0870834661989796
x77cy643,SE,1,10,69.40965,35.521553,0.14914999202806123,0.06916155133928571
x77cy643,SE,1,11,79.83446,42.098427,0.127685546875,0.2190738600127551
x77cy643,SE,1,12,68.02306,37.875893,0.17776426977040816,0.09059610172193877
x77cy643,SE,1,13,71.1648,28.166048,0.06590302136479592,0.05312798947704082
x77cy643,SE,1,14,72.458,30.444206,0.0743831712372449,0.06003866390306122
x77cy643,SE,2,0,70.1218,22.434946,0.05331234056122449,0.022171954719387755
x77cy643,SE,2,1,81.47215,34.09215,0.08183693399234694,0.15812838807397958
x77cy643,SE,2,2,74.37047,46.98779,0.18622448979591838,0.15630480707908162
x77cy643,SE,2,3,71.48704,37.028072,0.12079480229591837,0.08029735331632654
x77cy643,SE,2,4,75.46703,38.56915,0.12090441645408163,0.1320202885841837
x77cy643,SE,2,5,75.21038,33.497902,0.08069595025510204,0.11021703603316327
x77cy643,SE,2,6,65.89959,41.433582,0.22092733577806123,0.08234016262755102
x77cy643,SE,2,7,77.8364,31.911123,0.06492147640306123,0.09617147640306123
x77cy643,SE,2,8,72.07806,31.37364,0.10426299426020408,0.04945093271683673
x77cy643,SE,2,9,72.83941,31.216354,0.08055145886479592,0.048927774234693876
x77cy643,SE,2,10,77.4182,36.598526,0.1111637037627551,0.15255799585459184
x77cy643,SE,2,11,75.81656,25.803852,0.030034279336734693,0.05254005899234694
x77cy643,SE,2,12,72.631714,32.90823,0.09618642378826531,0.08685427295918367
x77cy643,SE,2,13,71.45125,31.256666,0.08617167570153061,0.08348114636479592
x77cy643,SE,2,14,75.78753,38.127304,0.11037149234693877,0.1285724250637755
x77cy643,SE,3,0,80.59986,40.206535,0.11916055484693877,0.1817352917729592
x77cy643,SE,3,1,77.40391,44.656437,0.12643494897959184,0.1785465162627551
x77cy643,SE,3,2,75.6378,23.511177,0.03611786511479592,0.04896265146683673
x77cy643,SE,3,3,73.174965,22.527351,0.03403021364795918,0.03595842633928571
x77cy643,SE,3,4,71.09018,38.761997,0.13448660714285715,0.09452726403061225
x77cy643,SE,3,5,69.050476,42.207733,0.20379264987244897,0.15092374840561223
x77cy643,SE,3,6,80.51533,25.148857,0.04228117028061224,0.06658063616071429
x77cy643,SE,3,7,73.675514,33.313965,0.07581313775510204,0.07725306919642858
x77cy643,SE,3,8,69.1328,30.29778,0.08070093271683673,0.056894730548469385
x77cy643,SE,3,9,68.00481,31.047142,0.10858777104591837,0.05457290338010204
x77cy643,SE,3,10,67.86949,28.282034,0.09824916294642858,0.03249561543367347
x77cy643,SE,3,11,69.417305,37.040207,0.14441665338010204,0.07227060746173469
x77cy643,SE,3,12,83.67761,40.05527,0.11580735809948979,0.2212810905612245
x77cy643,SE,3,13,72.29577,35.846188,0.10780054209183673,0.10421815210459184
x77cy643,SE,3,14,79.09673,41.814514,0.14707728794642858,0.19785853794642858
x7u69zsw,BSE,0,0,65.747574,16.712736,0.08924585459183673,0.08240991709183673
x7u69zsw,BSE,0,1,67.01712,17.173845,0.06801558514030612,0.10050123565051021
x7u69zsw,BSE,0,2,62.034615,14.848084,0.11643514827806123,0.03393056441326531
x7u69zsw,BSE,0,3,64.99598,18.789974,0.12108378507653061,0.09914600605867346
x7u69zsw,BSE,0,4,59.10451,12.776929,0.11916553730867346,0.006621691645408163
x7u69zsw,BSE,0,5,62.630325,13.203055,0.09371014030612244,0.029012874681122448
x7u69zsw,BSE,0,6,64.07337,14.974507,0.09156768176020408,0.05384048150510204
x7u69zsw,BSE,0,7,69.37057,23.596277,0.14107840401785715,0.18592055963010204
x7u69zsw,BSE,0,8,64.7678,19.917896,0.1690250318877551,0.09649035395408163
x7u69zsw,BSE,0,9,79.71462,26.67326,0.11038145727040816,0.3942123724489796
x7u69zsw,BSE,0,10,62.82664,11.537991,0.06179747289540816,0.02417988679846939
x7u69zsw,BSE,0,11,59.981205,16.026447,0.16205955038265307,0.0406867825255102
x7u69zsw,BSE,0,12,63.552277,15.848254,0.09116410235969388,0.05789122289540816
x7u69zsw,BSE,0,13,66.17898,18.163452,0.07620675223214286,0.10372488839285714
x7u69zsw,BSE,0,14,62.592155,12.283917,0.08082051179846939,0.02199756855867347
x7u69zsw,BSE,1,0,73.101166,22.115414,0.06359115911989796,0.22667709661989796
x7u69zsw,BSE,1,1,66.672935,17.373554,0.06649593431122448,0.09601203762755102
x7u69zsw,BSE,1,2,63.18736,14.866726,0.09683414381377552,0.044602997448979595
x7u69zsw,BSE,1,3,79.87667,25.910797,0.08117426658163265,0.37215999681122447
x7u69zsw,BSE,1,4,63.888214,18.380274,0.1258121412627551,0.07679966517857142
x7u69zsw,BSE,1,5,61.288937,12.300475,0.08657525510204081,0.017129703443877552
x7u69zsw,BSE,1,6,65.10559,18.389938,0.10632075095663265,0.09463687818877552
x7u69zsw,BSE,1,7,62.660778,15.764922,0.1074966119260204,0.05129942602040816
x7u69zsw,BSE,1,8,61.11989,12.397536,0.09946488360969388,0.021040935905612245
x7u69zsw,BSE,1,9,61.98831,13.3838,0.0944076849489796,0.03144929846938776
x7u69zsw,BSE,1,10,64.55839,17.325743,0.11605149872448979,0.07840401785714286
x7u69zsw,BSE,1,11,61.461967,14.381777,0.12027662627551021,0.03233119419642857
x7u69zsw,BSE,1,12,61.996105,16.033632,0.13356983418367346,0.04471759406887755
x7u69zsw,BSE,1,13,67.08575,16.92171,0.06861846301020408,0.09993821747448979
x7u69zsw,BSE,1,14,64.80372,15.023341,0.06370077327806123,0.06007852359693878
x7u69zsw,BSE,2,0,65.37808,13.184395,0.05306819993622449,0.04607780612244898
x7u69zsw,BSE,2,1,63.64222,13.225652,0.07421376753826531,0.037672393176020405
x7u69zsw,BSE,2,2,63.915413,12.293333,0.04954559948979592,0.03160375478316327
x7u69zsw,BSE,2,3,62.522873,13.704788,0.09653519610969388,0.03439891581632653
x7u69zsw,BSE,2,4,59.768772,13.297334,0.13709243463010204,0.011454679528061224
x7u69zsw,BSE,2,5,68.75083,18.966547,0.06795579559948979,0.13409797512755103
x7u69zsw,BSE,2,6,66.75686,19.294584,0.11306202168367346,0.13483537946428573
x7u69zsw,BSE,2,7,66.27677,18.691582,0.10864756058673469,0.11192103794642858
x7u69zsw,BSE,2,8,61.73154,12.587958,0.08305763711734694,0.0218929368622449
x7u69zsw,BSE,2,9,68.64618,20.089153,0.0843979193239796,0.1430713887117347
x7u69zsw,BSE,2,10,59.412937,14.248698,0.14750079719387754,0.014439174107142858
x7u69zsw,BSE,2,11,65.29145,16.02775,0.07433832908163265,0.0758480149872449
x7u69zsw,BSE,2,12,62.499805,17.737423,0.14991230867346939,0.06423389668367346
x7u69zsw,BSE,2,13,62.374718,15.607346,0.09998804209183673,0.05068658322704082
x7u69zsw,BSE,2,14,61.85523,17.359991,0.14857202646683673,0.06609235491071429
x7u69zsw,BSE,3,0,71.115295,22.791117,0.09771105707908163,0.2062390385841837
x7u69zsw,BSE,3,1,73.496,22.853113,0.08047672193877552,0.2278728874362245
x7u69zsw,BSE,3,2,69.23291,16.859665,0.05468251753826531,0.10912089445153061
x7u69zsw,BSE,3,3,64.18676,14.520503,0.08369539221938775,0.055609255420918366
x7u69zsw,BSE,3,4,60.509617,11.9754715,0.10663962850765306,0.011763592155612245
x7u69zsw,BSE,3,5,63.96279,15.404318,0.10552355707908163,0.05844427614795918
x7u69zsw,BSE,3,6,67.940765,17.37884,0.08358079559948979,0.11990294164540816
x7u69zsw,BSE,3,7,64.463326,13.210919,0.049705038265306124,0.04559450733418367
x7u69zsw,BSE,3,8,62.682068,15.045564,0.12682358099489796,0.04167829241071429
x7u69zsw,BSE,3,9,61.256744,12.918358,0.106689453125,0.015012157206632654
x7u69zsw,BSE,3,10,60.05228,15.072892,0.16311583227040816,0.02455855389030612
x7u69zsw,BSE,3,11,74.62191,23.078545,0.08491111288265306,0.27958585778061223
x7u69zsw,BSE,3,12,68.12007,19.162195,0.08375518176020408,0.13238899075255103
x7u69zsw,BSE,3,13,69.23471,22.672075,0.11941466039540816,0.1914660395408163
x7u69zsw,BSE,3,14,72.18292,23.724026,0.09013273278061225,0.2404834980867347
x7u69zsw,ETD,0,0,80.78604,30.200468,0.08616669323979592,0.11879185267857142
x7u69zsw,ETD,0,1,80.576866,26.703556,0.06261957908163265,0.10885184151785714
x7u69zsw,ETD,0,2,73.74763,26.64489,0.1153987962372449,0.059714803890306124
x7u69zsw,ETD,0,3,76.190834,30.993423,0.13187081473214285,0.10576769770408163
x7u69zsw,ETD,0,4,69.99019,19.079517,0.10110411352040816,0.013188576211734694
x7u69zsw,ETD,0,5,73.52149,24.710148,0.10751155931122448,0.05317283163265306
x7u69zsw,ETD,0,6,76.35429,27.10461,0.0852798150510204,0.0742984693877551
x7u69zsw,ETD,0,7,81.955475,36.605034,0.15325055803571427,0.1973503268494898
x7u69zsw,ETD,0,8,76.28011,33.76248,0.1704051737882653,0.12213508450255102
x7u69zsw,ETD,0,9,90.769066,36.976334,0.13005221619897958,0.28696986607142855
x7u69zsw,ETD,0,10,73.24921,22.298384,0.0704769212372449,0.04070671237244898
x7u69zsw,ETD,0,11,67.29734,28.649319,0.21511280293367346,0.050193319515306124
x7u69zsw,ETD,0,12,75.76669,24.029459,0.0816177056760204,0.06684968909438775
x7u69zsw,ETD,0,13,77.148254,23.989954,0.06908183195153061,0.08598732461734694
x7u69zsw,ETD,0,14,75.0416,24.414806,0.08370037468112244,0.05699936224489796
x7u69zsw,ETD,1,0,85.8579,31.221941,0.07716836734693877,0.20722556600765307
x7u69zsw,ETD,1,1,80.06005,24.22711,0.05835459183673469,0.09469666772959184
x7u69zsw,ETD,1,2,76.30871,25.743053,0.09015266262755102,0.0721908880739796
x7u69zsw,ETD,1,3,92.92984,31.971613,0.08172731983418367,0.29757752710459184
x7u69zsw,ETD,1,4,77.73724,29.399054,0.11362005739795919,0.09891681281887756
x7u69zsw,ETD,1,5,72.8779,20.808155,0.07744738520408163,0.03693498883928571
x7u69zsw,ETD,1,6,75.67718,26.266634,0.10989815848214286,0.08473174426020408
x7u69zsw,ETD,1,7,76.107086,27.435005,0.11731704400510204,0.07866310586734694
x7u69zsw,ETD,1,8,72.01654,22.40247,0.10855289381377552,0.03457828443877551
x7u69zsw,ETD,1,9,73.16674,23.748047,0.10523955676020408,0.04649633290816327
x7u69zsw,ETD,1,10,75.289604,28.569141,0.12985291772959184,0.09598214285714286
x7u69zsw,ETD,1,11,70.758575,27.23936,0.15393813775510204,0.05726841517857143
x7u69zsw,ETD,1,12,72.87192,26.944786,0.12748126594387754,0.06600765306122448
x7u69zsw,ETD,1,13,80.08224,26.621552,0.06899214764030612,0.10494559151785714
x7u69zsw,ETD,1,14,76.39106,24.351765,0.06835439253826531,0.07228555484693877
x7u69zsw,ETD,2,0,81.41476,26.86813,0.054164341517857144,0.09972895408163265
x7u69zsw,ETD,2,1,78.11085,25.052237,0.07109474649234694,0.07449776785714286
x7u69zsw,ETD,2,2,78.798004,20.666866,0.042844188456632654,0.055539500956632654
x7u69zsw,ETD,2,3,73.61425,24.096184,0.10013253348214286,0.05489178093112245
x7u69zsw,ETD,2,4,71.54677,24.763506,0.1346161511479592,0.039675342793367346
x7u69zsw,ETD,2,5,82.21457,27.041496,0.06944056919642858,0.12195073341836735
x7u69zsw,ETD,2,6,75.97548,27.416492,0.11927515146683673,0.08263911033163265
x7u69zsw,ETD,2,7,80.07037,30.805975,0.11400868941326531,0.12503487723214285
x7u69zsw,ETD,2,8,74.36404,23.069818,0.08404416454081633,0.04867366868622449
x7u69zsw,ETD,2,9,80.80419,28.697088,0.08426339285714286,0.1304308832908163
x7u69zsw,ETD,2,10,71.98195,25.04339,0.13961854272959184,0.03668088329081633
x7u69zsw,ETD,2,11,77.446365,23.64116,0.06610730229591837,0.06367586096938775
x7u69zsw,ETD,2,12,74.46879,32.372402,0.1682726801658163,0.10292769451530612
x7u69zsw,ETD,2,13,73.89417,22.666777,0.08670978156887756,0.04511619100765306
x7u69zsw,ETD,2,14,71.212776,27.496809,0.17031050701530612,0.06506596779336735
x7u69zsw,ETD,3,0,80.34417,29.052696,0.11080496651785714,0.14373405612244897
x7u69zsw,ETD,3,1,86.036285,32.452354,0.10756636639030612,0.21543168048469388
x7u69zsw,ETD,3,2,83.42597,27.36577,0.055320272640306124,0.12233438297193877
x7u69zsw,ETD,3,3,71.93856,23.98553,0.12766561702806123,0.045464963329081634
x7u69zsw,ETD,3,4,70.1119,22.628473,0.12912547831632654,0.027308872767857144
x7u69zsw,ETD,3,5,75.6259,29.454754,0.13986268335459184,0.07789082429846939
x7u69zsw,ETD,3,6,77.522354,27.942513,0.10733717315051021,0.08862802933673469
x7u69zsw,ETD,3,7,77.68824,22.392483,0.04723373724489796,0.06751235650510204
x7u69zsw,ETD,3,8,73.38331,30.07744,0.15442143654336735,0.0772231744260204
x7u69zsw,ETD,3,9,73.21175,22.603306,0.10103435905612244,0.033656529017857144
x7u69zsw,ETD,3,10,70.79405,28.72357,0.18047472895408162,0.05658083545918367
x7u69zsw,ETD,3,11,84.44872,29.144035,0.09820432079081633,0.14229910714285715
x7u69zsw,ETD,3,12,77.58916,26.971848,0.09903140943877552,0.08888213488520408
x7u69zsw,ETD,3,13,82.850746,31.458872,0.12122827646683673,0.1649792729591837
x7u69zsw,ETD,3,14,85.12611,32.09892,0.09100466358418367,0.22303491709183673
x7u69zsw,Inlens,0,0,73.78802,43.41171,0.05617725605867347,0.097900390625
x7u69zsw,Inlens,0,1,73.102036,45.090767,0.057208625637755105,0.10654994419642858
x7u69zsw,Inlens,0,2,68.14622,47.353306,0.10299246651785714,0.10957928093112244
x7u69zsw,Inlens,0,3,70.73088,39.585262,0.08944017059948979,0.07035235969387756
x7u69zsw,Inlens,0,4,48.062286,28.19955,0.17247289540816327,0.028479751275510203
x7u69zsw,Inlens,0,5,72.6537,47.46741,0.06926618303571429,0.11356525031887756
x7u69zsw,Inlens,0,6,69.73515,44.127735,0.07141860650510204,0.09798509247448979
x7u69zsw,Inlens,0,7,87.88232,47.865887,0.05347177933673469,0.14913504464285715
x7u69zsw,Inlens,0,8,91.31528,52.642406,0.058050661670918366,0.19394730548469388
x7u69zsw,Inlens,0,9,95.950386,42.337627,0.021608936543367346,0.14644451530612246
x7u69zsw,Inlens,0,10,65.066345,46.79668,0.07192183514030612,0.10595204878826531
x7u69zsw,Inlens,0,11,62.48688,34.391384,0.08559371014030612,0.045644331951530615
x7u69zsw,Inlens,0,12,68.91002,44.647617,0.07802036830357142,0.09714305644132654
x7u69zsw,Inlens,0,13,67.272026,41.206905,0.07775629783163265,0.07296316964285714
x7u69zsw,Inlens,0,14,71.11927,46.705894,0.06499621332908163,0.12363978794642858
x7u69zsw,Inlens,1,0,80.05067,41.76541,0.0409309231505102,0.10140306122448979
x7u69zsw,Inlens,1,1,71.23027,46.936073,0.05058693399234694,0.109619140625
x7u69zsw,Inlens,1,2,70.29211,43.445015,0.06259466677295919,0.10184650031887756
x7u69zsw,Inlens,1,3,84.160515,37.77713,0.029202208227040817,0.08179707429846939
x7u69zsw,Inlens,1,4,66.539345,38.519592,0.10357043207908163,0.06595284598214286
x7u69zsw,Inlens,1,5,59.67197,39.2549,0.09396922831632654,0.07106983418367346
x7u69zsw,Inlens,1,6,68.237785,40.479813,0.07786591198979592,0.06731804049744898
x7u69zsw,Inlens,1,7,64.51915,41.81273,0.08800522161989796,0.08281349649234694
x7u69zsw,Inlens,1,8,61.43325,39.618713,0.08124900350765306,0.07974928252551021
x7u69zsw,Inlens,1,9,62.55496,39.50905,0.08597237723214286,0.07301299426020408
x7u69zsw,Inlens,1,10,76.44406,45.19862,0.05450314891581633,0.11964883609693877
x7u69zsw,Inlens,1,11,65.73062,40.768867,0.08635602678571429,0.08538444674744898
x7u69zsw,Inlens,1,12,71.62945,46.425243,0.07102000956632654,0.11356026785714286
x7u69zsw,Inlens,1,13,76.17988,45.22123,0.039939413265306124,0.11502511160714286
x7u69zsw,Inlens,1,14,72.42483,51.122684,0.06934590242346939,0.13928970025510204
x7u69zsw,Inlens,2,0,74.80223,46.69056,0.05712392378826531,0.13138751594387754
x7u69zsw,Inlens,2,1,65.43134,41.52947,0.06992386798469388,0.08406907684948979
x7u69zsw,Inlens,2,2,63.36263,38.532475,0.06142877072704082,0.06994379783163265
x7u69zsw,Inlens,2,3,62.880154,37.408913,0.08342633928571429,0.060113400829081634
x7u69zsw,Inlens,2,4,62.833656,42.177742,0.0983139349489796,0.08889209980867346
x7u69zsw,Inlens,2,5,80.74195,46.97732,0.03977499202806122,0.13176618303571427
x7u69zsw,Inlens,2,6,71.068886,41.63447,0.07859833386479592,0.0930972975127551
x7u69zsw,Inlens,2,7,82.39449,49.440544,0.05093072385204082,0.1339485012755102
x7u69zsw,Inlens,2,8,61.397545,40.288597,0.07886738679846939,0.07698899872448979
x7u69zsw,Inlens,2,9,77.278885,43.166134,0.05503627232142857,0.10276825573979592
x7u69zsw,Inlens,2,10,59.33802,38.456387,0.09868761957908163,0.06293347417091837
x7u69zsw,Inlens,2,11,71.734,45.793255,0.06505600286989796,0.10935008769132654
x7u69zsw,Inlens,2,12,78.13104,48.92392,0.06426877391581633,0.1373614875637755
x7u69zsw,Inlens,2,13,58.940792,38.438313,0.09695372289540816,0.062330596301020405
x7u69zsw,Inlens,2,14,62.15334,38.723385,0.09090999681122448,0.06660554846938775
x7u69zsw,Inlens,3,0,79.31789,40.62401,0.04868861607142857,0.09393435108418367
x7u69zsw,Inlens,3,1,82.83207,36.351475,0.037029655612244895,0.07648078762755102
x7u69zsw,Inlens,3,2,86.58543,42.544567,0.026093152104591837,0.11953922193877552
x7u69zsw,Inlens,3,3,67.340294,37.91929,0.05996392697704082,0.06527024872448979
x7u69zsw,Inlens,3,4,57.7313,35.87993,0.07879763233418367,0.0514289700255102
x7u69zsw,Inlens,3,5,80.755135,50.08572,0.03732362085459184,0.15043048469387754
x7u69zsw,Inlens,3,6,82.052574,44.711582,0.048329878826530615,0.12766063456632654
x7u69zsw,Inlens,3,7,65.685265,44.122513,0.06863839285714286,0.09323680644132654
x7u69zsw,Inlens,3,8,69.13162,38.952797,0.06827467315051021,0.07486148756377552
x7u69zsw,Inlens,3,9,63.20193,42.02497,0.08817462531887756,0.08464704241071429
x7u69zsw,Inlens,3,10,73.18989,51.20556,0.07969945790816327,0.14543307557397958
x7u69zsw,Inlens,3,11,83.65278,39.574688,0.02806122448979592,0.08077068718112244
x7u69zsw,Inlens,3,12,75.84361,37.60974,0.06043227838010204,0.06602758290816327
x7u69zsw,Inlens,3,13,73.65802,37.86678,0.04283422353316327,0.06552933673469388
x7u69zsw,Inlens,3,14,68.314865,32.25823,0.06904197225765306,0.03419961734693878
xgj4xftb,BSE,0,0,60.44457,24.241205,0.11203065210459184,0.10252909757653061
xgj4xftb,BSE,0,1,57.019283,23.044556,0.17433633609693877,0.08991350446428571
xgj4xftb,BSE,0,2,64.40162,24.993652,0.10386439732142858,0.15548270089285715
xgj4xftb,BSE,0,3,76.09649,32.10205,0.06729312818877552,0.32212611607142855
xgj4xftb,BSE,0,4,73.53067,29.59115,0.04667071906887755,0.26584921077806123
xgj4xftb,BSE,0,5,68.330055,30.855606,0.07632633131377552,0.21089265784438777
xgj4xftb,BSE,0,6,56.040516,16.210133,0.05814532844387755,0.022894411670918366
xgj4xftb,BSE,0,7,58.19719,16.583088,0.0730727838010204,0.04952068718112245
xgj4xftb,BSE,0,8,64.30343,25.879108,0.09893176020408163,0.16174565529336735
xgj4xftb,BSE,0,9,67.093506,30.036453,0.11239437181122448,0.2119937818877551
xgj4xftb,BSE,0,10,57.212128,24.79125,0.16280193718112246,0.08727279974489796
xgj4xftb,BSE,0,11,68.264305,39.532944,0.23546615911989796,0.3074527662627551
xgj4xftb,BSE,0,12,53.85211,20.617613,0.1796924824617347,0.04887794961734694
xgj4xftb,BSE,0,13,57.013214,17.185823,0.093505859375,0.04541513871173469
xgj4xftb,BSE,0,14,60.17702,20.2323,0.07225067761479592,0.08529476243622448
xgj4xftb,BSE,1,0,57.56837,16.484428,0.05756736288265306,0.03798130580357143
xgj4xftb,BSE,1,1,60.083534,17.146528,0.07784598214285714,0.06183733258928571
xgj4xftb,BSE,1,2,52.750473,17.764595,0.1394092793367347,0.01987503985969388
xgj4xftb,BSE,1,3,69.77338,31.14144,0.07974430006377552,0.2386100924744898
xgj4xftb,BSE,1,4,57.25921,17.019001,0.08608199139030612,0.040447624362244895
xgj4xftb,BSE,1,5,63.79022,24.27615,0.08265405771683673,0.13593152104591838
xgj4xftb,BSE,1,6,62.029545,20.43153,0.0569694674744898,0.09620137117346939
xgj4xftb,BSE,1,7,61.36289,19.158707,0.06523537149234694,0.08578304368622448
xgj4xftb,BSE,1,8,58.88456,17.849995,0.0580207669005102,0.05814532844387755
xgj4xftb,BSE,1,9,59.986275,28.202726,0.16506397480867346,0.13449158960459184
xgj4xftb,BSE,1,10,68.80984,32.890594,0.11474111128826531,0.23295001594387754
xgj4xftb,BSE,1,11,63.90241,28.13672,0.10436762595663265,0.16216418207908162
xgj4xftb,BSE,1,12,58.975277,19.698303,0.08267897002551021,0.07107481664540816
xgj4xftb,BSE,1,13,55.921177,14.747935,0.06757712850765306,0.024458904655612245
xgj4xftb,BSE,1,14,58.472702,20.365282,0.09595723054846939,0.07586296237244898
xgj4xftb,BSE,2,0,56.0827,20.066475,0.12960877710459184,0.05552455357142857
xgj4xftb,BSE,2,1,56.6792,13.834005,0.04691984215561224,0.022944236288265307
xgj4xftb,BSE,2,2,56.51371,16.129278,0.08152303890306123,0.03144929846938776
xgj4xftb,BSE,2,3,69.13692,30.638786,0.08963448660714286,0.23303970025510204
xgj4xftb,BSE,2,4,60.3922,17.876411,0.0684390943877551,0.0716129225127551
xgj4xftb,BSE,2,5,57.438984,17.557365,0.08652044802295919,0.04506138392857143
xgj4xftb,BSE,2,6,58.4958,19.052755,0.11124342315051021,0.059316206951530615
xgj4xftb,BSE,2,7,54.558006,18.58141,0.12038624043367346,0.031927614795918366
xgj4xftb,BSE,2,8,54.328487,15.206956,0.09824916294642858,0.01788703762755102
xgj4xftb,BSE,2,9,56.296303,16.410355,0.09598214285714286,0.03591856664540816
xgj4xftb,BSE,2,10,59.724712,14.675454,0.03524593431122449,0.04763731664540816
xgj4xftb,BSE,2,11,58.562733,16.501455,0.051678093112244895,0.04570412149234694
xgj4xftb,BSE,2,12,55.675293,17.831783,0.10360032684948979,0.04005899234693878
xgj4xftb,BSE,2,13,57.682503,16.938978,0.0803970025510204,0.05076630261479592
xgj4xftb,BSE,2,14,56.381332,29.61561,0.227783203125,0.1294891980229592
xgj4xftb,ETD,0,0,68.3046,41.31747,0.11162707270408163,0.12920021524234693
xgj4xftb,ETD,0,1,67.780785,43.304836,0.18478455835459184,0.11101422991071429
xgj4xftb,ETD,0,2,73.65868,41.883244,0.11183633609693877,0.14499461894132654
xgj4xftb,ETD,0,3,87.50841,37.90951,0.06179249043367347,0.26846500318877553
xgj4xftb,ETD,0,4,86.564095,37.54017,0.04176299426020408,0.250553053252551
xgj4xftb,ETD,0,5,78.05987,35.559666,0.07656548947704081,0.18178013392857142
xgj4xftb,ETD,0,6,67.986015,22.120506,0.04860889668367347,0.02820571588010204
xgj4xftb,ETD,0,7,70.93643,30.890554,0.07143853635204081,0.06589305644132654
xgj4xftb,ETD,0,8,76.9919,37.985302,0.0989566725127551,0.14614058514030612
xgj4xftb,ETD,0,9,79.71481,43.25175,0.12108378507653061,0.2194226323341837
xgj4xftb,ETD,0,10,64.820946,39.184803,0.17331991390306123,0.0994449537627551
xgj4xftb,ETD,0,11,76.58195,50.925884,0.2413753587372449,0.2616639429209184
xgj4xftb,ETD,0,12,56.73079,33.877396,0.22807218590561223,0.03929169323979592
xgj4xftb,ETD,0,13,62.797085,30.081015,0.12393375318877552,0.040607063137755105
xgj4xftb,ETD,0,14,67.73037,31.34802,0.10507513552295919,0.06850386639030612
xgj4xftb,ETD,1,0,71.53202,25.40705,0.04367127710459184,0.04702945631377551
xgj4xftb,ETD,1,1,70.61665,36.302483,0.07790078922193877,0.09287308673469388
xgj4xftb,ETD,1,2,65.54524,31.044939,0.13633510044642858,0.042844188456632654
xgj4xftb,ETD,1,3,81.25032,34.99682,0.07403439891581633,0.18507354113520408
xgj4xftb,ETD,1,4,65.34074,30.897343,0.07994359853316327,0.04488201530612245
xgj4xftb,ETD,1,5,75.780426,39.94791,0.0928531568877551,0.15590122767857142
xgj4xftb,ETD,1,6,74.04251,31.383474,0.05699936224489796,0.09132852359693877
xgj4xftb,ETD,1,7,74.22479,31.97433,0.06149852519132653,0.09052136479591837
xgj4xftb,ETD,1,8,72.58598,30.254168,0.054164341517857144,0.07800043845663265
xgj4xftb,ETD,1,9,68.810326,43.924213,0.16606544961734693,0.12754105548469388
xgj4xftb,ETD,1,10,80.32652,42.63262,0.11370974170918367,0.22937260841836735
xgj4xftb,ETD,1,11,73.35207,36.230366,0.09814453125,0.13113341039540816
xgj4xftb,ETD,1,12,70.22472,31.963133,0.07974430006377552,0.07829938616071429
xgj4xftb,ETD,1,13,65.97991,24.448158,0.07593271683673469,0.026088169642857144
xgj4xftb,ETD,1,14,71.00513,35.022476,0.10128846460459184,0.09130859375
xgj4xftb,ETD,2,0,66.464485,37.36147,0.15395308514030612,0.08076570471938775
xgj4xftb,ETD,2,1,69.05636,21.616209,0.03508649553571429,0.029177295918367346
xgj4xftb,ETD,2,2,69.99166,30.28062,0.07320232780612244,0.0501335299744898
xgj4xftb,ETD,2,3,78.584656,37.462593,0.08846360809948979,0.19178989955357142
xgj4xftb,ETD,2,4,71.99103,32.16757,0.06646603954081633,0.07571348852040816
xgj4xftb,ETD,2,5,72.78497,34.274986,0.08217075892857142,0.07530990911989796
xgj4xftb,ETD,2,6,69.17638,40.510002,0.1349150988520408,0.0992855149872449
xgj4xftb,ETD,2,7,66.43124,30.98137,0.11548848054846939,0.04613759566326531
xgj4xftb,ETD,2,8,64.7545,27.991806,0.10206074617346939,0.031000876913265307
xgj4xftb,ETD,2,9,66.56597,30.974684,0.1049007493622449,0.053078164859693876
xgj4xftb,ETD,2,10,71.45768,27.273508,0.03538046077806122,0.0574577487244898
xgj4xftb,ETD,2,11,71.864235,25.111473,0.04119001116071429,0.050746372767857144
xgj4xftb,ETD,2,12,67.09534,28.287724,0.09009287308673469,0.04381078603316327
xgj4xftb,ETD,2,13,69.90278,30.454643,0.06513572225765306,0.06342673788265306
xgj4xftb,ETD,2,14,59.5144,42.355072,0.22828643176020408,0.10642538265306123
xgj4xftb,Inlens,0,0,110.94908,54.332275,0.04302853954081633,0.03932158801020408
xgj4xftb,Inlens,0,1,128.5106,65.1409,0.03280452806122449,0.11546855070153061
xgj4xftb,Inlens,0,2,137.0368,63.352352,0.0205875318877551,0.12325115593112244
xgj4xftb,Inlens,0,3,132.27296,62.720306,0.03110550860969388,0.11671914859693877
xgj4xftb,Inlens,0,4,131.60666,62.99184,0.013906050701530613,0.12708266900510204
xgj4xftb,Inlens,0,5,103.828835,56.94984,0.055120974170918366,0.05368104272959184
xgj4xftb,Inlens,0,6,75.29941,49.034084,0.12446189413265306,0.04380580357142857
xgj4xftb,Inlens,0,7,107.66305,72.57786,0.07255959024234694,0.1398875956632653
xgj4xftb,Inlens,0,8,124.25603,64.36034,0.04576889349489796,0.09793526785714286
xgj4xftb,Inlens,0,9,127.76455,67.68675,0.04285913584183673,0.13517916932397958
xgj4xftb,Inlens,0,10,126.84342,74.923195,0.0642837213010204,0.16296137595663265
xgj4xftb,Inlens,0,11,137.36255,67.52294,0.09212571747448979,0.1455875318877551
xgj4xftb,Inlens,0,12,100.30632,55.142937,0.06406449298469388,0.046506297831632654
xgj4xftb,Inlens,0,13,97.85772,61.54115,0.10605169802295919,0.06393993144132654
xgj4xftb,Inlens,0,14,104.91566,64.6738,0.08297791772959184,0.08960957429846939
xgj4xftb,Inlens,1,0,88.40521,54.931335,0.08437300701530612,0.051169882015306124
xgj4xftb,Inlens,1,1,117.17933,59.226612,0.048972616390306124,0.05506118463010204
xgj4xftb,Inlens,1,2,85.2161,49.16459,0.09941007653061225,0.025873923788265307
xgj4xftb,Inlens,1,3,105.47623,50.991238,0.05570392219387755,0.03471281090561224
xgj4xftb,Inlens,1,4,118.59072,74.845146,0.08156788105867346,0.1455028300382653
xgj4xftb,Inlens,1,5,141.7754,77.58029,0.03599828603316327,0.22492825255102042
xgj4xftb,Inlens,1,6,118.92352,73.92668,0.041748046875,0.1579639668367347
xgj4xftb,Inlens,1,7,125.86925,75.0639,0.026436941964285716,0.1766681281887755
xgj4xftb,Inlens,1,8,100.83785,64.987724,0.0658432318239796,0.09011778539540816
xgj4xftb,Inlens,1,9,128.71423,68.82404,0.10483099489795919,0.10205576371173469
xgj4xftb,Inlens,1,10,122.55927,64.2513,0.05994399713010204,0.08241489955357142
xgj4xftb,Inlens,1,11,117.49795,68.292145,0.06495137117346939,0.11704300860969388
xgj4xftb,Inlens,1,12,107.15446,66.02538,0.05942083864795918,0.09989337531887756
xgj4xftb,Inlens,1,13,83.951454,54.36013,0.1031967474489796,0.052809111926020405
xgj4xftb,Inlens,1,14,113.18405,72.43903,0.06398477359693877,0.13920001594387754
xgj4xftb,Inlens,2,0,114.82203,67.161514,0.05641641422193878,0.11201072225765306
xgj4xftb,Inlens,2,1,82.110916,53.576225,0.08810487085459184,0.05528539540816327
xgj4xftb,Inlens,2,2,99.88014,63.069263,0.06918646364795919,0.07685945471938775
xgj4xftb,Inlens,2,3,125.45444,62.836536,0.04949577487244898,0.10412846779336735
xgj4xftb,Inlens,2,4,119.9485,73.361305,0.0508659518494898,0.14862683354591838
xgj4xftb,Inlens,2,5,100.29359,62.8257,0.08703862404336735,0.07330695950255102
xgj4xftb,Inlens,2,6,118.9032,59.950153,0.05939592633928571,0.06045220822704082
xgj4xftb,Inlens,2,7,95.32575,64.17829,0.10304727359693877,0.08150310905612244
xgj4xftb,Inlens,2,8,90.06134,59.651405,0.08554886798469388,0.06898218271683673
xgj4xftb,Inlens,2,9,101.64656,61.93941,0.05146384725765306,0.08359076052295919
xgj4xftb,Inlens,2,10,103.43284,66.94642,0.05196209343112245,0.10172193877551021
xgj4xftb,Inlens,2,11,96.94081,63.463448,0.06569874043367346,0.09139827806122448
xgj4xftb,Inlens,2,12,91.10647,59.001137,0.09498565051020408,0.07042709661989796
xgj4xftb,Inlens,2,13,108.956696,70.31358,0.054119499362244895,0.12845782844387754
xgj4xftb,Inlens,2,14,131.05331,76.27857,0.1105209661989796,0.16351941167091838
